epoch,total_loss,loss_PDE,loss_Dirichlet,loss_Neumann
1,18.22734832763672,0.004022566601634026,0.01818712241947651,0.0
2,8.43101978302002,0.010556885972619057,0.00832545105367899,0.0
3,2.737962007522583,0.022786760702729225,0.002510094316676259,0.0
4,0.5386996269226074,0.03766343742609024,0.00016206526197493076,0.0
5,0.8347955942153931,0.048253338783979416,0.00035226219915784895,0.0
6,2.2606170177459717,0.051383692771196365,0.0017467800062149763,0.0
7,3.49922513961792,0.048772525042295456,0.003011499997228384,0.0
8,3.893923044204712,0.042534250766038895,0.0034685805439949036,0.0
9,3.4678573608398438,0.03413569927215576,0.0031265004072338343,0.0
10,2.556964635848999,0.025072233751416206,0.0023062422405928373,0.0
11,1.535093903541565,0.016808951273560524,0.0013670043554157019,0.0
12,0.6888682842254639,0.010312321595847607,0.0005857450887560844,0.0
13,0.17751243710517883,0.0058296602219343185,0.00011921583791263402,0.0
14,0.03405022621154785,0.003070287872105837,3.3473475014034193e-06,0.0
15,0.18751174211502075,0.0015358891105279326,0.00017215285333804786,0.0
16,0.49952974915504456,0.0007595081115141511,0.0004919346538372338,0.0
17,0.8140501976013184,0.00040109961992129683,0.0008100392296910286,0.0
18,1.0102097988128662,0.00025193538749590516,0.0010076904436573386,0.0
19,1.0348374843597412,0.00020282299374230206,0.0010328092612326145,0.0
20,0.9019449353218079,0.00020716118160635233,0.0008998733246698976,0.0
21,0.6697576642036438,0.0002523151633795351,0.0006672345334663987,0.0
22,0.41184002161026,0.0003404758172109723,0.000408435269491747,0.0
23,0.1930415779352188,0.00047558374353684485,0.00018828573229257017,0.0
24,0.05457579344511032,0.0006544709322042763,4.8031084588728845e-05,0.0
25,0.008750177919864655,0.0008627594797872007,1.225830459361532e-07,0.0
26,0.04184707999229431,0.0010762516176328063,3.108456439804286e-05,0.0
27,0.12270447611808777,0.0012667067348957062,0.00011003740655723959,0.0
28,0.21403361856937408,0.001409028423950076,0.00019994332978967577,0.0
29,0.28335145115852356,0.0014868194703012705,0.0002684832434169948,0.0
30,0.3107753098011017,0.001494747120887041,0.00029582783463411033,0.0
31,0.2920408546924591,0.0014378979103639722,0.00027766189305111766,0.0
32,0.23669415712356567,0.0013292174553498626,0.0002234019775642082,0.0
33,0.16286993026733398,0.0011861600214615464,0.00015100832388270646,0.0
34,0.09075628221035004,0.0010273222578689456,8.048305608099326e-05,0.0
35,0.036755286157131195,0.0008695582509972155,2.8059705073246732e-05,0.0
36,0.009713619016110897,0.0007259106496348977,2.4545129235775676e-06,0.0
37,0.009814727120101452,0.0006046121125109494,3.7686058931285515e-06,0.0
38,0.02995976433157921,0.0005091996863484383,2.4867767933756113e-05,0.0
39,0.058897968381643295,0.000439532712334767,5.450264143291861e-05,0.0
40,0.08501280099153519,0.0003932436229661107,8.108036126941442e-05,0.0
41,0.09963162243366241,0.0003671194426715374,9.596042946213856e-05,0.0
42,0.09899231791496277,0.00035803712671622634,9.541194594930857e-05,0.0
43,0.0845053419470787,0.00036332206218503416,8.087211608653888e-05,0.0
44,0.06148654967546463,0.0003806101158261299,5.7680445024743676e-05,0.0
45,0.03696814551949501,0.00040743578574620187,3.289378946647048e-05,0.0
46,0.01736406236886978,0.00044081691885367036,1.2955892998434138e-05,0.0
47,0.0066733649000525475,0.0004770727246068418,1.9026377913178294e-06,0.0
48,0.005667819641530514,0.0005119892884977162,5.479267883856664e-07,0.0
49,0.012153202667832375,0.0005413105245679617,6.740096978319343e-06,0.0
50,0.022084657102823257,0.0005613848916254938,1.6470808986923657e-05,0.0
51,0.031086286529898643,0.0005697582382708788,2.5388704671058804e-05,0.0
52,0.03585353493690491,0.0005655379500240088,3.019815449079033e-05,0.0
53,0.035019390285015106,0.0005494458018802106,2.9524933779612184e-05,0.0
54,0.029275787994265556,0.0005235704011283815,2.4040084099397063e-05,0.0
55,0.020820990204811096,0.0004909139825031161,1.591185173310805e-05,0.0
56,0.012407148256897926,0.00045484810834750533,7.858666322135832e-06,0.0
57,0.00635557621717453,0.00041859064367599785,2.1696694147976814e-06,0.0
58,0.0038643295411020517,0.000384808168746531,1.6247918566136832e-08,0.0
59,0.004791332874447107,0.00035538978409022093,1.2374349580568378e-06,0.0
60,0.007912877015769482,0.00033140458981506526,4.598830855684355e-06,0.0
61,0.01150253415107727,0.00031320503330789506,8.370483556063846e-06,0.0
62,0.013990172185003757,0.0003006054030265659,1.0984118489432149e-05,0.0
63,0.014467483386397362,0.00029306698706932366,1.1536812962731346e-05,0.0
64,0.012891008518636227,0.00028983864467591047,9.99262192635797e-06,0.0
65,0.009957101196050644,0.0002900396357290447,7.0567043621849734e-06,0.0
66,0.0067398156970739365,0.00029269809601828456,3.8128348478494445e-06,0.0
67,0.004251592792570591,0.0002967765321955085,1.2838272596127354e-06,0.0
68,0.003093789331614971,0.0003012148372363299,8.164096954033084e-08,0.0
69,0.0033054673112928867,0.0003050059895031154,2.554074001182016e-07,0.0
70,0.004437366500496864,0.0003072936669923365,1.3644297496284707e-06,0.0
71,0.005791990086436272,0.0003074718115385622,2.7172716272616526e-06,0.0
72,0.0067175328731536865,0.0003052542742807418,3.664990344987018e-06,0.0
73,0.006840739399194717,0.00030069556669332087,3.833783921436407e-06,0.0
74,0.0061602215282619,0.00029415544122457504,3.2186671887757257e-06,0.0
75,0.004985949024558067,0.0002862160326912999,2.1237885903246934e-06,0.0
76,0.0037703695707023144,0.0002775707689579576,9.946617183231865e-07,0.0
77,0.0029121306724846363,0.000268912612227723,2.2300460500446206e-07,0.0
78,0.0026117265224456787,0.0002608401991892606,3.3246805308806415e-09,0.0
79,0.002825782634317875,0.00025379928410984576,2.8778978844457015e-07,0.0
80,0.00332363392226398,0.00024806021247059107,8.430318416685623e-07,0.0
81,0.0038078571669757366,0.00024372783082071692,1.3705787296203198e-06,0.0
82,0.004041809588670731,0.000240768029470928,1.6341290347554605e-06,0.0
83,0.0039331065490841866,0.00023904230329208076,1.5426835489051882e-06,0.0
84,0.00354594923555851,0.00023833746672607958,1.1625745628407458e-06,0.0
85,0.0030493636149913073,0.00023839138157200068,6.65449761072523e-07,0.0
86,0.0026311709079891443,0.00023891434830147773,2.420273688130692e-07,0.0
87,0.002417962299659848,0.00023961167607922107,2.1845654174512674e-08,0.0
88,0.002433312823995948,0.00024020843557082117,3.122842784364366e-08,0.0
89,0.002604719251394272,0.00024047584156505764,1.9996089406504325e-07,0.0
90,0.0028094856534153223,0.00024025455059017986,4.069402734785399e-07,0.0
91,0.0029341892804950476,0.0002394703624304384,5.394856543716742e-07,0.0
92,0.0029205051250755787,0.0002381373633397743,5.391313493419148e-07,0.0
93,0.0027807350270450115,0.00023634661920368671,4.17268807950677e-07,0.0
94,0.002580308821052313,0.00023424482787959278,2.3786047620433237e-07,0.0
95,0.0024008271284401417,0.00023200544819701463,8.077259394667635e-08,0.0
96,0.002302026841789484,0.0002298011095263064,4.015872523410735e-09,0.0
97,0.002299465937539935,0.00022777981939725578,2.1667622362997463e-08,0.0
98,0.002365132560953498,0.00022605046979151666,1.0462785837717092e-07,0.0
99,0.002447010250762105,0.00022467660892289132,2.002441874537908e-07,0.0
100,0.0024958772119134665,0.0002236772998003289,2.591041550203954e-07,0.0
101,0.002486638491973281,0.0002230326645076275,2.563118925991148e-07,0.0
102,0.0024251581635326147,0.0002226916840299964,1.9824130959023023e-07,0.0
103,0.0023404485546052456,0.00022258085664361715,1.146398815876637e-07,0.0
104,0.0022674810606986284,0.00022261295816861093,4.135144848760319e-08,0.0
105,0.002230416750535369,0.00022269650071393698,3.451635643969553e-09,0.0
106,0.0022333296947181225,0.00022274584625847638,5.871181318894969e-09,0.0
107,0.0022617739159613848,0.00022268982138484716,3.4875810683843156e-08,0.0
108,0.002292534802109003,0.00022248015739023685,6.773330341047767e-08,0.0
109,0.0023057768121361732,0.00022209546295925975,8.48220551574741e-08,0.0
110,0.0022936512250453234,0.00022154190810397267,7.823230419035099e-08,0.0
111,0.0022618661168962717,0.0002208492805948481,5.337332353860802e-08,0.0
112,0.0022246025037020445,0.0002200642047682777,2.3960376793752403e-08,0.0
113,0.002196430927142501,0.00021924138127360493,4.0170529125305166e-09,0.0
114,0.00218524900265038,0.00021843466674908996,9.021104419026926e-10,0.0
115,0.002189713530242443,0.0002176900889026001,1.281264339070276e-08,0.0
116,0.002201423514634371,0.00021704078244511038,3.101549594930475e-08,0.0
117,0.0022101758513599634,0.00021650486451108009,4.5127304559855475e-08,0.0
118,0.0022091595456004143,0.0002160851436201483,4.830816990875064e-08,0.0
119,0.002197634195908904,0.00021577064762823284,3.9927627426550316e-08,0.0
120,0.0021802480332553387,0.00021553925762418658,2.4855461688844116e-08,0.0
121,0.0021638055332005024,0.00021536166605073959,1.0188977661584886e-08,0.0
122,0.0021535332780331373,0.000215205000131391,1.4834650174933017e-09,0.0
123,0.002150800544768572,0.0002150372019968927,4.283182142295061e-10,0.0
124,0.002153078094124794,0.00021483130694832653,4.765089656189048e-09,0.0
125,0.0021558767184615135,0.00021456813556142151,1.0195371658028307e-08,0.0
126,0.0021553141996264458,0.0002142387820640579,1.2926324899353858e-08,0.0
127,0.002149951411411166,0.00021384470164775848,1.1504398322870202e-08,0.0
128,0.0021410759072750807,0.00021339654631447047,7.110504629537218e-09,0.0
129,0.0021315759513527155,0.00021291156008373946,2.4603823423063886e-09,0.0
130,0.002124185673892498,0.00021241045033093542,8.115637328831582e-11,0.0
131,0.0021201185882091522,0.00021191430278122425,9.75606262443307e-10,0.0
132,0.0021187071688473225,0.00021144089987501502,4.2980508041523535e-09,0.0
133,0.002118075266480446,0.00021100335288792849,8.041806331959833e-09,0.0
134,0.002116307383403182,0.00021060842846054584,1.0223036639445127e-08,0.0
135,0.002112451707944274,0.00021025657770223916,9.885926743891105e-09,0.0
136,0.002106826053932309,0.00020994241640437394,7.4019608220510236e-09,0.0
137,0.0021006474271416664,0.00020965581643395126,4.089151239838884e-09,0.0
138,0.002095217816531658,0.00020938408852089196,1.3769061446566866e-09,0.0
139,0.0020912319887429476,0.0002091135538648814,9.632003528103894e-11,0.0
140,0.0020885132253170013,0.0002088316687149927,1.9656404282031303e-10,0.0
141,0.002086261287331581,0.00020852875604759902,9.738035933182232e-10,0.0
142,0.0020835846662521362,0.00020819912606384605,1.5934745745127543e-09,0.0
143,0.002079989528283477,0.00020784155640285462,1.5738317316049688e-09,0.0
144,0.002075574593618512,0.00020745901565533131,9.84352599431304e-10,0.0
145,0.0020708690863102674,0.00020705809583887458,2.8803151530532034e-10,0.0
146,0.0020664746407419443,0.00020664739713538438,6.916767505971144e-13,0.0
147,0.002062723273411393,0.00020623602904379368,3.628747580197711e-10,0.0
148,0.002059544902294874,0.00020583238801918924,1.2209637745286273e-09,0.0
149,0.0020565781742334366,0.00020544287690427154,2.149536992845924e-09,0.0
150,0.0020534154027700424,0.00020507126464508474,2.70268540880636e-09,0.0
151,0.0020498402882367373,0.0002047182497335598,2.6576529865707244e-09,0.0
152,0.002045899396762252,0.0002043817803496495,2.081515626528585e-09,0.0
153,0.0020418462809175253,0.00020405765098985285,1.2698672113842235e-09,0.0
154,0.0020379512570798397,0.0002037399826804176,5.512903467064234e-10,0.0
155,0.0020343537908047438,0.00020342283823993057,1.2554624007066195e-10,0.0
156,0.00203100498765707,0.0002031004405580461,4.827006849783544e-13,0.0
157,0.0020277302246540785,0.0002027686423389241,4.383462343104938e-11,0.0
158,0.0020243492908775806,0.00020242505706846714,9.880371520942788e-11,0.0
159,0.0020207755733281374,0.00020206935005262494,8.228452641478867e-11,0.0
160,0.002017052611336112,0.00020170313655398786,2.1141047246153732e-11,0.0
161,0.002013303805142641,0.00020132977806497365,6.169447765158598e-12,0.0
162,0.002009646501392126,0.00020095313084311783,1.153078466042956e-10,0.0
163,0.0020061288960278034,0.00020057744404766709,3.543388915616674e-10,0.0
164,0.002002713503316045,0.00020020644296891987,6.491382431583759e-10,0.0
165,0.0019993127789348364,0.00019984271784778684,8.85626738611478e-10,0.0
166,0.0019958510529249907,0.000199487607460469,9.749664409142156e-10,0.0
167,0.0019923036452382803,0.0001991408789763227,8.94796514661067e-10,0.0
168,0.0019887008238583803,0.00019880120817106217,6.88733847731271e-10,0.0
169,0.00198510754853487,0.0001984662958420813,4.4474035565400527e-10,0.0
170,0.0019815685227513313,0.00019813331891782582,2.354813566363134e-10,0.0
171,0.001978094456717372,0.00019779942522291094,1.0019719776099834e-10,0.0
172,0.0019746581092476845,0.00019746230100281537,3.511754081975127e-11,0.0
173,0.0019712175708264112,0.00019712047651410103,1.2849791543312339e-11,0.0
174,0.001967743504792452,0.00019677329692058265,1.0407730233197299e-11,0.0
175,0.001964234746992588,0.000196421256987378,2.2216360695548332e-11,0.0
176,0.0019607138819992542,0.0001960655499715358,5.844949524380638e-11,0.0
177,0.0019572079181671143,0.00019570796575862914,1.282318695672302e-10,0.0
178,0.001953734317794442,0.0001953504979610443,2.294043149886349e-10,0.0
179,0.0019502906361594796,0.00019499506743159145,3.399374670642885e-10,0.0
180,0.0019468588288873434,0.0001946429256349802,4.2959127921626816e-10,0.0
181,0.001943419687449932,0.00019429493113420904,4.703163414276901e-10,0.0
182,0.0019399654120206833,0.00019395124400034547,4.529483454973615e-10,0.0
183,0.0019365018233656883,0.00019361123850103468,3.8938585689152205e-10,0.0
184,0.0019330407958477736,0.00019327388145029545,3.019468008957915e-10,0.0
185,0.001929595018737018,0.00019293793593533337,2.156793493801601e-10,0.0
186,0.0019261653069406748,0.00019260183034930378,1.470806809678038e-10,0.0
187,0.001922750729136169,0.00019226476433686912,1.0301343111862593e-10,0.0
188,0.0019193395273759961,0.00019192583567928523,8.118993671812902e-11,0.0
189,0.0019159234361723065,0.0001915846369229257,7.701558835115918e-11,0.0
190,0.001912503270432353,0.00019124137179460377,8.955156061141167e-11,0.0
191,0.0019090850837528706,0.0001908967678900808,1.173368346929493e-10,0.0
192,0.0019056742312386632,0.0001905515673570335,1.5852194557020027e-10,0.0
193,0.0019022744381800294,0.00019020683248527348,2.061846526846267e-10,0.0
194,0.0018988841911777854,0.0001898632472148165,2.5164167971603035e-10,0.0
195,0.0018955005798488855,0.00018952161190100014,2.8450186650985643e-10,0.0
196,0.0018921192968264222,0.0001891823048936203,2.9624511177495094e-10,0.0
197,0.001888738013803959,0.00018884525343310088,2.8541369267998107e-10,0.0
198,0.001885358477011323,0.00018851009372156113,2.574961910362106e-10,0.0
199,0.0018819846445694566,0.00018817638920154423,2.2074200800581423e-10,0.0
200,0.001878618379123509,0.00018784345593303442,1.8387513733841843e-10,0.0
201,0.0018752595642581582,0.00018751065363176167,1.531278298605443e-10,0.0
202,0.0018719083163887262,0.00018717757484409958,1.3257084319207024e-10,0.0
203,0.0018685607938095927,0.00018684376846067607,1.2303361107690591e-10,0.0
204,0.0018652157159522176,0.0001865092053776607,1.236335062104743e-10,0.0
205,0.0018618751782923937,0.00018617414752952754,1.3362379258641255e-10,0.0
206,0.001858538598753512,0.00018583881319500506,1.5053433499723212e-10,0.0
207,0.0018552091205492616,0.00018550366803538054,1.7241573446735714e-10,0.0
208,0.0018518849974498153,0.0001851691777119413,1.9328738609658558e-10,0.0
209,0.0018485685577616096,0.00018483572057448328,2.1127062599379798e-10,0.0
210,0.0018452556105330586,0.0001845035731093958,2.1988494358637922e-10,0.0
211,0.0018419473199173808,0.00018417276442050934,2.196364340401047e-10,0.0
212,0.0018386440351605415,0.00018384333816356957,2.1072950329159568e-10,0.0
213,0.0018353459890931845,0.00018351500330027193,1.9588565491890364e-10,0.0
214,0.0018320537637919188,0.00018318746879231185,1.7905765758996495e-10,0.0
215,0.001828767010010779,0.00018286042904946953,1.6277136583031648e-10,0.0
216,0.001825486309826374,0.00018253357848152518,1.5053433499723212e-10,0.0
217,0.0018222106155008078,0.00018220680067315698,1.425529833065653e-10,0.0
218,0.0018189403926953673,0.00018188002286478877,1.4013921967315213e-10,0.0
219,0.001815675524994731,0.00018155318684875965,1.4364479050676948e-10,0.0
220,0.0018124154303222895,0.00018122649635188282,1.5039725020926653e-10,0.0
221,0.0018091610400006175,0.000180900125997141,1.5981441170431765e-10,0.0
222,0.0018059128196910024,0.00018057433771900833,1.6939628866285972e-10,0.0
223,0.0018026698380708694,0.0001802491897251457,1.778881209002492e-10,0.0
224,0.0017994316294789314,0.00017992501670960337,1.8145840385841439e-10,0.0
225,0.0017962007550522685,0.00017960178956855088,1.8286622216479032e-10,0.0
226,0.001792973605915904,0.00017927945009432733,1.7905765758996495e-10,0.0
227,0.0017897526267915964,0.00017895796918310225,1.7297871468535675e-10,0.0
228,0.0017865370027720928,0.00017863723041955382,1.647497416268351e-10,0.0
229,0.001783326966688037,0.0001783170591806993,1.5632514727137448e-10,0.0
230,0.0017801228677853942,0.0001779973244993016,1.4959881944331954e-10,0.0
231,0.0017769247060641646,0.00017767793906386942,1.4523417191103505e-10,0.0
232,0.0017737310845404863,0.0001773588010109961,1.431317842026658e-10,0.0
233,0.0017705438658595085,0.00017703999765217304,1.4384576862980225e-10,0.0
234,0.0017673623515293002,0.00017672152898740023,1.4705810180704049e-10,0.0
235,0.0017641856102272868,0.00017640352598391473,1.503058927321277e-10,0.0
236,0.0017610149225220084,0.000176086017745547,1.5469919789623532e-10,0.0
237,0.0017578506376594305,0.0001757692516548559,1.5810010245420614e-10,0.0
238,0.0017546915914863348,0.0001754531404003501,1.6016782344863145e-10,0.0
239,0.0017515375511720777,0.0001751377567416057,1.5993217861165476e-10,0.0
240,0.0017483896808698773,0.0001748231879901141,1.5774898054488062e-10,0.0
241,0.0017452473985031247,0.00017450931773055345,1.5428246180615446e-10,0.0
242,0.0017421117518097162,0.00017419607320334762,1.509688624112826e-10,0.0
243,0.001738979946821928,0.00017388341075275093,1.4590836872052648e-10,0.0
244,0.001735855359584093,0.00017357127217110246,1.4259746161648934e-10,0.0
245,0.0017327361274510622,0.0001732595992507413,1.401171678683255e-10,0.0
246,0.0017296215519309044,0.00017294830468017608,1.385561110289757e-10,0.0
247,0.0017265137284994125,0.00017263750487472862,1.3862189174318473e-10,0.0
248,0.0017234118422493339,0.00017232715617865324,1.4024949257507302e-10,0.0
249,0.0017203146126121283,0.00017201731679961085,1.4148750226983253e-10,0.0
250,0.001717223902232945,0.00017170808860100806,1.4304266104936403e-10,0.0
251,0.001714139012619853,0.00017139942792709917,1.4467353703917496e-10,0.0
252,0.0017110594781115651,0.00017109148029703647,1.447183484160064e-10,0.0
253,0.001707985415123403,0.00017078414384741336,1.4400219905397194e-10,0.0
254,0.0017049175221472979,0.00017047753499355167,1.4208634269152753e-10,0.0
255,0.001701854751445353,0.00017017147911246866,1.3998491255051704e-10,0.0
256,0.0016987979179248214,0.00016986607806757092,1.370910190923169e-10,0.0
257,0.0016957467887550592,0.0001695611426839605,1.353735318287974e-10,0.0
258,0.0016927014803513885,0.0001692568330327049,1.3321500846874557e-10,0.0
259,0.0016896614106371999,0.0001689529453869909,1.3190683267882974e-10,0.0
260,0.0016866266960278153,0.00016864959616214037,1.3077545990558548e-10,0.0
261,0.0016835983842611313,0.0001683467417024076,1.3098855333737447e-10,0.0
262,0.0016805757768452168,0.0001680444402154535,1.3132986365071986e-10,0.0
263,0.001677558640949428,0.00016774266259744763,1.3197101744744089e-10,0.0
264,0.0016745473258197308,0.0001674414670560509,1.3267809073624903e-10,0.0
265,0.0016715413657948375,0.00016714088269509375,1.3254938813211936e-10,0.0
266,0.0016685412265360355,0.00016684088041074574,1.324421960990918e-10,0.0
267,0.0016655466752126813,0.0001665415766183287,1.3094592077322886e-10,0.0
268,0.0016625578282400966,0.0001662428112467751,1.2969138263319024e-10,0.0
269,0.001659574918448925,0.00016594464250374585,1.284851114391472e-10,0.0
270,0.0016565975965932012,0.00016564704128541052,1.2724243880768427e-10,0.0
271,0.001653625862672925,0.00016535003669559956,1.2546277905478576e-10,0.0
272,0.0016506596002727747,0.00016505351231899112,1.2442176455795817e-10,0.0
273,0.001647699042223394,0.00016475758457090706,1.2317828701480238e-10,0.0
274,0.0016447438392788172,0.00016446213703602552,1.2245579550373975e-10,0.0
275,0.0016417942242696881,0.00016416718426626176,1.2233215829215993e-10,0.0
276,0.0016388501971960068,0.00016387281357310712,1.2204390276160382e-10,0.0
277,0.0016359122237190604,0.0001635790104046464,1.2210564503956078e-10,0.0
278,0.0016329792561009526,0.00016328576020896435,1.2165325691260165e-10,0.0
279,0.0016300517600029707,0.00016299306298606098,1.210172101417939e-10,0.0
280,0.0016271304339170456,0.00016270096239168197,1.2081238787153836e-10,0.0
281,0.0016242145793512464,0.0001624094438739121,1.2017856154677986e-10,0.0
282,0.0016213037306442857,0.00016211844922509044,1.1922075826564793e-10,0.0
283,0.0016183990519493818,0.00016182806575670838,1.18368093104948e-10,0.0
284,0.001615499728359282,0.00016153822070918977,1.1743774008809993e-10,0.0
285,0.0016126057598739862,0.00016124897229019552,1.1606915428785669e-10,0.0
286,0.0016097171464934945,0.0001609602040844038,1.1512790720757948e-10,0.0
287,0.0016068340046331286,0.0001606719451956451,1.1452911535814181e-10,0.0
288,0.0016039565671235323,0.00016038428293541074,1.1369342967082474e-10,0.0
289,0.0016010846011340618,0.0001600970863364637,1.1371328878517772e-10,0.0
290,0.0015982177574187517,0.000159810486366041,1.1297956320488467e-10,0.0
291,0.001595356035977602,0.00015952436660882086,1.1228767915483218e-10,0.0
292,0.0015925003681331873,0.00015923882892820984,1.121495604716749e-10,0.0
293,0.0015896507538855076,0.00015895387332420796,1.1195239180139538e-10,0.0
294,0.0015868055634200573,0.00015866947069298476,1.1077302269901779e-10,0.0
295,0.0015839666593819857,0.00015838559193070978,1.1071421557318217e-10,0.0
296,0.001581131829880178,0.00015810220793355256,1.0979498560326206e-10,0.0
297,0.0015783030539751053,0.0001578194205649197,1.0880185641326534e-10,0.0
298,0.0015754791675135493,0.0001575371134094894,1.0802608807480851e-10,0.0
299,0.0015726620331406593,0.0001572554319864139,1.0765856955918807e-10,0.0
300,0.0015698489733040333,0.00015697420167271048,1.0700246938499802e-10,0.0
301,0.001567041501402855,0.00015669352433178574,1.0627155405673605e-10,0.0
302,0.0015642395010218024,0.00015641339996363968,1.0550487566929334e-10,0.0
303,0.001561442157253623,0.00015613374125678092,1.0476003398096623e-10,0.0
304,0.0015586507506668568,0.00015585465007461607,1.0432200936438818e-10,0.0
305,0.0015558642335236073,0.00015557606820948422,1.0363824382020326e-10,0.0
306,0.0015530833043158054,0.00015529801021330059,1.0308906506217852e-10,0.0
307,0.001550307497382164,0.0001550204906379804,1.026168108819725e-10,0.0
308,0.001547536114230752,0.00015474345127586275,1.016567663381096e-10,0.0
309,0.0015447711339220405,0.00015446696488652378,1.015253506264635e-10,0.0
310,0.0015420112758874893,0.00015419100236613303,1.0133775762977137e-10,0.0
311,0.0015392560744658113,0.0001539155637146905,1.0045839160532921e-10,0.0
312,0.0015365059953182936,0.00015364057617262006,1.0025313912365164e-10,0.0
313,0.0015337606891989708,0.00015336615615524352,9.923001309530832e-11,0.0
314,0.0015310216695070267,0.0001530923182144761,9.85077019954872e-11,0.0
315,0.0015282869571819901,0.00015281891683116555,9.773278020208664e-11,0.0
316,0.001525558065623045,0.00015254605386871845,9.75487260412855e-11,0.0
317,0.0015228335978463292,0.0001522736856713891,9.674094858524995e-11,0.0
318,0.001520114135928452,0.00015200181223917753,9.610079398925109e-11,0.0
319,0.0015174000291153789,0.00015173044812399894,9.557199476262213e-11,0.0
320,0.001514691044576466,0.00015145959332585335,9.506281178905951e-11,0.0
321,0.0015119868330657482,0.0001511892187409103,9.462745170774056e-11,0.0
322,0.001509287627413869,0.000150919338921085,9.431967706863276e-11,0.0
323,0.0015065934276208282,0.00015064998297020793,9.361549729858254e-11,0.0
324,0.0015039044665172696,0.00015038112178444862,9.32733890124382e-11,0.0
325,0.001501220278441906,0.00015011275536380708,9.269862655258976e-11,0.0
326,0.00149854167830199,0.00014984497101977468,9.19469500537673e-11,0.0
327,0.0014958670362830162,0.00014957759412936866,9.105607934323245e-11,0.0
328,0.0014931975165382028,0.00014931072655599564,9.025800939976847e-11,0.0
329,0.0014905331190675497,0.00014904433919582516,8.979850196766392e-11,0.0
330,0.0014878734946250916,0.0001487784320488572,8.919937705131886e-11,0.0
331,0.0014852193417027593,0.00014851303421892226,8.904112169805245e-11,0.0
332,0.0014825697289779782,0.00014824811660218984,8.858472289041686e-11,0.0
333,0.0014799253549426794,0.00014798366464674473,8.86899442775757e-11,0.0
334,0.0014772849390283227,0.00014771969290450215,8.797219896994335e-11,0.0
335,0.0014746495289728045,0.00014745623047929257,8.723997219073354e-11,0.0
336,0.0014720190083608031,0.00014719324826728553,8.651080546373535e-11,0.0
337,0.0014693933771923184,0.00014693076082039624,8.576744869870367e-11,0.0
338,0.001466772984713316,0.00014666873903479427,8.561226727543669e-11,0.0
339,0.001464156317524612,0.00014640713925473392,8.482131663711812e-11,0.0
340,0.0014615451218560338,0.00014614609244745225,8.422196273727423e-11,0.0
341,0.0014589381171390414,0.00014588543854188174,8.37099278783171e-11,0.0
342,0.001456336583942175,0.00014562532305717468,8.331842160647085e-11,0.0
343,0.0014537387760356069,0.00014536558592226356,8.287695529851646e-11,0.0
344,0.0014511459739878774,0.00014510635810438544,8.243666166363184e-11,0.0
345,0.0014485580613836646,0.0001448475813958794,8.228452641478867e-11,0.0
346,0.001445974805392325,0.0001445892994524911,8.186266248211282e-11,0.0
347,0.0014433958567678928,0.00014433148317039013,8.105572463223965e-11,0.0
348,0.001440821448341012,0.00014407407434191555,8.068721385479094e-11,0.0
349,0.0014382528606802225,0.00014381723303813487,8.051998651170678e-11,0.0
350,0.0014356878818944097,0.00014356078463606536,8.001934531653987e-11,0.0
351,0.0014331266283988953,0.00014330474368762225,7.918841277154698e-11,0.0
352,0.001430570730008185,0.00014304924116004258,7.836181703524403e-11,0.0
353,0.0014280198374763131,0.00014279416063800454,7.824643710740986e-11,0.0
354,0.0014254729030653834,0.00014253957488108426,7.716277616864886e-11,0.0
355,0.0014229300431907177,0.00014228533837012947,7.655857198196614e-11,0.0
356,0.0014203926548361778,0.00014203164028003812,7.629803039366223e-11,0.0
357,0.001417858642525971,0.00014177827688399702,7.594051082415731e-11,0.0
358,0.0014153298689052463,0.0001415254082530737,7.57944956797374e-11,0.0
359,0.001412805519066751,0.0001412729761796072,7.582692806984426e-11,0.0
360,0.0014102854765951633,0.0001410209952155128,7.553525860348742e-11,0.0
361,0.001407769974321127,0.00014076949446462095,7.501811671861702e-11,0.0
362,0.0014052579645067453,0.00014051837206352502,7.427783388358478e-11,0.0
363,0.0014027509605512023,0.00014026772987563163,7.366907084360719e-11,0.0
364,0.0014002486132085323,0.00014001755334902555,7.307873056694447e-11,0.0
365,0.0013977506896480918,0.0001397677988279611,7.276061697591985e-11,0.0
366,0.0013952570734545588,0.00013951852452009916,7.18262255228197e-11,0.0
367,0.0013927671825513244,0.0001392695849062875,7.136916058136933e-11,0.0
368,0.0013902815990149975,0.0001390210964018479,7.070979218815054e-11,0.0
369,0.0013878009049221873,0.00013877302990294993,7.064715479287997e-11,0.0
370,0.0013853239361196756,0.00013852537085767835,7.017825903732344e-11,0.0
371,0.0013828517403453588,0.0001382781338179484,7.039688276755385e-11,0.0
372,0.0013803835026919842,0.00013803134788759053,7.010025893094962e-11,0.0
373,0.0013779191067442298,0.0001377849403070286,6.969537447165663e-11,0.0
374,0.0013754591345787048,0.0001375390129396692,6.905927912859156e-11,0.0
375,0.0013730035861954093,0.00013729350757785141,6.851857969891739e-11,0.0
376,0.0013705526944249868,0.00013704845332540572,6.824132925409288e-11,0.0
377,0.0013681049458682537,0.00013680376287084073,6.732123192243478e-11,0.0
378,0.0013656612718477845,0.00013655947986990213,6.643774419501369e-11,0.0
379,0.0013632220216095448,0.00013631560432258993,6.605872793219447e-11,0.0
380,0.0013607876608148217,0.00013607216533273458,6.595279877785742e-11,0.0
381,0.0013583562104031444,0.00013582904648501426,6.572609123622897e-11,0.0
382,0.001355930115096271,0.00013558640785049647,6.605872793219447e-11,0.0
383,0.0013535069301724434,0.00013534414756577462,6.546962971754056e-11,0.0
384,0.0013510878197848797,0.00013510228018276393,6.495820548124698e-11,0.0
385,0.0013486732495948672,0.00013486087846104056,6.446374684054845e-11,0.0
386,0.0013462629867717624,0.00013461988419294357,6.412023689783553e-11,0.0
387,0.001343855750747025,0.00013437922461889684,6.349533399063745e-11,0.0
388,0.0013414534041658044,0.0001341390161542222,6.321364265371443e-11,0.0
389,0.0013390550157055259,0.00013389922969508916,6.272588004563318e-11,0.0
390,0.0013366607017815113,0.00013365977793000638,6.284395226430206e-11,0.0
391,0.0013342699967324734,0.00013342080637812614,6.193179302727003e-11,0.0
392,0.001331882900558412,0.00013318212586455047,6.158049070670302e-11,0.0
393,0.0013295001117512584,0.00013294389646034688,6.106996852661695e-11,0.0
394,0.001327121746726334,0.00013270607450976968,6.098266336351799e-11,0.0
395,0.0013247461756691337,0.0001324685727013275,6.043118089271715e-11,0.0
396,0.00132237549405545,0.00013223155110608786,5.991103446678636e-11,0.0
397,0.0013200078392401338,0.0001319948205491528,5.955114179556631e-11,0.0
398,0.0013176444917917252,0.00013175852654967457,5.920666734660074e-11,0.0
399,0.0013152846368029714,0.00013152258179616183,5.883461773326104e-11,0.0
400,0.001312929205596447,0.00013128704449627548,5.88203305507129e-11,0.0
401,0.001310576917603612,0.00013105187099426985,5.823608262289781e-11,0.0
402,0.0013082289369776845,0.00013081709039397538,5.8051445595008744e-11,0.0
403,0.0013058847980573773,0.00013058268814347684,5.785293077931186e-11,0.0
404,0.0013035439187660813,0.00013034866424277425,5.727352272999475e-11,0.0
405,0.0013012075796723366,0.00013011504779569805,5.7006004083870465e-11,0.0
406,0.0012988740345463157,0.0001298817660426721,5.631898072899766e-11,0.0
407,0.0012965451460331678,0.00012964890629518777,5.6067650522351187e-11,0.0
408,0.0012942191679030657,0.000129416337586008,5.5802966414386646e-11,0.0
409,0.0012918970314785838,0.00012918417633045465,5.527547863870552e-11,0.0
410,0.0012895792024210095,0.0001289524370804429,5.4874608329535945e-11,0.0
411,0.0012872646329924464,0.00012872100342065096,5.4557712514391454e-11,0.0
412,0.0012849537888541818,0.00012848994811065495,5.4337805088788826e-11,0.0
413,0.0012826465535908937,0.00012825925659853965,5.3967719182423934e-11,0.0
414,0.0012803428107872605,0.00012802887067664415,5.4132046067856265e-11,0.0
415,0.001278042676858604,0.00012779889220837504,5.3803642097172144e-11,0.0
416,0.0012757465010508895,0.00012756933574564755,5.3176994058157234e-11,0.0
417,0.0012734535848721862,0.00012734008487313986,5.2743229922436186e-11,0.0
418,0.001271164626814425,0.0001271112123504281,5.254051360648049e-11,0.0
419,0.001268879626877606,0.00012688273272942752,5.2270833494905133e-11,0.0
420,0.0012665981194004416,0.0001266546023543924,5.200184727272017e-11,0.0
421,0.0012643194058910012,0.00012642676301766187,5.178715789533328e-11,0.0
422,0.001262044650502503,0.00012619936023838818,5.107917214197677e-11,0.0
423,0.0012597733875736594,0.00012597227760124952,5.068058472890158e-11,0.0
424,0.0012575058499351144,0.0001257455296581611,5.052158691398745e-11,0.0
425,0.0012552413390949368,0.0001255191455129534,4.992756902355566e-11,0.0
426,0.0012529807863757014,0.00012529309606179595,4.986178483989967e-11,0.0
427,0.0012507239589467645,0.00012506743951234967,4.962531774399537e-11,0.0
428,0.0012484706239774823,0.0001248421467607841,4.915406970340541e-11,0.0
429,0.0012462204322218895,0.00012461714504752308,4.897141372972591e-11,0.0
430,0.0012439738493412733,0.00012439249258022755,4.8932316532024345e-11,0.0
431,0.0012417305260896683,0.0001241681893588975,4.865908023732324e-11,0.0
432,0.001239490695297718,0.00012394424993544817,4.8166595711940374e-11,0.0
433,0.0012372542405501008,0.00012372063065413386,4.798578548403931e-11,0.0
434,0.0012350211618468165,0.00012349736061878502,4.756093435753783e-11,0.0
435,0.0012327921576797962,0.00012327449803706259,4.7176346162913774e-11,0.0
436,0.0012305659474804997,0.00012305191194172949,4.6742366921481704e-11,0.0
437,0.0012283429969102144,0.0001228296459885314,4.65515438696773e-11,0.0
438,0.0012261240044608712,0.0001226077729370445,4.6209043536027394e-11,0.0
439,0.0012239073403179646,0.00012238617637194693,4.567878020278471e-11,0.0
440,0.0012216952163726091,0.00012216494360473007,4.575434475739826e-11,0.0
441,0.001219485653564334,0.00012194402370369062,4.535205544442533e-11,0.0
442,0.0012172801652923226,0.00012172351125627756,4.5076511967501176e-11,0.0
443,0.0012150777038186789,0.00012150329712312669,4.475195214403982e-11,0.0
444,0.0012128783855587244,0.00012128337402828038,4.475195214403982e-11,0.0
445,0.001210682326927781,0.00012106377835152671,4.455280588899768e-11,0.0
446,0.001208489527925849,0.00012084455374861136,4.4007443522620093e-11,0.0
447,0.0012063004542142153,0.00012062566383974627,4.378530871207431e-11,0.0
448,0.0012041142908856273,0.00012040705769322813,4.371138867531599e-11,0.0
449,0.001201931736432016,0.00012018884444842115,4.3342725242201396e-11,0.0
450,0.0011997518595308065,0.00011997090769000351,4.281703117059443e-11,0.0
451,0.0011975759407505393,0.00011975333472946659,4.261008212935735e-11,0.0
452,0.0011954031651839614,0.00011953607463510707,4.231877348548352e-11,0.0
453,0.0011932329507544637,0.00011931910557905212,4.1883684021026824e-11,0.0
454,0.0011910669272765517,0.00011910250032087788,4.1883684021026824e-11,0.0
455,0.001188904047012329,0.00011888622248079628,4.177526380377827e-11,0.0
456,0.0011867437278851867,0.00011867022840306163,4.141487500164409e-11,0.0
457,0.0011845866683870554,0.00011845452536363155,4.1390904592653044e-11,0.0
458,0.001182433101348579,0.00011823921522591263,4.092486766138492e-11,0.0
459,0.00118028256110847,0.00011802418157458305,4.07225503318287e-11,0.0
460,0.0011781352804973722,0.00011780949716921896,4.029576672337498e-11,0.0
461,0.0011759907938539982,0.0001175950892502442,3.995360292607941e-11,0.0
462,0.0011738502653315663,0.00011738104512915015,3.977719542636038e-11,0.0
463,0.001171712065115571,0.00011716727021848783,3.9343722724183294e-11,0.0
464,0.0011695772409439087,0.00011695381544996053,3.9145357094705346e-11,0.0
465,0.0011674459092319012,0.0001167407026514411,3.8854551520639546e-11,0.0
466,0.001165317720733583,0.00011652788816718385,3.8935868418299435e-11,0.0
467,0.001163192093372345,0.00011631532834144309,3.8773321359153456e-11,0.0
468,0.0011610703077167273,0.00011610316869337112,3.870376241721374e-11,0.0
469,0.0011589511996135116,0.0001158912928076461,3.8356904458192176e-11,0.0
470,0.0011568351183086634,0.00011567971523618326,3.7908322314539333e-11,0.0
471,0.0011547220638021827,0.00011546844325494021,3.756505523311304e-11,0.0
472,0.0011526125017553568,0.00011525752779562026,3.722334940281513e-11,0.0
473,0.001150505500845611,0.00011504688154673204,3.66798674766855e-11,0.0
474,0.0011484022252261639,0.00011483656999189407,3.660094449742246e-11,0.0
475,0.0011463018599897623,0.00011462654219940305,3.647709218013162e-11,0.0
476,0.001144204055890441,0.00011441676906542853,3.6364682098888323e-11,0.0
477,0.0011421096278354526,0.00011420733790146187,3.618518679138205e-11,0.0
478,0.0011400182265788317,0.00011399819777579978,3.6230018984895196e-11,0.0
479,0.0011379298521205783,0.0001137893705163151,3.620759941869167e-11,0.0
480,0.0011358446208760142,0.00011358088522683829,3.578294605066645e-11,0.0
481,0.0011337620671838522,0.00011337268369970843,3.522800801070147e-11,0.0
482,0.0011316828895360231,0.00011316480959067121,3.482014676592371e-11,0.0
483,0.001129607087932527,0.00011295724107185379,3.474324994368061e-11,0.0
484,0.0011275333818048239,0.0001127498981077224,3.4447448366003997e-11,0.0
485,0.00112546281889081,0.00011254286800976843,3.4142026011929616e-11,0.0
486,0.0011233956320211291,0.00011233613622607663,3.421825323091099e-11,0.0
487,0.0011213315883651376,0.00011212973913643509,3.418557451007054e-11,0.0
488,0.0011192703386768699,0.0001119236258091405,3.406588205967509e-11,0.0
489,0.0011172122322022915,0.00011171783262398094,3.392469985485924e-11,0.0
490,0.001115156919695437,0.00011151233047712594,3.366482440037011e-11,0.0
491,0.00111310463398695,0.00011130711936857551,3.3384420228266265e-11,0.0
492,0.0011110551422461867,0.0001111022211262025,3.2891193241235683e-11,0.0
493,0.0011090082116425037,0.0001108975920942612,3.2285112083751955e-11,0.0
494,0.001106965122744441,0.00011069329048041254,3.218993127607206e-11,0.0
495,0.001104924245737493,0.00011048922897316515,3.203160653386661e-11,0.0
496,0.0011028868611901999,0.0001102854948840104,3.1936800426457523e-11,0.0
497,0.0011008521541953087,0.00011008203000528738,3.1863157945455356e-11,0.0
498,0.001098820473998785,0.00010987884888891131,3.195785650000893e-11,0.0
499,0.0010967911221086979,0.00010967594425892457,3.164274398059774e-11,0.0
500,0.0010947653790935874,0.00010947341070277616,3.135004755794313e-11,0.0
501,0.0010927425464615226,0.00010927112452918664,3.13604767154807e-11,0.0
502,0.0010907220421358943,0.00010906912211794406,3.085144639758397e-11,0.0
503,0.001088704913854599,0.0001088674325728789,3.0665501388194016e-11,0.0
504,0.0010866908123716712,0.00010866604134207591,3.0418449009639303e-11,0.0
505,0.0010846793884411454,0.00010846491932170466,3.0182627230868064e-11,0.0
506,0.0010826707584783435,0.00010826407378772274,3.0090600150467495e-11,0.0
507,0.0010806653881445527,0.00010806355567183346,2.9845879240264495e-11,0.0
508,0.0010786622297018766,0.00010786327038658783,2.962242950932392e-11,0.0
509,0.0010766625637188554,0.00010766331251943484,2.948067137631405e-11,0.0
510,0.0010746659245342016,0.00010746363113867119,2.962242950932392e-11,0.0
511,0.001072671264410019,0.00010726421896833926,2.9067477591571134e-11,0.0
512,0.0010706802131608129,0.00010706512694014236,2.897716788741178e-11,0.0
513,0.0010686916066333652,0.00010686627501854673,2.8907022608937183e-11,0.0
514,0.0010667062597349286,0.00010666773596312851,2.8846966482198866e-11,0.0
515,0.0010647226590663195,0.00010646943701431155,2.8329096013468558e-11,0.0
516,0.0010627431329339743,0.00010627148003550246,2.8239941635144206e-11,0.0
517,0.0010607661679387093,0.00010607380681904033,2.800288126381112e-11,0.0
518,0.0010587922297418118,0.00010587642464088276,2.7894561660524175e-11,0.0
519,0.0010568207362666726,0.00010567931167315692,2.759042994071592e-11,0.0
520,0.0010548521531745791,0.00010548246063990518,2.7610001090971892e-11,0.0
521,0.0010528863640502095,0.00010528591519687325,2.7200464103316335e-11,0.0
522,0.001050923252478242,0.00010508961713640019,2.7103406324835433e-11,0.0
523,0.00104896305128932,0.0001048936101142317,2.6958144050404087e-11,0.0
524,0.0010470059933140874,0.00010469791595824063,2.6880830894526753e-11,0.0
525,0.0010450512636452913,0.0001045024546328932,2.6784345574792923e-11,0.0
526,0.0010430997936055064,0.00010430732072563842,2.657268849404204e-11,0.0
527,0.0010411510011181235,0.00010411245602881536,2.6448013917823587e-11,0.0
528,0.001039204653352499,0.00010391786054242402,2.613284588726117e-11,0.0
529,0.0010372615652158856,0.00010372357064625248,2.5866912778393925e-11,0.0
530,0.0010353212710469961,0.00010352954996051267,2.577226626554463e-11,0.0
531,0.0010333830723538995,0.0001033357621054165,2.5508178902455825e-11,0.0
532,0.001031448831781745,0.00010314234532415867,2.539541493762343e-11,0.0
533,0.0010295164538547397,0.00010294910316588357,2.5404803261075415e-11,0.0
534,0.0010275874519720674,0.00010275620297761634,2.542358337742634e-11,0.0
535,0.001025660545565188,0.00010256353561999276,2.512393418308001e-11,0.0
536,0.001023736665956676,0.00010237118840450421,2.480750327382708e-11,0.0
537,0.0010218159295618534,0.00010217912495136261,2.4650038954465714e-11,0.0
538,0.0010198976378887892,0.0001019873161567375,2.450229602546372e-11,0.0
539,0.0010179819073528051,0.00010179578384850174,2.407087029698829e-11,0.0
540,0.0010160693200305104,0.0001016045207506977,2.4061731773716843e-11,0.0
541,0.0010141596430912614,0.00010141357051907107,2.3988692976484316e-11,0.0
542,0.001012252178043127,0.00010122282401425764,2.396133291782121e-11,0.0
543,0.0010103482054546475,0.00010103242675540969,2.4006942267451592e-11,0.0
544,0.00100844691041857,0.00010084229870699346,2.381567165699039e-11,0.0
545,0.0010065474780276418,0.0001006524107651785,2.3408379401512747e-11,0.0
546,0.0010046516545116901,0.00010046284296549857,2.3246446434477264e-11,0.0
547,0.0010027585085481405,0.00010027355892816558,2.2915350172958426e-11,0.0
548,0.0010008678073063493,0.00010008450772147626,2.275513458216416e-11,0.0
549,0.0009989799000322819,9.989571844926104e-05,2.267523668830762e-11,0.0
550,0.0009970947867259383,9.970721293939278e-05,2.275513458216416e-11,0.0
551,0.0009952125838026404,9.951899119187146e-05,2.2710729130626106e-11,0.0
552,0.000993332825601101,9.933103865478188e-05,2.2489357598409754e-11,0.0
553,0.000991455977782607,9.91433480521664e-05,2.251586417312268e-11,0.0
554,0.0009895816911011934,9.895595576381311e-05,2.2067361826749732e-11,0.0
555,0.0009877101983875036,9.876883268589154e-05,2.184044958775111e-11,0.0
556,0.0009858417324721813,9.858201519818977e-05,2.1588737741939923e-11,0.0
557,0.0009839757112786174,9.839543054113165e-05,2.1415993978202152e-11,0.0
558,0.0009821126004680991,9.820910054259002e-05,2.150227912389724e-11,0.0
559,0.0009802519343793392,9.802305430639535e-05,2.1398757765744847e-11,0.0
560,0.0009783944115042686,9.783729910850525e-05,2.1372917324846696e-11,0.0
561,0.0009765394497662783,9.765181312104687e-05,2.1278298567573017e-11,0.0
562,0.0009746870491653681,9.746659634402022e-05,2.1098248148554433e-11,0.0
563,0.0009728373261168599,9.728163422551006e-05,2.0970107594830978e-11,0.0
564,0.0009709908626973629,9.709700680105016e-05,2.077438568393042e-11,0.0
565,0.000969146320130676,9.691258310340345e-05,2.0503602288224343e-11,0.0
566,0.0009673052118159831,9.672848682384938e-05,2.0301680475620643e-11,0.0
567,0.0009654665482230484,9.654463792685419e-05,2.0175985881998315e-11,0.0
568,0.0009636303293518722,9.63610436883755e-05,1.9934085632167253e-11,0.0
569,0.0009617971954867244,9.617771138437092e-05,2.0100757863739105e-11,0.0
570,0.000959966448135674,9.599465556675568e-05,1.98925251271298e-11,0.0
571,0.0009581385529600084,9.581186895957217e-05,1.9851009724902724e-11,0.0
572,0.0009563135681673884,9.562938066665083e-05,1.981782793425424e-11,0.0
573,0.0009544914937578142,9.544717613607645e-05,1.975982572011148e-11,0.0
574,0.0009526716312393546,9.526520443614572e-05,1.9528670347490618e-11,0.0
575,0.0009508544462732971,9.508352377451956e-05,1.9233468984136692e-11,0.0
576,0.0009490402298979461,9.490211232332513e-05,1.911927560716009e-11,0.0
577,0.0009472282836213708,9.472094825468957e-05,1.8827196746062924e-11,0.0
578,0.0009454195387661457,9.45400825003162e-05,1.8762595643817548e-11,0.0
579,0.0009436134714633226,9.435947140445933e-05,1.8722277200788895e-11,0.0
580,0.0009418099652975798,9.417912951903418e-05,1.8698105563874634e-11,0.0
581,0.0009400091948918998,9.399904956808314e-05,1.869005297749915e-11,0.0
582,0.0009382112184539437,9.381928248330951e-05,1.8409274105124496e-11,0.0
583,0.0009364160941913724,9.363976278109476e-05,1.844925601179881e-11,0.0
584,0.0009346232400275767,9.346051956526935e-05,1.801975582638171e-11,0.0
585,0.0009328331798315048,9.32815091800876e-05,1.811476316171401e-11,0.0
586,0.0009310455061495304,9.310277528129518e-05,1.777547553594161e-11,0.0
587,0.0009292610920965672,9.292434697272256e-05,1.7610943953139113e-11,0.0
588,0.0009274795884266496,9.274619515053928e-05,1.765787516205819e-11,0.0
589,0.0009257003548555076,9.256829071091488e-05,1.746273958769251e-11,0.0
590,0.0009239236242137849,9.239061910193413e-05,1.741606858729483e-11,0.0
591,0.000922149745747447,9.221323853125796e-05,1.7346180047894677e-11,0.0
592,0.0009203787776641548,9.203614172292873e-05,1.733842236451011e-11,0.0
593,0.00091861019609496,9.185929229715839e-05,1.7268689950222793e-11,0.0
594,0.0009168445249088109,9.168273390969262e-05,1.7199096313813556e-11,0.0
595,0.0009150815894827247,9.150647383648902e-05,1.6853241024961108e-11,0.0
596,0.0009133211569860578,9.13304538698867e-05,1.663981452626473e-11,0.0
597,0.0009115635184571147,9.11547031137161e-05,1.6488199694464356e-11,0.0
598,0.000909809023141861,9.097925067180768e-05,1.6526037482922362e-11,0.0
599,0.0009080564486794174,9.080401650862768e-05,1.627710466411969e-11,0.0
600,0.0009063069010153413,9.06290442799218e-05,1.647307637520079e-11,0.0
601,0.0009045599144883454,9.045434853760526e-05,1.639756386229152e-11,0.0
602,0.0009028157801367342,9.02799511095509e-05,1.621704159848747e-11,0.0
603,0.000901074381545186,9.010581561597064e-05,1.623204695655467e-11,0.0
604,0.0008993356605060399,8.993196388473734e-05,1.5992793894747948e-11,0.0
605,0.0008975992677733302,8.975835226010531e-05,1.5688846055628147e-11,0.0
606,0.0008958659018389881,8.958503894973546e-05,1.5563675348495565e-11,0.0
607,0.000894135155249387,8.941196574596688e-05,1.5490279198226986e-11,0.0
608,0.0008924070280045271,8.923916902858764e-05,1.5373206180280263e-11,0.0
609,0.0008906815783120692,8.906661969376728e-05,1.535130356167258e-11,0.0
610,0.0008889590972103179,8.88943686732091e-05,1.5431687178102393e-11,0.0
611,0.0008872391772456467,8.872237958712503e-05,1.538781602139494e-11,0.0
612,0.000885521702002734,8.855065243551508e-05,1.5176651602111235e-11,0.0
613,0.0008838069043122232,8.837919449433684e-05,1.4930938430079976e-11,0.0
614,0.0008820953080430627,8.820805669529364e-05,1.4751547205982263e-11,0.0
615,0.0008803857490420341,8.803712262306362e-05,1.457323844933356e-11,0.0
616,0.0008786791586317122,8.786645776126534e-05,1.463017901270902e-11,0.0
617,0.0008769753621891141,8.769608393777162e-05,1.4566129552529006e-11,0.0
618,0.0008752740104682744,8.752595749683678e-05,1.4410153625910027e-11,0.0
619,0.0008735754527151585,8.735607843846083e-05,1.4665824110693393e-11,0.0
620,0.0008718796889297664,8.71865195222199e-05,1.446677500016591e-11,0.0
621,0.0008701863116584718,8.701720798853785e-05,1.426205074178677e-11,0.0
622,0.0008684961358085275,8.68482020450756e-05,1.4086735250495863e-11,0.0
623,0.0008668085210956633,8.667945803608745e-05,1.3912503961377443e-11,0.0
624,0.0008651231182739139,8.651093230582774e-05,1.3815408018980069e-11,0.0
625,0.0008634408586658537,8.634271944174543e-05,1.3649748865918188e-11,0.0
626,0.0008617612766101956,8.617474668426439e-05,1.3773899555646896e-11,0.0
627,0.0008600842556916177,8.600706496508792e-05,1.3594751192835819e-11,0.0
628,0.0008584097377024591,8.58396160765551e-05,1.3553575796410033e-11,0.0
629,0.000856738188304007,8.567245822632685e-05,1.3622236151589195e-11,0.0
630,0.0008550694328732789,8.55056059663184e-05,1.3389498711158243e-11,0.0
631,0.0008534030639566481,8.533897198503837e-05,1.3328227410625004e-11,0.0
632,0.0008517397218383849,8.517264359397814e-05,1.326709662269332e-11,0.0
633,0.0008500783005729318,8.500652620568871e-05,1.3023978596982122e-11,0.0
634,0.0008484204299747944,8.484074351144955e-05,1.2976966723421413e-11,0.0
635,0.0008467649458907545,8.467520819976926e-05,1.2869830201545085e-11,0.0
636,0.0008451119647361338,8.450992027064785e-05,1.2749832439817865e-11,0.0
637,0.0008434619521722198,8.434492337983102e-05,1.266351693646195e-11,0.0
638,0.0008418147335760295,8.418020297540352e-05,1.2696680512513936e-11,0.0
639,0.0008401699014939368,8.40157299535349e-05,1.2650263649105487e-11,0.0
640,0.000838527746964246,8.385151159018278e-05,1.265688942542198e-11,0.0
641,0.0008368883864022791,8.368760609300807e-05,1.2334266420721551e-11,0.0
642,0.0008352517616003752,8.352394797839224e-05,1.2268936734616265e-11,0.0
643,0.0008336176397278905,8.336055179825053e-05,1.2099891401329277e-11,0.0
644,0.0008319861954078078,8.319741755258292e-05,1.2015808487086943e-11,0.0
645,0.0008303576032631099,8.303457434521988e-05,1.1880601537284097e-11,0.0
646,0.0008287321543321013,8.287200034828857e-05,1.218426748383905e-11,0.0
647,0.0008271086844615638,8.270966645795852e-05,1.206751712445886e-11,0.0
648,0.0008254880085587502,8.254760905401781e-05,1.1944890389303797e-11,0.0
649,0.0008238700684159994,8.238582813646644e-05,1.1778100196535579e-11,0.0
650,0.0008222552132792771,8.222434553317726e-05,1.1746159600534156e-11,0.0
651,0.0008206424536183476,8.206309576053172e-05,1.1549095881024929e-11,0.0
652,0.000819032487925142,8.19021079223603e-05,1.1410255552901649e-11,0.0
653,0.0008174256072379649,8.174142567440867e-05,1.1334878348423505e-11,0.0
654,0.0008158214623108506,8.158100536093116e-05,1.140396457821602e-11,0.0
655,0.000814219587482512,8.142083970597014e-05,1.1153748064041125e-11,0.0
656,0.0008126205648295581,8.126093598548323e-05,1.1222280917044802e-11,0.0
657,0.0008110242197290063,8.110131602734327e-05,1.1035867532316335e-11,0.0
658,0.0008094304939731956,8.094193617580459e-05,1.1141310096718371e-11,0.0
659,0.0008078399696387351,8.078289101831615e-05,1.1079224343513161e-11,0.0
660,0.0008062514825724065,8.062405686359853e-05,1.0869430355775478e-11,0.0
661,0.0008046660805121064,8.046551374718547e-05,1.0955573254145534e-11,0.0
662,0.0008030831813812256,8.030724711716175e-05,1.073474989454759e-11,0.0
663,0.000801502843387425,8.01492205937393e-05,1.0667724516244537e-11,0.0
664,0.0007999258232302964,7.99915287643671e-05,1.0552447804457188e-11,0.0
665,0.0007983508985489607,7.98340406618081e-05,1.0485994884901206e-11,0.0
666,0.0007967787096276879,7.967683632159606e-05,1.0371706965495164e-11,0.0
667,0.00079521001316607,7.951996667543426e-05,1.038971079309059e-11,0.0
668,0.0007936429465189576,7.936327165225521e-05,1.026998017877867e-11,0.0
669,0.0007920787902548909,7.92068603914231e-05,1.019252737766152e-11,0.0
670,0.0007905178936198354,7.905076199676841e-05,1.0234196302916221e-11,0.0
671,0.0007889592088758945,7.889490370871499e-05,1.019252737766152e-11,0.0
672,0.0007874033763073385,7.873932918300852e-05,1.0050307808207037e-11,0.0
673,0.0007858501630835235,7.858402386773378e-05,9.95017349764149e-12,0.0
674,0.0007842996856197715,7.842898048693314e-05,9.903224941487654e-12,0.0
675,0.0007827521185390651,7.82742426963523e-05,9.739779295581119e-12,0.0
676,0.000781207054387778,7.81197304604575e-05,9.739779295581119e-12,0.0
677,0.0007796646095812321,7.796548015903682e-05,9.780513204882268e-12,0.0
678,0.0007781253079883754,7.781156455166638e-05,9.646992406298072e-12,0.0
679,0.0007765882764942944,7.765786722302437e-05,9.612311814566343e-12,0.0
680,0.0007750538643449545,7.75044463807717e-05,9.405539715123812e-12,0.0
681,0.0007735225954093039,7.735131657682359e-05,9.428403370537186e-12,0.0
682,0.0007719937711954117,7.71984487073496e-05,9.28596088911604e-12,0.0
683,0.0007704675663262606,7.704581366851926e-05,9.445569326693715e-12,0.0
684,0.0007689437479712069,7.689344784012064e-05,9.24627128334743e-12,0.0
685,0.0007674228399991989,7.67413730500266e-05,9.071524781356644e-12,0.0
686,0.0007659050752408803,7.658961112610996e-05,8.981985294420625e-12,0.0
687,0.000764389696996659,7.643806748092175e-05,9.015510560317352e-12,0.0
688,0.0007628771127201617,7.628680759808049e-05,9.015510560317352e-12,0.0
689,0.0007613669149577618,7.613579509779811e-05,8.954095277735608e-12,0.0
690,0.0007598598604090512,7.598511001560837e-05,8.815295715614013e-12,0.0
691,0.0007583556580357254,7.583468686789274e-05,8.771108839233932e-12,0.0
692,0.000756853842176497,7.568451837869361e-05,8.661127370857002e-12,0.0
693,0.0007553545874543488,7.553458999609575e-05,8.69404895298409e-12,0.0
694,0.0007538578356616199,7.5384923547972e-05,8.62826823877505e-12,0.0
695,0.0007523643434979022,7.523558451794088e-05,8.519188826605628e-12,0.0
696,0.0007508732378482819,7.508649287046865e-05,8.303111670437957e-12,0.0
697,0.0007493848679587245,7.493765588151291e-05,8.346105057066566e-12,0.0
698,0.0007478994666598737,7.478910993086174e-05,8.367643383744294e-12,0.0
699,0.0007464163354597986,7.464080408681184e-05,8.313849608754253e-12,0.0
700,0.0007449362310580909,7.449278928106651e-05,8.324594485964454e-12,0.0
701,0.0007434584549628198,7.434502913383767e-05,8.14819132305411e-12,0.0
702,0.000741983822081238,7.419757457682863e-05,8.11101533160219e-12,0.0
703,0.000740511401090771,7.405033829854801e-05,8.042199718671927e-12,0.0
704,0.0007390425307676196,7.390343671431765e-05,8.126937491026442e-12,0.0
705,0.0007375756395049393,7.375675340881571e-05,8.089810071831849e-12,0.0
706,0.0007361115422099829,7.361036114161834e-05,7.889744413347444e-12,0.0
707,0.000734650413505733,7.346425991272554e-05,7.795850770486723e-12,0.0
708,0.0007331919623538852,7.331842061830685e-05,7.718035412163093e-12,0.0
709,0.000731735723093152,7.31728141545318e-05,7.578951355391439e-12,0.0
710,0.0007302825106307864,7.302749872906134e-05,7.512435985790322e-12,0.0
711,0.0007288320921361446,7.288244523806497e-05,7.630316517515112e-12,0.0
712,0.0007273843511939049,7.273766823345795e-05,7.707689521352368e-12,0.0
713,0.000725939346011728,7.25931822671555e-05,7.51754214434186e-12,0.0
714,0.0007244969601742923,7.244893640745431e-05,7.625172195047103e-12,0.0
715,0.0007230573100969195,7.230497431010008e-05,7.543098957951688e-12,0.0
716,0.0007216204539872706,7.216131052700803e-05,7.36005787566052e-12,0.0
717,0.0007201858097687364,7.201785774668679e-05,7.1992420705435656e-12,0.0
718,0.0007187543669715524,7.187472510850057e-05,7.08475292321431e-12,0.0
719,0.0007173254271037877,7.173183257691562e-05,7.114531186402928e-12,0.0
720,0.000715899164788425,7.15892092557624e-05,7.124471151920275e-12,0.0
721,0.0007144755800254643,7.144684059312567e-05,7.134418056331526e-12,0.0
722,0.0007130548474378884,7.130477024475113e-05,7.134418056331526e-12,0.0
723,0.0007116369088180363,7.116298365872353e-05,7.030321637346848e-12,0.0
724,0.0007102216477505863,7.102145900717005e-05,7.035261262444692e-12,0.0
725,0.0007088087731972337,7.088019629009068e-05,6.809833946741506e-12,0.0
726,0.0007073987508192658,7.073920278344303e-05,6.780701000685951e-12,0.0
727,0.0007059915806166828,7.059847848722711e-05,6.7855521548865205e-12,0.0
728,0.0007045870879665017,7.045803067740053e-05,6.7613137311184346e-12,0.0
729,0.0007031851564534009,7.031785207800567e-05,6.650375562744504e-12,0.0
730,0.0007017858442850411,7.01779208611697e-05,6.6311756433123925e-12,0.0
731,0.0007003893842920661,7.00382879585959e-05,6.5070527091593e-12,0.0
732,0.0006989954272285104,6.989888788666576e-05,6.5355923797860704e-12,0.0
733,0.0006976043805480003,6.97597861289978e-05,6.521314738217043e-12,0.0
734,0.0006962157203815877,6.962092447793111e-05,6.459625369326094e-12,0.0
735,0.0006948302616365254,6.948238296899945e-05,6.440703005650139e-12,0.0
736,0.0006934474222362041,6.934409611858428e-05,6.440703005650139e-12,0.0
737,0.0006920668529346585,6.920605665072799e-05,6.285652554005594e-12,0.0
738,0.0006906891940161586,6.906830094521865e-05,6.187967672988126e-12,0.0
739,0.0006893142126500607,6.893080717418343e-05,6.192601986754198e-12,0.0
740,0.0006879420834593475,6.879359716549516e-05,6.132491216226388e-12,0.0
741,0.0006865725154057145,6.865663453936577e-05,6.146336911649897e-12,0.0
742,0.0006852055666968226,6.85199411236681e-05,6.187967672988126e-12,0.0
743,0.0006838417029939592,6.838355329819024e-05,6.155576048882949e-12,0.0
744,0.0006824801093898714,6.824741285527125e-05,5.9994544054919885e-12,0.0
745,0.0006811213679611683,6.811154162278399e-05,5.935751890007168e-12,0.0
746,0.0006797651876695454,6.797594687668607e-05,5.711018463694373e-12,0.0
747,0.0006784119177609682,6.784062134101987e-05,5.706568030616754e-12,0.0
748,0.000677061325404793,6.770555046387017e-05,5.81834927460001e-12,0.0
749,0.000675713294185698,6.757074879715219e-05,5.79590628962956e-12,0.0
750,0.000674367998726666,6.743621634086594e-05,5.804878279447312e-12,0.0
751,0.000673025322612375,6.730196037096903e-05,5.719924534020038e-12,0.0
752,0.0006716856732964516,6.716799543937668e-05,5.733296649934605e-12,0.0
753,0.0006703480612486601,6.703424878651276e-05,5.560676918925367e-12,0.0
754,0.0006690136506222188,6.690081499982625e-05,5.503723345123834e-12,0.0
755,0.0006676818593405187,6.676763587165624e-05,5.508093980921558e-12,0.0
756,0.0006663528038188815,6.663473322987556e-05,5.460112396937777e-12,0.0
757,0.0006650261930190027,6.650208524661139e-05,5.364778933591996e-12,0.0
758,0.000663702201563865,6.63696919218637e-05,5.317427054229995e-12,0.0
759,0.000662381062284112,6.623758235946298e-05,5.2660098504020425e-12,0.0
760,0.0006610627169720829,6.610572745557874e-05,5.399348503021262e-12,0.0
761,0.0006597466999664903,6.597414176212624e-05,5.321723096918252e-12,0.0
762,0.0006584334769286215,6.584281800314784e-05,5.274562037138608e-12,0.0
763,0.0006571229314431548,6.57117780065164e-05,5.09642328339055e-12,0.0
764,0.0006558157037943602,6.558105087606236e-05,5.1554628621719445e-12,0.0
765,0.0006545102805830538,6.545052019646391e-05,5.083816180528888e-12,0.0
766,0.0006532080005854368,6.532028055517003e-05,5.180869622201101e-12,0.0
767,0.0006519082235172391,6.519031740026549e-05,5.083816180528888e-12,0.0
768,0.0006506114732474089,6.506065255962312e-05,4.925477560535629e-12,0.0
769,0.0006493169930763543,6.49312132736668e-05,4.8554528453426116e-12,0.0
770,0.0006480254814960063,6.480205775005743e-05,4.892462303340839e-12,0.0
771,0.0006467362982220948,6.467314233304933e-05,4.867773718830737e-12,0.0
772,0.0006454498507082462,6.454449612647295e-05,4.867773718830737e-12,0.0
773,0.000644165906123817,6.44161191303283e-05,4.7290513519038235e-12,0.0
774,0.0006428849883377552,6.42880258965306e-05,4.733102798581967e-12,0.0
775,0.0006416065152734518,6.416017276933417e-05,4.777783203790964e-12,0.0
776,0.0006403308943845332,6.40326106804423e-05,4.777783203790964e-12,0.0
777,0.0006390580092556775,6.390532507793978e-05,4.7493259325293025e-12,0.0
778,0.0006377875106409192,6.377827958203852e-05,4.716907420210248e-12,0.0
779,0.0006365198642015457,6.365152512444183e-05,4.608314597975838e-12,0.0
780,0.0006352544296532869,6.352499622153118e-05,4.508893258758917e-12,0.0
781,0.0006339921965263784,6.339877290884033e-05,4.4970355564388775e-12,0.0
782,0.0006327321752905846,6.327278970275074e-05,4.332667037643123e-12,0.0
783,0.0006314752972684801,6.314709025900811e-05,4.36373940454482e-12,0.0
784,0.0006302209803834558,6.30216600256972e-05,4.359849287149942e-12,0.0
785,0.0006289693410508335,6.28964917268604e-05,4.3988285236551405e-12,0.0
786,0.0006277203792706132,6.277159263845533e-05,4.422299332285107e-12,0.0
787,0.0006264738040044904,6.264694093260914e-05,4.4340581553670155e-12,0.0
788,0.0006252297898754478,6.252254388527945e-05,4.391018798566293e-12,0.0
789,0.0006239886861294508,6.239845242816955e-05,4.217134454143068e-12,0.0
790,0.0006227499106898904,6.227458652574569e-05,4.095620544097844e-12,0.0
791,0.0006215142202563584,6.21510116616264e-05,4.1296167874183e-12,0.0
792,0.0006202812073752284,6.202771328389645e-05,4.091851857346285e-12,0.0
793,0.000619050464592874,6.190464046085253e-05,4.088084905318201e-12,0.0
794,0.0006178224575705826,6.178183684824035e-05,4.054260399621867e-12,0.0
795,0.000616597244516015,6.16593097220175e-05,4.1107126383388426e-12,0.0
796,0.0006153744761832058,6.153703725431114e-05,4.114489998707782e-12,0.0
797,0.0006141545018181205,6.141504854895175e-05,4.0131101566864835e-12,0.0
798,0.0006129368557594717,6.129328539827839e-05,3.994474889745803e-12,0.0
799,0.0006117221200838685,6.117182056186721e-05,3.8799042104131765e-12,0.0
800,0.0006105101783759892,6.105063221184537e-05,3.857921794525598e-12,0.0
801,0.0006093005067668855,6.092966941650957e-05,3.7597737423400446e-12,0.0
802,0.0006080935709178448,6.08089794695843e-05,3.774234397235787e-12,0.0
803,0.0006068892544135451,6.068854781915434e-05,3.763386303978766e-12,0.0
804,0.0006056874408386648,6.056836718926206e-05,3.7887228077071455e-12,0.0
805,0.000604488595854491,6.044848487363197e-05,3.712968300872976e-12,0.0
806,0.0006032918463461101,6.0328817198751494e-05,3.6593263141870835e-12,0.0
807,0.0006020984146744013,6.0209466028027236e-05,3.730935699275406e-12,0.0
808,0.0006009070784784853,6.0090344049967825e-05,3.6593263141870835e-12,0.0
809,0.0005997186526656151,5.997149855829775e-05,3.652203539594723e-12,0.0
810,0.0005985326715745032,5.985290408716537e-05,3.5954711430363773e-12,0.0
811,0.0005973494262434542,5.973459337837994e-05,3.5077158191954005e-12,0.0
812,0.0005961687420494854,5.961652277619578e-05,3.4972580387204744e-12,0.0
813,0.0005949907936155796,5.949872866040096e-05,3.479863099065117e-12,0.0
814,0.0005938149406574667,5.938115282333456e-05,3.44866149526446e-12,0.0
815,0.0005926422891207039,5.9263886214466766e-05,3.4417468874892165e-12,0.0
816,0.0005914721405133605,5.914687062613666e-05,3.462511527496659e-12,0.0
817,0.0005903042620047927,5.90300842304714e-05,3.4244907257119372e-12,0.0
818,0.0005891392356716096,5.891358887311071e-05,3.332056852656251e-12,0.0
819,0.0005879768286831677,5.8797351812245324e-05,3.345670962495717e-12,0.0
820,0.000586816924624145,5.868136940989643e-05,3.2711368336268976e-12,0.0
821,0.0005856598145328462,5.8565659855958074e-05,3.2174575503862712e-12,0.0
822,0.0005845050909556448,5.8450186770642176e-05,3.224143174662686e-12,0.0
823,0.0005833531031385064,5.8334982895758e-05,3.2341846215033776e-12,0.0
824,0.0005822034436278045,5.8220022765453905e-05,3.190784442219652e-12,0.0
825,0.0005810565198771656,5.810533184558153e-05,3.207442124397719e-12,0.0
826,0.0005799122736789286,5.7990921050077304e-05,3.1114312515345688e-12,0.0
827,0.000578770530410111,5.787674308521673e-05,3.091749078976136e-12,0.0
828,0.0005776315229013562,5.7762841606745496e-05,3.1081465526328067e-12,0.0
829,0.0005764947854913771,5.7649172958917916e-05,3.0721293564628382e-12,0.0
830,0.0005753609002567828,5.7535791711416095e-05,2.994274966860999e-12,0.0
831,0.0005742295761592686,5.742266876040958e-05,2.9110602817183917e-12,0.0
832,0.0005731005221605301,5.730976408813149e-05,2.936539900133539e-12,0.0
833,0.0005719740292988718,5.719710679841228e-05,2.9397326586910744e-12,0.0
834,0.0005708507378585637,5.708476965082809e-05,3.055827292597346e-12,0.0
835,0.0005697296001017094,5.697266533388756e-05,2.9878322038712213e-12,0.0
836,0.0005686107906512916,5.6860793847590685e-05,2.8604341117954846e-12,0.0
837,0.0005674948333762586,5.674919520970434e-05,2.841563789823809e-12,0.0
838,0.0005663811462000012,5.663784031639807e-05,2.7605140395792205e-12,0.0
839,0.0005652704858221114,5.652676918543875e-05,2.7667070023884577e-12,0.0
840,0.0005641620373353362,5.641592724714428e-05,2.7760094570283833e-12,0.0
841,0.0005630564410239458,5.630537270917557e-05,2.7419767845149323e-12,0.0
842,0.0005619528819806874,5.6195014622062445e-05,2.7512376057914345e-12,0.0
843,0.0005608524661511183,5.608496576314792e-05,2.788437016010281e-12,0.0
844,0.0005597542622126639,5.597514973487705e-05,2.7173575889438695e-12,0.0
845,0.0005586585029959679,5.586558108916506e-05,2.677588185895363e-12,0.0
846,0.0005575656541623175,5.575629620580003e-05,2.656295322589486e-12,0.0
847,0.0005564747261814773,5.5647218687226996e-05,2.5779517409674213e-12,0.0
848,0.0005553868832066655,5.5538439482916147e-05,2.5244008272640173e-12,0.0
849,0.0005543013685382903,5.5429889471270144e-05,2.5273611328757717e-12,0.0
850,0.0005532184732146561,5.532159048016183e-05,2.54813184441538e-12,0.0
851,0.0005521380808204412,5.5213546147570014e-05,2.592926741373791e-12,0.0
852,0.0005510602495633066,5.510577102540992e-05,2.5600389863544848e-12,0.0
853,0.0005499849794432521,5.499824328580871e-05,2.5451593957392937e-12,0.0
854,0.0005489118630066514,5.489094110089354e-05,2.44804176929847e-12,0.0
855,0.0005478415405377746,5.478391540236771e-05,2.3843461927075538e-12,0.0
856,0.0005467737792059779,5.467714072437957e-05,2.4103019927168567e-12,0.0
857,0.000545708229765296,5.457059160107747e-05,2.338549492941766e-12,0.0
858,0.0005446456489153206,5.4464329878101125e-05,2.341398776251058e-12,0.0
859,0.0005435854545794427,5.4358304623747244e-05,2.3642554927705284e-12,0.0
860,0.0005425274721346796,5.425251220003702e-05,2.3499570345197895e-12,0.0
861,0.0005414722254499793,5.41469817108009e-05,2.404521894094902e-12,0.0
862,0.0005404193070717156,5.404170588008128e-05,2.290377089375628e-12,0.0
863,0.0005393690662458539,5.393667743192054e-05,2.2847427075256554e-12,0.0
864,0.0005383213283494115,5.3831910918233916e-05,2.223222474173614e-12,0.0
865,0.0005372759769670665,5.372737723519094e-05,2.2010596470445343e-12,0.0
866,0.0005362329538911581,5.362308002077043e-05,2.1735122382460226e-12,0.0
867,0.0005351927829906344,5.3519062930718064e-05,2.1461383017951086e-12,0.0
868,0.0005341549403965473,5.3415275033330545e-05,2.190019866843418e-12,0.0
869,0.0005331193679012358,5.3311723604565486e-05,2.1352372994720703e-12,0.0
870,0.0005320863565430045,5.320842319633812e-05,2.1189378376917922e-12,0.0
871,0.0005310559063218534,5.310537380864844e-05,2.1625418469839452e-12,0.0
872,0.0005300277844071388,5.300257180351764e-05,2.1189378376917922e-12,0.0
873,0.0005290023982524872,5.2900028094882146e-05,2.0946057388560035e-12,0.0
874,0.000527979398611933,5.279773904476315e-05,2.043699411091726e-12,0.0
875,0.0005269589019007981,5.269569010124542e-05,1.980291798597822e-12,0.0
876,0.000525940558873117,5.259386307443492e-05,1.9308027399134176e-12,0.0
877,0.0005249252426438034,5.249232708592899e-05,1.9960500266535952e-12,0.0
878,0.0005239118472672999,5.239098027232103e-05,2.030407092457054e-12,0.0
879,0.0005229011294431984,5.2289902669144794e-05,2.0838365755171395e-12,0.0
880,0.000521893089171499,5.2189105190336704e-05,2.0251023080675168e-12,0.0
881,0.0005208870861679316,5.2088518714299425e-05,1.9204637879965958e-12,0.0
882,0.0005198835278861225,5.1988172344863415e-05,1.8010601690598982e-12,0.0
883,0.0005188827053643763,5.188808427192271e-05,1.848868280696081e-12,0.0
884,0.0005178838619031012,5.1788203563774005e-05,1.7985612998927536e-12,0.0
885,0.0005168879288248718,5.1688606617972255e-05,1.846336451782893e-12,0.0
886,0.0005158943240530789,5.1589246140792966e-05,1.848868280696081e-12,0.0
887,0.000514902756549418,5.149008575244807e-05,1.892174784912104e-12,0.0
888,0.0005139141576364636,5.1391230954322964e-05,1.8362264833649e-12,0.0
889,0.0005129275959916413,5.129257988301106e-05,1.7811177879800688e-12,0.0
890,0.0005119435954838991,5.119418347021565e-05,1.7440250632549947e-12,0.0
891,0.0005109617486596107,5.109599806019105e-05,1.7415660927277976e-12,0.0
892,0.0005099826375953853,5.09980927745346e-05,1.7097573357105489e-12,0.0
893,0.0005090059130452573,5.090042395750061e-05,1.7121937548325583e-12,0.0
894,0.0005080315750092268,5.080298797111027e-05,1.704889701636958e-12,0.0
895,0.000507059448864311,5.0705773901427165e-05,1.7121937548325583e-12,0.0
896,0.0005060897674411535,5.060880721430294e-05,1.6830712171178597e-12,0.0
897,0.0005051225889474154,5.051209882367402e-05,1.6303286845542608e-12,0.0
898,0.0005041576805524528,5.041560507379472e-05,1.6208293387998118e-12,0.0
899,0.0005031951586715877,5.031935143051669e-05,1.6066323618724176e-12,0.0
900,0.0005022351397201419,5.022335608373396e-05,1.5995572921756462e-12,0.0
901,0.0005012775654904544,5.01276008435525e-05,1.564416131361046e-12,0.0
902,0.0005003221449442208,5.003205660614185e-05,1.5504689546141925e-12,0.0
903,0.0004993694601580501,4.993679249309935e-05,1.5296652833285407e-12,0.0
904,0.0004984187544323504,4.984172119293362e-05,1.5690790680644717e-12,0.0
905,0.0004974706680513918,4.9746908189263195e-05,1.5737489436618013e-12,0.0
906,0.0004965246189385653,4.965230982634239e-05,1.5112910922709943e-12,0.0
907,0.000495581072755158,4.955795157002285e-05,1.5620872650945472e-12,0.0
908,0.0004946400877088308,4.9463855248177424e-05,1.509002124644443e-12,0.0
909,0.0004937011981382966,4.9369973567081615e-05,1.4322093858099016e-12,0.0
910,0.0004927648114971817,4.9276342906523496e-05,1.3923662570136663e-12,0.0
911,0.0004918308695778251,4.918294507660903e-05,1.3857803793371204e-12,0.0
912,0.0004908991395495832,4.9089772801380605e-05,1.407794020247266e-12,0.0
913,0.000489969679620117,4.899682244285941e-05,1.4411397422642303e-12,0.0
914,0.0004890426644124091,4.890412310487591e-05,1.4277546159235932e-12,0.0
915,0.00048811794840730727,4.881165659753606e-05,1.3617657348974355e-12,0.0
916,0.00048719579353928566,4.8719441110733896e-05,1.3901692297313417e-12,0.0
917,0.00048627573414705694,4.8627440264681354e-05,1.340116385917245e-12,0.0
918,0.0004853579157497734,4.8535661335336044e-05,1.3229218068233628e-12,0.0
919,0.0004844425420742482,4.8444122512592e-05,1.2973381049996568e-12,0.0
920,0.0004835294676013291,4.835282015847042e-05,1.2783142600003572e-12,0.0
921,0.00048261848860420287,4.826172153116204e-05,1.2699043205888216e-12,0.0
922,0.0004817100125364959,4.8170873924391344e-05,1.2867519549875084e-12,0.0
923,0.00048080371925607324,4.808024095837027e-05,1.3165024626005106e-12,0.0
924,0.00047989984159357846,4.798985901288688e-05,1.2657097592239097e-12,0.0
925,0.00047899835044518113,4.789970989804715e-05,1.2531677084925974e-12,0.0
926,0.00047809883835725486,4.7809760872041807e-05,1.2200275512075365e-12,0.0
927,0.00047720185830257833,4.772007014253177e-05,1.1671219546371958e-12,0.0
928,0.0004763070319313556,4.763058677781373e-05,1.1651105427668007e-12,0.0
929,0.00047541444655507803,4.754132169182412e-05,1.2200275512075365e-12,0.0
930,0.00047452416038140655,4.7452293074456975e-05,1.2241457847395054e-12,0.0
931,0.00047363602789118886,4.736348637379706e-05,1.175184949353536e-12,0.0
932,0.00047275074757635593,4.7274963435484096e-05,1.0997071309137851e-12,0.0
933,0.0004718671552836895,4.718660784419626e-05,1.0802608807480851e-12,0.0
934,0.0004709860950242728,4.70984959974885e-05,1.1212983666575305e-12,0.0
935,0.0004701069265138358,4.701058423961513e-05,1.0841362529934173e-12,0.0
936,0.00046923040645197034,4.692293077823706e-05,1.0977546996415732e-12,0.0
937,0.0004683559818658978,4.68354883196298e-05,1.1193268534270828e-12,0.0
938,0.0004674837691709399,4.6748271415708587e-05,1.0495077029659683e-12,0.0
939,0.00046661405940540135,4.6661298256367445e-05,1.0899623217874854e-12,0.0
940,0.0004657464742194861,4.657453973777592e-05,1.078325796710633e-12,0.0
941,0.0004648807807825506,4.6487974032061175e-05,1.038089753047089e-12,0.0
942,0.0004640178813133389,4.6401684812735766e-05,1.007947197928516e-12,0.0
943,0.0004631565243471414,4.631555202649906e-05,1.004210603561262e-12,0.0
944,0.0004622978449333459,4.622968117473647e-05,1.032404196854575e-12,0.0
945,0.0004614414065144956,4.614404315361753e-05,9.91187167065366e-13,0.0
946,0.00046058709267526865,4.605860885931179e-05,9.800918757130184e-13,0.0
947,0.00045973496162332594,4.597340011969209e-05,9.471807019267864e-13,0.0
948,0.00045888504246249795,4.5888406020822003e-05,9.930424538229232e-13,0.0
949,0.0004580371896736324,4.580362292472273e-05,9.580886431437285e-13,0.0
950,0.0004571916942950338,4.571907993522473e-05,9.130508848986807e-13,0.0
951,0.00045634841080754995,4.563475158647634e-05,9.024031522031351e-13,0.0
952,0.0004555073392111808,4.555064515443519e-05,9.16614006918337e-13,0.0
953,0.00045466836309060454,4.546674244920723e-05,9.183981700133792e-13,0.0
954,0.0004538316570688039,4.5383076212601736e-05,9.094947017729282e-13,0.0
955,0.00045299710473045707,4.529962097876705e-05,9.024031522031351e-13,0.0
956,0.0004521645896602422,4.521637310972437e-05,8.569846221551103e-13,0.0
957,0.0004513344611041248,4.5133361709304154e-05,8.364177406239293e-13,0.0
958,0.00045050648623146117,4.5050561311654747e-05,8.812950369474493e-13,0.0
959,0.0004496804322116077,4.4967953726882115e-05,8.953393582089575e-13,0.0
960,0.00044885670649819076,4.488558624871075e-05,8.466699563669522e-13,0.0
961,0.00044803525088354945,4.480344068724662e-05,8.34715109532258e-13,0.0
962,0.0004472157743293792,4.472149885259569e-05,7.97696110554913e-13,0.0
963,0.0004463984805624932,4.463977165869437e-05,7.664008316865534e-13,0.0
964,0.0004455833986867219,4.455826274352148e-05,7.8774573669671e-13,0.0
965,0.00044477058690972626,4.447697938303463e-05,7.993605777301127e-13,0.0
966,0.0004439598706085235,4.439590702531859e-05,7.844428231984502e-13,0.0
967,0.00044315101695246994,4.431502384250052e-05,7.860934125858421e-13,0.0
968,0.0004423443169798702,4.4234351662453264e-05,7.927131173701696e-13,0.0
969,0.00044153971248306334,4.415389776113443e-05,7.341349750333848e-13,0.0
970,0.00044073740718886256,4.407366577652283e-05,7.469580509678053e-13,0.0
971,0.00043993713916279376,4.399364479468204e-05,6.963318810448982e-13,0.0
972,0.0004391390539240092,4.3913831177633256e-05,7.166845242267961e-13,0.0
973,0.000438343093264848,4.38342394772917e-05,6.994439749608006e-13,0.0
974,0.0004375491989776492,4.375484786578454e-05,7.18262255228197e-13,0.0
975,0.00043675725464709103,4.3675649067154154e-05,7.453490949438368e-13,0.0
976,0.000435967551311478,4.359668309916742e-05,7.151085279488711e-13,0.0
977,0.00043517982703633606,4.351791722001508e-05,6.778050343214659e-13,0.0
978,0.0004343943437561393,4.343936961959116e-05,6.444879352418553e-13,0.0
979,0.0004336106067057699,4.336100028012879e-05,6.251952081037793e-13,0.0
980,0.0004328294890001416,4.328288559918292e-05,6.385204864844951e-13,0.0
981,0.000432049942901358,4.320493098930456e-05,6.340631145129727e-13,0.0
982,0.00043127292883582413,4.3127227399963886e-05,6.716849298982197e-13,0.0
983,0.000430497428169474,4.304967660573311e-05,6.565060994834226e-13,0.0
984,0.00042972437222488225,4.297237683204003e-05,6.16389751739721e-13,0.0
985,0.000428953324444592,4.289526987122372e-05,6.266688556966216e-13,0.0
986,0.0004281842557247728,4.2818366637220606e-05,5.775380174100064e-13,0.0
987,0.0004274173697922379,4.274167804396711e-05,5.903480829183572e-13,0.0
988,0.0004266522591933608,4.266516407369636e-05,6.10554141966535e-13,0.0
989,0.00042588930227793753,4.258887565811165e-05,5.578905393210931e-13,0.0
990,0.0004251284699421376,4.251279096934013e-05,5.634694100198345e-13,0.0
991,0.0004243696166668087,4.2436906369403005e-05,5.413204606785627e-13,0.0
992,0.00042361265514045954,4.236120730638504e-05,5.775380174100064e-13,0.0
993,0.0004228580219205469,4.228574471198954e-05,5.803725555697525e-13,0.0
994,0.00042210507672280073,4.221045310259797e-05,5.537246008935348e-13,0.0
995,0.0004213542561046779,4.21353688579984e-05,5.690760362941916e-13,0.0
996,0.000420605530962348,4.2060499254148453e-05,5.277028813921447e-13,0.0
997,0.00041985861025750637,4.198581154923886e-05,4.918019116950667e-13,0.0
998,0.0004191139305476099,4.19113457610365e-05,4.5214179622554695e-13,0.0
999,0.0004183711134828627,4.1837061871774495e-05,4.852923618514637e-13,0.0
1000,0.0004176305665168911,4.176300353719853e-05,5.155953788915646e-13,0.0
1001,0.00041689167846925557,4.1689116187626496e-05,5.317699405815723e-13,0.0
1002,0.0004161548858974129,4.161543620284647e-05,5.263506644426208e-13,0.0
1003,0.0004154200723860413,4.154195630690083e-05,4.87890977618477e-13,0.0
1004,0.0004146870051044971,4.146865467191674e-05,4.596878433460461e-13,0.0
1005,0.0004139561497140676,4.1395567677682266e-05,4.634842856732213e-13,0.0
1006,0.00041322706965729594,4.132266258238815e-05,4.2379381254287196e-13,0.0
1007,0.00041250011418014765,4.124996848986484e-05,4.508901932376297e-13,0.0
1008,0.00041177505045197904,4.1177459934260696e-05,4.44658199150183e-13,0.0
1009,0.0004110518784727901,4.110514419153333e-05,4.508901932376297e-13,0.0
1010,0.00041033088928088546,4.1033043089555576e-05,4.571655554119758e-13,0.0
1011,0.00040961167542263865,4.096112388651818e-05,4.3110046782368627e-13,0.0
1012,0.0004088944988325238,4.088940841029398e-05,4.105604745063829e-13,0.0
1013,0.0004081789229530841,4.0817853005137295e-05,3.881972868158279e-13,0.0
1014,0.00040746561717242,4.074652315466665e-05,3.8587969625192287e-13,0.0
1015,0.0004067540867254138,4.0675364289199933e-05,4.262224254092395e-13,0.0
1016,0.00040604462265037,4.060442006448284e-05,4.3846957314963575e-13,0.0
1017,0.0004053367592860013,4.0533635910833254e-05,4.141487500164409e-13,0.0
1018,0.00040463125333189964,4.046309186378494e-05,3.5972613776635853e-13,0.0
1019,0.00040392737719230354,4.039270061184652e-05,3.7325698087897763e-13,0.0
1020,0.0004032255383208394,4.0322520362678915e-05,3.541620122171629e-13,0.0
1021,0.00040252538747154176,4.025250018457882e-05,3.6533363140245356e-13,0.0
1022,0.00040182744851335883,4.0182709199143574e-05,3.4534961695920074e-13,0.0
1023,0.00040113116847351193,4.011307828477584e-05,3.7896855792363127e-13,0.0
1024,0.0004004367801826447,4.004364018328488e-05,3.642086632282826e-13,0.0
1025,0.00039974419632926583,3.9974383980734274e-05,3.519485050618165e-13,0.0
1026,0.0003990534460172057,3.9905309677124023e-05,3.377298440909726e-13,0.0
1027,0.0003983647038694471,3.983643910032697e-05,3.112102589519772e-13,0.0
1028,0.0003976778534706682,3.976775406044908e-05,3.112102589519772e-13,0.0
1029,0.0003969929239246994,3.969926183344796e-05,3.216879887468771e-13,0.0
1030,0.00039630968240089715,3.9630936953471974e-05,3.323391908893747e-13,0.0
1031,0.0003956283035222441,3.9562797610415146e-05,3.3449024799958593e-13,0.0
1032,0.00039494887460023165,3.949485835619271e-05,3.0090600150467495e-13,0.0
1033,0.00039427151205018163,3.942712282878347e-05,2.988659666969262e-13,0.0
1034,0.000393595575587824,3.93595291825477e-05,3.029529752063276e-13,0.0
1035,0.0003929214726667851,3.9292117435252294e-05,3.029529752063276e-13,0.0
1036,0.00039224946522153914,3.922491305274889e-05,3.0706773929134457e-13,0.0
1037,0.00039157929131761193,3.915790148312226e-05,2.827954884154771e-13,0.0
1038,0.00039091071812435985,3.9091046346584335e-05,2.6620719517644886e-13,0.0
1039,0.0003902439202647656,3.902436947100796e-05,2.4364191220094256e-13,0.0
1040,0.00038957936340011656,3.895791087416001e-05,2.67169099343878e-13,0.0
1041,0.0003889162326231599,3.889159415848553e-05,2.8378688288199783e-13,0.0
1042,0.0003882549935951829,3.882547389366664e-05,2.7395100077320933e-13,0.0
1043,0.0003875956463161856,3.875953916576691e-05,2.5012023702197794e-13,0.0
1044,0.0003869379870593548,3.869377542287111e-05,2.4548418853242993e-13,0.0
1045,0.0003862822486553341,3.862819721689448e-05,2.5292268279741847e-13,0.0
1046,0.0003856280236504972,3.8562779081985354e-05,2.4548418853242993e-13,0.0
1047,0.0003849759523291141,3.849757194984704e-05,2.2383483955223937e-13,0.0
1048,0.00038432536530308425,3.843251397483982e-05,2.327339709840004e-13,0.0
1049,0.00038367664092220366,3.836764517473057e-05,2.1338486533295509e-13,0.0
1050,0.00038302966277115047,3.830294735962525e-05,2.1770866359682728e-13,0.0
1051,0.0003823845472652465,3.8238431443460286e-05,2.345346139520643e-13,0.0
1052,0.0003817412653006613,3.817410470219329e-05,2.2826272122467017e-13,0.0
1053,0.00038109932211227715,3.810991256614216e-05,2.0995705174442492e-13,0.0
1054,0.0003804595035035163,3.8045931432861835e-05,2.0571131603697168e-13,0.0
1055,0.00037982125650160015,3.798210673267022e-05,2.0655699373151037e-13,0.0
1056,0.0003791845520026982,3.79184348275885e-05,2.1252530985060858e-13,0.0
1057,0.0003785502049140632,3.785499939112924e-05,1.9487536584428256e-13,0.0
1058,0.0003779169637709856,3.779168036999181e-05,1.8916205407615294e-13,0.0
1059,0.00037728590541519225,3.772856871364638e-05,1.9487536584428256e-13,0.0
1060,0.000376656447770074,3.766562804230489e-05,1.779904348908623e-13,0.0
1061,0.00037602841621264815,3.7602825614158064e-05,1.6112198381046383e-13,0.0
1062,0.00037540221819654107,3.7540205084951594e-05,1.7877713198721779e-13,0.0
1063,0.00037477799924090505,3.747778100660071e-05,1.7642224486857927e-13,0.0
1064,0.00037415529368445277,3.7415513361338526e-05,1.7486099374020014e-13,0.0
1065,0.0003735341306310147,3.7353394873207435e-05,1.6112198381046383e-13,0.0
1066,0.0003729150921572,3.729149102582596e-05,1.7408297026122455e-13,0.0
1067,0.0003722975088749081,3.7229732697596774e-05,1.702188737184862e-13,0.0
1068,0.0003716816136147827,3.716814535437152e-05,1.5814519832568763e-13,0.0
1069,0.00037106734816916287,3.7106718082213774e-05,1.663981452626473e-13,0.0
1070,0.00037045479984954,3.704546543303877e-05,1.3192572034803618e-13,0.0
1071,0.0003698437358252704,3.698435830301605e-05,1.360161983043895e-13,0.0
1072,0.00036923462175764143,3.6923447623848915e-05,1.367040161626143e-13,0.0
1073,0.00036862705019302666,3.6862689739791676e-05,1.5300261058115439e-13,0.0
1074,0.00036802125396206975,3.6802110116695985e-05,1.5888679261166772e-13,0.0
1075,0.00036741685471497476,3.674167237477377e-05,1.5227489408298212e-13,0.0
1076,0.00036681449273601174,3.668143835966475e-05,1.1938453697846185e-13,0.0
1077,0.00036621378967538476,3.6621368053602055e-05,1.0564552704872554e-13,0.0
1078,0.0003656144253909588,3.656143235275522e-05,1.1366255159295235e-13,0.0
1079,0.00036501672002486885,3.65016603609547e-05,1.2132309046286593e-13,0.0
1080,0.0003644206444732845,3.6442052078200504e-05,1.299039001367852e-13,0.0
1081,0.0003638262569438666,3.638261114247143e-05,1.3192572034803618e-13,0.0
1082,0.00036323335370980203,3.632332300185226e-05,1.2590709724813465e-13,0.0
1083,0.00036264234222471714,3.6264224036131054e-05,1.2262413306984854e-13,0.0
1084,0.00036205275682732463,3.620526331360452e-05,1.124100812432971e-13,0.0
1085,0.00036146494676359,3.614648449001834e-05,9.105216580707065e-14,0.0
1086,0.0003608785627875477,3.6087847547605634e-05,8.174797644366905e-14,0.0
1087,0.0003602940123528242,3.6029392504133284e-05,9.161508357502512e-14,0.0
1088,0.00035971085890196264,3.5971075703855604e-05,9.967807829136532e-14,0.0
1089,0.0003591293061617762,3.5912918974645436e-05,1.0564552704872554e-13,0.0
1090,0.000358549237716943,3.585491140256636e-05,1.1874182193061245e-13,0.0
1091,0.0003579709446057677,3.579708209144883e-05,1.0625181290357943e-13,0.0
1092,0.000357394281309098,3.5739420127356425e-05,9.560408020803379e-14,0.0
1093,0.0003568190149962902,3.5681892768479884e-05,8.01581023779363e-14,0.0
1094,0.0003562454949133098,3.562454367056489e-05,6.655179879411222e-14,0.0
1095,0.0003556732553988695,3.556731826392934e-05,5.464465685500741e-14,0.0
1096,0.00035510287852957845,3.551028203219175e-05,6.800116025829084e-14,0.0
1097,0.0003545337822288275,3.545336949173361e-05,9.733967104574859e-14,0.0
1098,0.000353966373950243,3.5396624298300594e-05,1.0264011862659572e-13,0.0
1099,0.00035340062458999455,3.534005372785032e-05,9.2746123281362e-14,0.0
1100,0.00035283618490211666,3.528361048665829e-05,7.446213784456646e-14,0.0
1101,0.0003522734041325748,3.522733459249139e-05,5.728837543239607e-14,0.0
1102,0.00035171210765838623,3.517120421747677e-05,4.708820139365244e-14,0.0
1103,0.0003511525865178555,3.51152521034237e-05,5.728837543239607e-14,0.0
1104,0.00035059440415352583,3.505943459458649e-05,6.137104713310748e-14,0.0
1105,0.0003500379389151931,3.500378443277441e-05,7.294512216482474e-14,0.0
1106,0.0003494823758956045,3.494822885841131e-05,7.3449059334596e-14,0.0
1107,0.00034892867552116513,3.489286245894618e-05,6.800116025829084e-14,0.0
1108,0.00034837675048038363,3.4837670682463795e-05,6.369991339960634e-14,0.0
1109,0.0003478261933196336,3.478261351119727e-05,4.508893258758917e-14,0.0
1110,0.00034727712045423687,3.472770913504064e-05,4.274705589502048e-14,0.0
1111,0.0003467292699497193,3.467292481218465e-05,4.313303186842532e-14,0.0
1112,0.00034618325298652053,3.46183187502902e-05,4.548531690184987e-14,0.0
1113,0.00034563872031867504,3.456386548350565e-05,5.334621633323877e-14,0.0
1114,0.0003450957010500133,3.4509565011831e-05,6.276316272257887e-14,0.0
1115,0.000344553729519248,3.445536640356295e-05,5.206338832275392e-14,0.0
1116,0.00034401367884129286,3.440136060817167e-05,4.668487818548783e-14,0.0
1117,0.0003434747632127255,3.434747486608103e-05,3.000724668744681e-14,0.0
1118,0.0003429377102293074,3.4293767384951934e-05,3.131175874138137e-14,0.0
1119,0.0003424016176722944,3.424015812925063e-05,3.2308357378330044e-14,0.0
1120,0.00034186727134510875,3.418672349653207e-05,4.122049923616089e-14,0.0
1121,0.00034133458393625915,3.4133452572859824e-05,4.9960036108132044e-14,0.0
1122,0.0003408027405384928,3.408027259865776e-05,4.274705589502048e-14,0.0
1123,0.0003402729344088584,3.402728907531127e-05,3.197442310920451e-14,0.0
1124,0.0003397444379515946,3.397444015718065e-05,2.0039525594484076e-14,0.0
1125,0.0003392172802705318,3.392172584426589e-05,2.5362524580518908e-14,0.0
1126,0.00033869160688482225,3.386915705050342e-05,3.098302864268376e-14,0.0
1127,0.0003381671558599919,3.3816711948020384e-05,2.7791137446886438e-14,0.0
1128,0.0003376441600266844,3.376441236468963e-05,3.3661441689591953e-14,0.0
1129,0.0003371228522155434,3.3712283766362816e-05,2.3328561304936102e-14,0.0
1130,0.00033660276676528156,3.366027522133663e-05,2.7173575889438695e-14,0.0
1131,0.00033608393277972937,3.360839036758989e-05,2.110811525568579e-14,0.0
1132,0.0003355666121933609,3.355665830895305e-05,2.2482883610397408e-14,0.0
1133,0.00033505100873298943,3.3505097235320136e-05,2.137959947967616e-14,0.0
1134,0.0003345364530105144,3.345364166307263e-05,2.030407092457054e-14,0.0
1135,0.00033402349799871445,3.340234616189264e-05,2.030407092457054e-14,0.0
1136,0.00033351159072481096,3.335115616209805e-05,1.9256297945080547e-14,0.0
1137,0.0003330013423692435,3.330012987134978e-05,1.8236280541206185e-14,0.0
1138,0.0003324926656205207,3.324926728964783e-05,1.3989677472014961e-14,0.0
1139,0.00033198477467522025,3.3198477467522025e-05,1.3989677472014961e-14,0.0
1140,0.0003314785426482558,3.3147854992421344e-05,1.2699043205888216e-14,0.0
1141,0.00033097376581281424,3.309737439849414e-05,1.848868280696081e-14,0.0
1142,0.00033047026954591274,3.304702477180399e-05,1.700029006457271e-14,0.0
1143,0.00032996831578202546,3.2996831578202546e-05,9.201840678318973e-15,0.0
1144,0.00032946743885986507,3.294674388598651e-05,8.501012394024343e-15,0.0
1145,0.0003289681044407189,3.2896808988880366e-05,1.1873314831323256e-14,0.0
1146,0.0003284701379016042,3.2847012334968895e-05,9.930424538229232e-15,0.0
1147,0.00032797339372336864,3.2797339372336864e-05,1.0305124809040223e-14,0.0
1148,0.00032747769728302956,3.274776827311143e-05,1.0305124809040223e-14,0.0
1149,0.00032698374707251787,3.269837543484755e-05,6.5650609948342264e-15,0.0
1150,0.0003264908154960722,3.2649080822011456e-05,7.341349750333848e-15,0.0
1151,0.0003259995428379625,3.259995355620049e-05,7.827939685345342e-15,0.0
1152,0.0003255092306062579,3.2550924515817314e-05,4.87890977618477e-15,0.0
1153,0.00032502057729288936,3.250205918448046e-05,3.8935868418299435e-15,0.0
1154,0.00032453302992507815,3.2453302992507815e-05,5.4132046067856265e-15,0.0
1155,0.0003240467340219766,3.240467412979342e-05,4.749672877224498e-15,0.0
1156,0.0003235618642065674,3.23561871482525e-05,5.8321403262340255e-15,0.0
1157,0.0003230781585443765,3.230781658203341e-05,6.716849298982197e-15,0.0
1158,0.000322596199112013,3.225962063879706e-05,5.142587744533245e-15,0.0
1159,0.0003221150836907327,3.221150836907327e-05,2.2560078805078376e-15,0.0
1160,0.0003216354234609753,3.216354161850177e-05,1.0625181290357943e-15,0.0
1161,0.0003211570146959275,3.211570219718851e-05,7.294512216482474e-16,0.0
1162,0.00032067971187643707,3.206797191523947e-05,3.1225022567582528e-15,0.0
1163,0.0003202037769369781,3.202037623850629e-05,1.9160020792163834e-15,0.0
1164,0.0003197290061507374,3.197290061507374e-05,1.835337437583462e-15,0.0
1165,0.00031925595249049366,3.192559597664513e-05,2.818058286724323e-15,0.0
1166,0.00031878380104899406,3.1878378649707884e-05,1.2524703496552547e-15,0.0
1167,0.0003183128428645432,3.183128501405008e-05,4.198030811863873e-16,0.0
1168,0.00031784316524863243,3.178431506967172e-05,5.421010862427522e-16,0.0
1169,0.0003173748846165836,3.1737487006466836e-05,1.700029006457271e-16,0.0
1170,0.00031690779724158347,3.1690778996562585e-05,5.863365348801608e-16,0.0
1171,0.00031644184491597116,3.1644183764001355e-05,3.469446951953614e-18,0.0
1172,0.00031597711495123804,3.1597712222719565e-05,6.323067069935462e-16,0.0
1173,0.0003155138692818582,3.155138620059006e-05,1.0625181290357943e-15,0.0
1174,0.00031505158403888345,3.1505158403888345e-05,4.198030811863873e-16,0.0
1175,0.0003145905793644488,3.145905793644488e-05,3.469446951953614e-16,0.0
1176,0.0003141308843623847,3.141308843623847e-05,5.551115123125783e-17,0.0
1177,0.0003136723826173693,3.136723898933269e-05,1.0026701691145945e-15,0.0
1178,0.0003132149577140808,3.132149504381232e-05,1.0026701691145945e-15,0.0
1179,0.0003127590171061456,3.127590025542304e-05,1.465841337200402e-16,0.0
1180,0.0003123040369246155,3.123040369246155e-05,5.551115123125783e-17,0.0
1181,0.0003118503373116255,3.118503445875831e-05,2.168404344971009e-17,0.0
1182,0.00031139765633270144,3.113976708846167e-05,1.0495077029659683e-16,0.0
1183,0.0003109463432338089,3.109463432338089e-05,3.469446951953614e-18,0.0
1184,0.0003104963689111173,3.104963616351597e-05,7.294512216482474e-16,0.0
1185,0.0003100471803918481,3.100471803918481e-05,1.6792123247455493e-15,0.0
1186,0.00030959967989474535,3.0959967261878774e-05,4.250072516143177e-15,0.0
1187,0.00030915296520106494,3.0915296520106494e-05,1.5300261058115439e-15,0.0
1188,0.00030870753107592463,3.0870753107592463e-05,1.6037518535405582e-15,0.0
1189,0.00030826323200017214,3.082632247242145e-05,8.881784197001252e-16,0.0
1190,0.0003078201552852988,3.078201552852988e-05,1.951563910473908e-16,0.0
1191,0.00030737818451598287,3.0737817724002525e-05,3.664603343001005e-15,0.0
1192,0.00030693746521137655,3.0693747248733416e-05,2.345346139520643e-15,0.0
1193,0.000306497560814023,3.064975680899806e-05,3.3341385208274232e-15,0.0
1194,0.0003060591989196837,3.060591916437261e-05,3.4425587380759737e-15,0.0
1195,0.00030562179745174944,3.0562179745174944e-05,2.5292268279741847e-15,0.0
1196,0.00030518556013703346,3.051855674129911e-05,2.5292268279741847e-15,0.0
1197,0.0003047504578717053,3.047504651476629e-05,5.690760362941916e-15,0.0
1198,0.0003043163160327822,3.0431630875682458e-05,4.372370521199542e-15,0.0
1199,0.0003038836002815515,3.038836075575091e-05,6.415007414162233e-15,0.0
1200,0.00030345204868353903,3.0345205232151784e-05,6.266688556966216e-15,0.0
1201,0.0003030212828889489,3.030212792509701e-05,5.975255013002112e-15,0.0
1202,0.00030259182676672935,3.0259183404268697e-05,8.330142131640628e-15,0.0
1203,0.0003021633892785758,3.0216338927857578e-05,4.372370521199542e-15,0.0
1204,0.00030173620325513184,3.0173619961715303e-05,5.4132046067856265e-15,0.0
1205,0.0003013099485542625,3.013099376403261e-05,1.2282709571653783e-14,0.0
1206,0.00030088474159128964,3.0088473067735322e-05,1.068676397375512e-14,0.0
1207,0.00030046101892367005,3.0046101528569125e-05,7.664008316865534e-15,0.0
1208,0.0003000381402671337,3.0003815481904894e-05,5.009881398621019e-15,0.0
1209,0.00029961622203700244,2.9961622203700244e-05,1.0116907311896739e-14,0.0
1210,0.00029919552616775036,2.9919552616775036e-05,1.4210854715202004e-14,0.0
1211,0.00029877590714022517,2.9877590350224636e-05,1.1873314831323256e-14,0.0
1212,0.00029835745226591825,2.9835746317985468e-05,9.201840678318973e-15,0.0
1213,0.00029793992871418595,2.9793993235216476e-05,1.1075342032373925e-14,0.0
1214,0.0002975235984195024,2.975235656776931e-05,1.724401871294745e-14,0.0
1215,0.0002971079957205802,2.9710796297877096e-05,1.534276178327687e-14,0.0
1216,0.00029669376090168953,2.966937427117955e-05,1.5574347367319774e-14,0.0
1217,0.00029628060292452574,2.9628061383846216e-05,1.2909812108219398e-14,0.0
1218,0.0002958685508929193,2.9586853997898288e-05,1.4210854715202004e-14,0.0
1219,0.00029545745928771794,2.9545744837378152e-05,1.4433766681865023e-14,0.0
1220,0.0002950475027319044,2.9504748454201035e-05,1.8236280541206185e-14,0.0
1221,0.00029463841929100454,2.946383938251529e-05,1.977671498787359e-14,0.0
1222,0.00029423050000332296,2.942304672615137e-05,1.724401871294745e-14,0.0
1223,0.00029382339562289417,2.938233592431061e-05,1.5574347367319774e-14,0.0
1224,0.0002934173389803618,2.9341730623855256e-05,2.6867397195928788e-14,0.0
1225,0.0002930125338025391,2.9301250833668746e-05,2.137959947967616e-14,0.0
1226,0.0002926086017396301,2.9260858354973607e-05,2.841563789823809e-14,0.0
1227,0.00029220592114143074,2.922058956755791e-05,2.656295322589486e-14,0.0
1228,0.00029180411365814507,2.918040809163358e-05,1.7736680180124864e-14,0.0
1229,0.0002914033248089254,2.914032847911585e-05,1.6279512460304346e-14,0.0
1230,0.00029100358369760215,2.910035618697293e-05,2.3613923316734287e-14,0.0
1231,0.0002906046574935317,2.9060462111374363e-05,2.7481489306424578e-14,0.0
1232,0.0002902068954426795,2.902068808907643e-05,2.8102520310824275e-14,0.0
1233,0.00028981021023355424,2.8981017749174498e-05,3.400404957609737e-14,0.0
1234,0.0002894145145546645,2.8941449272679165e-05,3.60961260881254e-14,0.0
1235,0.00028901963378302753,2.8901960831717588e-05,3.645087703896266e-14,0.0
1236,0.00028862577164545655,2.886257425416261e-05,2.1652818427142506e-14,0.0
1237,0.0002882328990381211,2.8823285902035423e-05,3.2308357378330044e-14,0.0
1238,0.00028784098685719073,2.8784095775336027e-05,3.000724668744681e-14,0.0
1239,0.00028745015151798725,2.8745011150022037e-05,2.968545548265311e-14,0.0
1240,0.0002870603057090193,2.8706028388114646e-05,3.332056852656251e-14,0.0
1241,0.0002866713621187955,2.866713475668803e-05,3.898270595215081e-14,0.0
1242,0.00028628355357795954,2.862834844563622e-05,4.43013681294957e-14,0.0
1243,0.0002858965308405459,2.858964762708638e-05,4.708820139365244e-14,0.0
1244,0.00028551038121804595,2.855103593901731e-05,3.7165583111065104e-14,0.0
1245,0.0002851253666449338,2.851253520930186e-05,3.645087703896266e-14,0.0
1246,0.00028474125429056585,2.8474121791077778e-05,3.539182835687882e-14,0.0
1247,0.0002843580150511116,2.8435799322323874e-05,3.752553823233029e-14,0.0
1248,0.00028397576534189284,2.839757507899776e-05,3.898270595215081e-14,0.0
1249,0.000283594592474401,2.835945451806765e-05,5.0796172823552865e-14,0.0
1250,0.0002832143218256533,2.832142672559712e-05,4.913083828661513e-14,0.0
1251,0.00028283492429181933,2.8283488063607365e-05,4.9960036108132044e-14,0.0
1252,0.0002824563125614077,2.824562761816196e-05,4.313303186842532e-14,0.0
1253,0.0002820789231918752,2.820788540702779e-05,5.291687227293451e-14,0.0
1254,0.00028170240693725646,2.8170234145363793e-05,5.121684326647724e-14,0.0
1255,0.0002813265018630773,2.8132644729339518e-05,4.391018798566293e-14,0.0
1256,0.00028095184825360775,2.8095179004594684e-05,5.0796172823552865e-14,0.0
1257,0.000280578009551391,2.805779513437301e-05,5.291687227293451e-14,0.0
1258,0.0002802050730679184,2.802050039463211e-05,6.18333509394553e-14,0.0
1259,0.0002798331552185118,2.7983311156276613e-05,5.551895748689972e-14,0.0
1260,0.00027946196496486664,2.794618922052905e-05,5.334621633323877e-14,0.0
1261,0.00027909179334528744,2.7909174605156295e-05,5.206338832275392e-14,0.0
1262,0.0002787225239444524,2.787224730127491e-05,5.863365348801608e-14,0.0
1263,0.00027835395303554833,2.783538911899086e-05,5.81834927460001e-14,0.0
1264,0.0002779864880722016,2.779864371404983e-05,6.946613423375325e-14,0.0
1265,0.0002776197507046163,2.7761965611716732e-05,7.497127918476565e-14,0.0
1266,0.0002772540901787579,2.772540392470546e-05,6.511804984121738e-14,0.0
1267,0.0002768891863524914,2.7688911359291524e-05,5.551895748689972e-14,0.0
1268,0.0002765252720564604,2.7652520657284185e-05,5.77350667274601e-14,0.0
1269,0.00027616211446002126,2.7616206352831796e-05,5.464465685500741e-14,0.0
1270,0.00027579994639381766,2.7579990273807198e-05,7.045145716810808e-14,0.0
1271,0.00027543853502720594,2.7543845135369338e-05,8.771108839233932e-14,0.0
1272,0.0002750780258793384,2.7507794584380463e-05,9.105216580707065e-14,0.0
1273,0.0002747183316387236,2.747182770690415e-05,7.244291971852945e-14,0.0
1274,0.0002743596560321748,2.7435960873845033e-05,6.137104713310748e-14,0.0
1275,0.00027400179533287883,2.7400174076319672e-05,6.22973894692791e-14,0.0
1276,0.00027364501147530973,2.736449459916912e-05,6.848775019330233e-14,0.0
1277,0.000273288635071367,2.7328855139785446e-05,8.443246102274315e-14,0.0
1278,0.0002729332190938294,2.729331208684016e-05,8.661127370857002e-14,0.0
1279,0.000272578647127375,2.7257856345386244e-05,9.675940604303435e-14,0.0
1280,0.0002722249773796648,2.7222489734413102e-05,9.161508357502512e-14,0.0
1281,0.00027187218074686825,2.718721043493133e-05,7.910685995149436e-14,0.0
1282,0.00027152016991749406,2.7152007533004507e-05,8.174797644366905e-14,0.0
1283,0.0002711689448915422,2.7116888304590248e-05,6.607214775300463e-14,0.0
1284,0.00027081879670731723,2.7081870939582586e-05,8.993153444158963e-14,0.0
1285,0.00027046914328821003,2.7046904506278224e-05,9.967807829136532e-14,0.0
1286,0.0002701206540223211,2.7012056307285093e-05,8.826359781943793e-14,0.0
1287,0.0002697726886253804,2.697725903999526e-05,9.049098276259215e-14,0.0
1288,0.0002694255963433534,2.6942547265207395e-05,1.0746958878371515e-13,0.0
1289,0.0002690793771762401,2.6907930077868514e-05,9.792167077193881e-14,0.0
1290,0.00026873385650105774,2.6873376555158757e-05,9.2746123281362e-14,0.0
1291,0.0002683894126676023,2.6838932171813212e-05,9.388410188160279e-14,0.0
1292,0.0002680454053916037,2.6804533263202757e-05,6.703318455869578e-14,0.0
1293,0.00026770244585350156,2.6770234399009496e-05,1.0323773086406973e-13,0.0
1294,0.00026736033032648265,2.6736021027318202e-05,1.1618830897397459e-13,0.0
1295,0.0002670187968760729,2.6701867682277225e-05,1.2132309046286593e-13,0.0
1296,0.00026667819474823773,2.6667808924685232e-05,1.1555426754350506e-13,0.0
1297,0.000266338320216164,2.663382292666938e-05,9.909087439474717e-14,0.0
1298,0.00026599926059134305,2.659991332620848e-05,1.0564552704872554e-13,0.0
1299,0.0002656611322890967,2.6566105589154176e-05,8.993153444158963e-14,0.0
1300,0.00026532361516728997,2.6532348783803172e-05,1.0204424111259769e-13,0.0
1301,0.00026498682564124465,2.649867019499652e-05,1.1810084160623902e-13,0.0
1302,0.0002646508510224521,2.6465069822734222e-05,1.4297243944305649e-13,0.0
1303,0.0002643156622070819,2.643155494297389e-05,1.2590709724813465e-13,0.0
1304,0.0002639812300913036,2.63981128227897e-05,1.2197274440461925e-13,0.0
1305,0.0002636477875057608,2.6364767109043896e-05,1.1492196083651152e-13,0.0
1306,0.0002633149561006576,2.633148687891662e-05,9.331424521974441e-14,0.0
1307,0.0002629826485645026,2.6298257580492646e-05,9.618087576379608e-14,0.0
1308,0.00026265124324709177,2.6265113774570636e-05,1.3057610548372622e-13,0.0
1309,0.000262320798356086,2.6232064556097612e-05,1.3808485604949183e-13,0.0
1310,0.000261990848230198,2.6199071726296097e-05,1.5373206180280263e-13,0.0
1311,0.0002616617130115628,2.616615893202834e-05,1.2524703496552547e-13,0.0
1312,0.0002613334509078413,2.6133331630262546e-05,1.4016912630587797e-13,0.0
1313,0.00026100577088072896,2.610056435514707e-05,1.1938453697846185e-13,0.0
1314,0.0002606789057608694,2.6067878934554756e-05,1.1303544905638674e-13,0.0
1315,0.00026035273913294077,2.603526081657037e-05,1.2789769243681803e-13,0.0
1316,0.0002600272709969431,2.6002713639172725e-05,1.3192572034803618e-13,0.0
1317,0.0002597027341835201,2.5970255592255853e-05,1.7408297026122455e-13,0.0
1318,0.0002593787503428757,2.5937861209968105e-05,1.4580350815585064e-13,0.0
1319,0.0002590556105133146,2.5905546863214113e-05,1.3464576675836781e-13,0.0
1320,0.000258733140071854,2.587330345704686e-05,1.299039001367852e-13,0.0
1321,0.0002584112517070025,2.5841110982582904e-05,1.3533011516964066e-13,0.0
1322,0.00025809038197621703,2.580902582849376e-05,1.2923342951332017e-13,0.0
1323,0.0002577698905952275,2.5776973416213877e-05,1.4297243944305649e-13,0.0
1324,0.000257450359640643,2.5745019229361787e-05,1.6715882150686312e-13,0.0
1325,0.00025713135255500674,2.5713121431181207e-05,1.5814519832568763e-13,0.0
1326,0.0002568130730651319,2.5681292754597962e-05,1.5888679261166772e-13,0.0
1327,0.0002564955793786794,2.5649544113548473e-05,1.4651561214273912e-13,0.0
1328,0.0002561786968726665,2.56178554991493e-05,1.5154891230828582e-13,0.0
1329,0.00025586257106624544,2.5586241463315673e-05,1.5519616841652706e-13,0.0
1330,0.0002555471728555858,2.5554703825036995e-05,1.4297243944305649e-13,0.0
1331,0.00025523261865600944,2.5523248041281477e-05,1.5227489408298212e-13,0.0
1332,0.0002549183554947376,2.549181954236701e-05,1.7253212747370128e-13,0.0
1333,0.00025460514007136226,2.546049654483795e-05,1.843325839190335e-13,0.0
1334,0.0002542923029977828,2.542921356507577e-05,1.702188737184862e-13,0.0
1335,0.00025398022262379527,2.5398006982868537e-05,1.4509313889243813e-13,0.0
1336,0.0002536691608838737,2.5366902264067903e-05,1.566672139241554e-13,0.0
1337,0.00025335841928608716,2.5335824830108322e-05,1.6945125858036647e-13,0.0
1338,0.00025304840528406203,2.530482379370369e-05,1.835337437583462e-13,0.0
1339,0.0002527391188777983,2.52738955168752e-05,1.8035573035035668e-13,0.0
1340,0.0002524305018596351,2.5243032723665237e-05,1.6563920374190744e-13,0.0
1341,0.00025212261243723333,2.5212242690031417e-05,1.663981452626473e-13,0.0
1342,0.0002518153632991016,2.5181519959005527e-05,1.8754529179654256e-13,0.0
1343,0.00025150866713374853,2.5150848159682937e-05,1.8194126760739948e-13,0.0
1344,0.0002512027567718178,2.5120258214883506e-05,1.843325839190335e-13,0.0
1345,0.0002508974284864962,2.508972647774499e-05,1.7877713198721779e-13,0.0
1346,0.00025059282779693604,2.505926568119321e-05,1.7642224486857927e-13,0.0
1347,0.0002502888673916459,2.502887036825996e-05,1.7408297026122455e-13,0.0
1348,0.0002499855181667954,2.4998535081977025e-05,1.8194126760739948e-13,0.0
1349,0.0002496827219147235,2.496825072739739e-05,2.0067367906273503e-13,0.0
1350,0.0002493809151928872,2.4938070055213757e-05,2.0740440614952504e-13,0.0
1351,0.0002490792830940336,2.4907909391913563e-05,2.0318469129421146e-13,0.0
1352,0.0002487786114215851,2.4877845135051757e-05,1.8673951274195133e-13,0.0
1353,0.0002484784636180848,2.4847829990903847e-05,1.8035573035035668e-13,0.0
1354,0.0002481789269950241,2.4817871235427447e-05,1.9241639531708543e-13,0.0
1355,0.00024788014707155526,2.4787994334474206e-05,2.1424615553877757e-13,0.0
1356,0.00024758174549788237,2.4758153813309036e-05,1.9569849213363355e-13,0.0
1357,0.0002472842752467841,2.4728406060603447e-05,2.0234595249357668e-13,0.0
1358,0.0002469872997608036,2.4698709239601158e-05,2.1252530985060858e-13,0.0
1359,0.0002466908481437713,2.4669063350302167e-05,2.0740440614952504e-13,0.0
1360,0.0002463949203956872,2.463947021169588e-05,1.990083445257973e-13,0.0
1361,0.00024610001128166914,2.4609980755485594e-05,2.1252530985060858e-13,0.0
1362,0.0002458053932059556,2.4580520403105766e-05,2.082535532910157e-13,0.0
1363,0.00024551156093366444,2.4551134629291482e-05,1.990083445257973e-13,0.0
1364,0.00024521813611499965,2.4521792511222884e-05,2.1510918046807603e-13,0.0
1365,0.00024492567172273993,2.449254498060327e-05,2.3004601695797433e-13,0.0
1366,0.0002446334110572934,2.44633192778565e-05,2.2915350172958426e-13,0.0
1367,0.0002443421690259129,2.4434195438516326e-05,2.1510918046807603e-13,0.0
1368,0.0002440509560983628,2.4405073418165557e-05,2.1597394012085047e-13,0.0
1369,0.000243760907324031,2.4376067813136615e-05,2.2737367544323206e-13,0.0
1370,0.0002434712223475799,2.4347098587895744e-05,2.3004601695797433e-13,0.0
1371,0.00024318203213624656,2.431818029435817e-05,2.2737367544323206e-13,0.0
1372,0.00024289365683216602,2.4289342036354356e-05,2.3543753752131025e-13,0.0
1373,0.00024260564532596618,2.4260541977128014e-05,2.2383483955223937e-13,0.0
1374,0.0002423182741040364,2.4231805582530797e-05,2.1166748909173805e-13,0.0
1375,0.00024203168868552893,2.4203145585488528e-05,2.2826272122467017e-13,0.0
1376,0.0002417453652014956,2.4174512873287313e-05,2.2737367544323206e-13,0.0
1377,0.00024145971110556275,2.4145945644704625e-05,2.5386030083618394e-13,0.0
1378,0.000241174828261137,2.4117458451655693e-05,2.4364191220094256e-13,0.0
1379,0.00024089019279927015,2.4088993086479604e-05,2.690981118491642e-13,0.0
1380,0.0002406065323157236,2.4060629584710114e-05,2.2560078805078376e-13,0.0
1381,0.00024032333749346435,2.4032309738686308e-05,2.2560078805078376e-13,0.0
1382,0.0002400403463980183,2.4004011720535345e-05,2.3724858883023003e-13,0.0
1383,0.00023975818476174027,2.3975795556907542e-05,2.3634219581403215e-13,0.0
1384,0.00023947673616930842,2.3947644876898266e-05,2.927874956371035e-13,0.0
1385,0.00023919541854411364,2.391951420577243e-05,2.759042994071592e-13,0.0
1386,0.0002389151050010696,2.389148539805319e-05,2.464079287833876e-13,0.0
1387,0.00023863514070399106,2.386349115113262e-05,2.2648636438526992e-13,0.0
1388,0.00023835586034692824,2.383556420681998e-05,2.1597394012085047e-13,0.0
1389,0.00023807694378774613,2.3807668185327202e-05,2.6620719517644886e-13,0.0
1390,0.00023779871116857976,2.3779844923410565e-05,2.6620719517644886e-13,0.0
1391,0.00023752107517793775,2.3752078050165437e-05,2.8478001207199455e-13,0.0
1392,0.00023724402126390487,2.3724374841549434e-05,2.798317133567707e-13,0.0
1393,0.00023696728749200702,2.3696700736763887e-05,2.818058286724323e-13,0.0
1394,0.00023669122310820967,2.366909757256508e-05,2.510526508903155e-13,0.0
1395,0.00023641579900868237,2.3641554435016587e-05,2.5762812022600556e-13,0.0
1396,0.00023614056408405304,2.361403312534094e-05,2.3997817621967954e-13,0.0
1397,0.00023586618772242218,2.3586591851199046e-05,2.7200464103316335e-13,0.0
1398,0.00023559229157399386,2.3559197870781645e-05,3.0090600150467495e-13,0.0
1399,0.00023531896295025945,2.353186755499337e-05,2.877698079828406e-13,0.0
1400,0.00023504605633206666,2.350457725697197e-05,2.887698760667412e-13,0.0
1401,0.00023477371723856777,2.347734334762208e-05,2.808179036528635e-13,0.0
1402,0.00023450197477359325,2.3450171283911914e-05,2.557407410841428e-13,0.0
1403,0.00023423069796990603,2.3423044694936834e-05,2.473334037578212e-13,0.0
1404,0.00023395988682750612,2.3395959942718036e-05,2.8478001207199455e-13,0.0
1405,0.00023368954134639353,2.336892248422373e-05,3.1642743980597743e-13,0.0
1406,0.00023341982159763575,2.334194869035855e-05,3.355683786399055e-13,0.0
1407,0.0002331506257178262,2.331503310415428e-05,2.887698760667412e-13,0.0
1408,0.00023288207012228668,2.3288181182579137e-05,2.6620719517644886e-13,0.0
1409,0.00023261396563611925,2.3261371097760275e-05,2.642885910120185e-13,0.0
1410,0.00023234622494783252,2.3234597392729484e-05,2.491895578771164e-13,0.0
1411,0.00023207897902466357,2.3207865524454974e-05,3.1329192712314935e-13,0.0
1412,0.00023181230062618852,2.3181195501820184e-05,3.4864125475486674e-13,0.0
1413,0.0002315462043043226,2.315458914381452e-05,3.216879887468771e-13,0.0
1414,0.00023128060274757445,2.3128030079533346e-05,3.0810076712128875e-13,0.0
1415,0.00023101533588487655,2.3101503757061437e-05,2.988659666969262e-13,0.0
1416,0.00023075075296219438,2.3075048375176266e-05,2.827954884154771e-13,0.0
1417,0.00023048643197398633,2.3048614821163937e-05,2.7884725778415387e-13,0.0
1418,0.0002302227367181331,2.302224311279133e-05,3.029529752063276e-13,0.0
1419,0.00022995955077931285,2.2995924155111425e-05,3.0810076712128875e-13,0.0
1420,0.00022969685960561037,2.2969652491156012e-05,3.3019507267306736e-13,0.0
1421,0.0002294346923008561,2.294343721587211e-05,3.248651347931286e-13,0.0
1422,0.00022917294700164348,2.2917261958355084e-05,3.3881317890172014e-13,0.0
1423,0.0002289118419867009,2.289115400344599e-05,3.0090600150467495e-13,0.0
1424,0.00022865110076963902,2.286507879034616e-05,3.248651347931286e-13,0.0
1425,0.00022839091252535582,2.283905996591784e-05,3.143353632939494e-13,0.0
1426,0.00022813111718278378,2.2813082978245802e-05,2.9581892491137296e-13,0.0
1427,0.00022787172929383814,2.278714055137243e-05,3.143353632939494e-13,0.0
1428,0.00022761293803341687,2.2761261789128184e-05,3.259276529221644e-13,0.0
1429,0.00022735474340151995,2.273544123454485e-05,3.3989824843594363e-13,0.0
1430,0.0002270968834636733,2.270965342177078e-05,3.541620122171629e-13,0.0
1431,0.00022683924180455506,2.2683892893837765e-05,3.2274530270548496e-13,0.0
1432,0.00022658221132587641,2.2658190573565662e-05,3.0706773929134457e-13,0.0
1433,0.00022632579202763736,2.2632546460954472e-05,3.248651347931286e-13,0.0
1434,0.0002260698238387704,2.260694782307837e-05,3.4534961695920074e-13,0.0
1435,0.00022581419034395367,2.2581383746000938e-05,3.519485050618165e-13,0.0
1436,0.00022555918258149177,2.2555885152542032e-05,3.409850526936431e-13,0.0
1437,0.00022530471323989332,2.2530435671797022e-05,3.4207359167481854e-13,0.0
1438,0.00022505050583276898,2.2505018932861276e-05,3.238043513875688e-13,0.0
1439,0.0002247967931907624,2.247964403068181e-05,3.5638245826641324e-13,0.0
1440,0.00022454360441770405,2.2454323698184453e-05,3.5860984320956746e-13,0.0
1441,0.0002242907212348655,2.2429037926485762e-05,3.3126626441948304e-13,0.0
1442,0.0002240383328171447,2.2403801267500967e-05,3.195785650000893e-13,0.0
1443,0.00022378643916454166,2.237861008325126e-05,3.3881317890172014e-13,0.0
1444,0.00022353502572514117,2.2353464373736642e-05,3.778227730677486e-13,0.0
1445,0.00022328410705085844,2.232837323390413e-05,3.801160775029899e-13,0.0
1446,0.00022303345031104982,2.230330755992327e-05,3.7553640752641115e-13,0.0
1447,0.00022278339019976556,2.2278303731582128e-05,3.49741936800374e-13,0.0
1448,0.00022253362112678587,2.2253329007071443e-05,3.409850526936431e-13,0.0
1449,0.000222284477786161,2.222841612820048e-05,3.269919057746762e-13,0.0
1450,0.00022203571279533207,2.2203537810128182e-05,3.409850526936431e-13,0.0
1451,0.00022178706421982497,2.2178670405992307e-05,3.6533363140245356e-13,0.0
1452,0.0002215392014477402,2.2153877580421977e-05,4.153483113000789e-13,0.0
1453,0.00022129181888885796,2.2129141143523157e-05,4.105604745063829e-13,0.0
1454,0.00022104469826444983,2.2104435629444197e-05,3.508443535693573e-13,0.0
1455,0.00022079801419749856,2.2079766495153308e-05,3.508443535693573e-13,0.0
1456,0.00022055181034374982,2.2055148292565718e-05,3.409850526936431e-13,0.0
1457,0.00022030601394362748,2.2030562831787392e-05,3.743958268409564e-13,0.0
1458,0.00022006082872394472,2.2006042854627594e-05,3.9168668308775523e-13,0.0
1459,0.00021981583267915994,2.1981542886351235e-05,4.046147097924724e-13,0.0
1460,0.00021957120043225586,2.1957079297862947e-05,4.0580039328830253e-13,0.0
1461,0.00021932716481387615,2.1932681192993186e-05,3.49741936800374e-13,0.0
1462,0.0002190835220972076,2.1908317648922093e-05,3.4425587380759737e-13,0.0
1463,0.00021884027228225023,2.1883988665649667e-05,3.881972868158279e-13,0.0
1464,0.00021859726984985173,2.1859686967218295e-05,4.010680676458378e-13,0.0
1465,0.0002183549222536385,2.1835452571394853e-05,3.9519169187096637e-13,0.0
1466,0.00021811288024764508,2.1811249098391272e-05,3.9402162088642e-13,0.0
1467,0.00021787130390293896,2.178709110012278e-05,3.905218162736368e-13,0.0
1468,0.0002176301641156897,2.1762978576589376e-05,3.8126533180582456e-13,0.0
1469,0.00021738924260716885,2.173888606193941e-05,3.7211986964047483e-13,0.0
1470,0.00021714891772717237,2.171485175495036e-05,4.010680676458378e-13,0.0
1471,0.00021690894209314138,2.169085382774938e-05,4.0698781150760865e-13,0.0
1472,0.00021666927204933017,2.1666888642357662e-05,3.97537038010487e-13,0.0
1473,0.00021643027139361948,2.164298712159507e-05,3.870376241721374e-13,0.0
1474,0.0002161913289455697,2.161909287679009e-05,3.8587969625192287e-13,0.0
1475,0.0002159530413337052,2.1595260477624834e-05,4.298783551348606e-13,0.0
1476,0.00021571504476014525,2.1571462639258243e-05,4.153483113000789e-13,0.0
1477,0.0002154773974325508,2.1547697542700917e-05,4.2137213857040834e-13,0.0
1478,0.00021524025942198932,2.1523985196836293e-05,4.0580039328830253e-13,0.0
1479,0.00021500361617654562,2.1500323782674968e-05,3.8126533180582456e-13,0.0
1480,0.0002147670602425933,2.147666600649245e-05,4.0580039328830253e-13,0.0
1481,0.0002145310863852501,2.145306825696025e-05,4.0224854697124e-13,0.0
1482,0.00021429530170280486,2.1429488697322085e-05,4.2258210819490216e-13,0.0
1483,0.00021406009909696877,2.1405967345344834e-05,4.2258210819490216e-13,0.0
1484,0.00021382546401582658,2.1382502382039092e-05,4.335498973717655e-13,0.0
1485,0.00021359094535000622,2.1359050151659176e-05,4.3110046782368627e-13,0.0
1486,0.0002133566449629143,2.133562338713091e-05,4.0580039328830253e-13,0.0
1487,0.00021312311582732946,2.1312269382178783e-05,4.2379381254287196e-13,0.0
1488,0.00021288976131472737,2.12889372050995e-05,3.881972868158279e-13,0.0
1489,0.00021265681425575167,2.1265637769829482e-05,4.360062658137487e-13,0.0
1490,0.00021242410002741963,2.124236743838992e-05,4.2379381254287196e-13,0.0
1491,0.0002121918514603749,2.121914440067485e-05,4.117548316195929e-13,0.0
1492,0.00021196011221036315,2.1195965018705465e-05,4.634842856732213e-13,0.0
1493,0.0002117286203429103,2.117281655955594e-05,4.483921914322231e-13,0.0
1494,0.00021149759413674474,2.114971721312031e-05,4.165496073071928e-13,0.0
1495,0.00021126685896888375,2.112664151354693e-05,4.323243152359879e-13,0.0
1496,0.00021103645849507302,2.1103602193761617e-05,4.3110046782368627e-13,0.0
1497,0.00021080643637105823,2.108060107275378e-05,4.274393339276372e-13,0.0
1498,0.00021057682170066983,2.1057636331534013e-05,4.459011285207204e-13,0.0
1499,0.00021034767269156873,2.103472434100695e-05,4.3970382890279325e-13,0.0
1500,0.0002101187565131113,2.1011832359363325e-05,4.409398193794267e-13,0.0
1501,0.00020989023323636502,2.0988978576497175e-05,4.508901932376297e-13,0.0
1502,0.00020966207375749946,2.09661629924085e-05,4.335498973717655e-13,0.0
1503,0.00020943424897268414,2.0943380150129087e-05,4.546502063718094e-13,0.0
1504,0.00020920686074532568,2.0920639144605957e-05,4.584258320172729e-13,0.0
1505,0.00020897969079669565,2.089792542392388e-05,4.4217754457953617e-13,0.0
1506,0.0002087530738208443,2.0875262634945102e-05,4.4714579261473375e-13,0.0
1507,0.00020852670422755182,2.0852627130807377e-05,4.3970382890279325e-13,0.0
1508,0.0002083006693283096,2.0830022549489513e-05,4.508901932376297e-13,0.0
1509,0.00020807518740184605,2.0807472537853755e-05,4.724033664249561e-13,0.0
1510,0.00020784988009836525,2.0784940716112033e-05,4.775381479138474e-13,0.0
1511,0.00020762493659276515,2.0762447093147784e-05,4.647532358958983e-13,0.0
1512,0.00020740024046972394,2.073998075502459e-05,4.323243152359879e-13,0.0
1513,0.00020717606821563095,2.0717561710625887e-05,4.44658199150183e-13,0.0
1514,0.00020695215789601207,2.0695169951068237e-05,4.584258320172729e-13,0.0
1515,0.0002067285095108673,2.0672807295341045e-05,4.434170045031216e-13,0.0
1516,0.00020650534133892506,2.0650482838391326e-05,5.062755770168792e-13,0.0
1517,0.0002062824642052874,2.0628198399208486e-05,4.749672877224498e-13,0.0
1518,0.00020605981990229338,2.060593578789849e-05,4.609515893982952e-13,0.0
1519,0.0002058376558125019,2.0583716832334176e-05,4.931090258342152e-13,0.0
1520,0.0002056158409686759,2.056153789453674e-05,4.634842856732213e-13,0.0
1521,0.0002053943753708154,2.0539395336527377e-05,4.2258210819490216e-13,0.0
1522,0.00020517305529210716,2.051726187346503e-05,4.409398193794267e-13,0.0
1523,0.00020495214266702533,2.049516660918016e-05,4.839956560531711e-13,0.0
1524,0.00020473163749556988,2.0473109543672763e-05,5.372169722961395e-13,0.0
1525,0.00020451149612199515,2.0451099771889858e-05,4.957284582829402e-13,0.0
1526,0.00020429163123480976,2.0429115465958603e-05,4.839956560531711e-13,0.0
1527,0.00020407201373018324,2.0407154806889594e-05,4.711240078614232e-13,0.0
1528,0.0002038527891272679,2.0385230527608655e-05,4.736844597119649e-13,0.0
1529,0.00020363375369925052,2.0363331714179367e-05,4.434170045031216e-13,0.0
1530,0.00020341527124401182,2.0341478375485167e-05,4.749672877224498e-13,0.0
1531,0.00020319706527516246,2.031965232163202e-05,5.331290964250002e-13,0.0
1532,0.00020297913579270244,2.0297864466556348e-05,4.996706173820975e-13,0.0
1533,0.00020276167197152972,2.0276118448236957e-05,4.983548296255691e-13,0.0
1534,0.00020254438277333975,2.0254386981832795e-05,5.115907697472721e-13,0.0
1535,0.00020232738461345434,2.02326900762273e-05,4.814074486270137e-13,0.0
1536,0.00020211064838804305,2.0211018636473455e-05,4.596878433460461e-13,0.0
1537,0.0002018943487200886,2.018938903347589e-05,4.609515893982952e-13,0.0
1538,0.00020167847105767578,2.01677976292558e-05,4.891928875871976e-13,0.0
1539,0.0002014628698816523,2.0146233509876765e-05,5.413204606785627e-13,0.0
1540,0.00020124753064010292,2.0124698494328186e-05,5.44064793217558e-13,0.0
1541,0.00020103229326196015,2.010317984968424e-05,4.931090258342152e-13,0.0
1542,0.0002008178853429854,2.0081741240574047e-05,4.660239208420514e-13,0.0
1543,0.00020060341921634972,2.006029535550624e-05,4.698463840213662e-13,0.0
1544,0.00020038943330291659,2.0038891307194717e-05,5.250001822165729e-13,0.0
1545,0.0002001755783567205,2.0017503629787825e-05,5.413204606785627e-13,0.0
1546,0.00019996210176032037,1.9996159608126618e-05,5.076017731142635e-13,0.0
1547,0.00019974906172137707,1.9974853785242885e-05,5.223044219349049e-13,0.0
1548,0.0001995360798900947,1.9953558876295574e-05,4.996706173820975e-13,0.0
1549,0.00019932362192776054,1.993231308006216e-05,4.931090258342152e-13,0.0
1550,0.00019911144045181572,1.9911094568669796e-05,5.009881398621019e-13,0.0
1551,0.00019889938994310796,1.988988879020326e-05,4.957284582829402e-13,0.0
1552,0.0001986878050956875,1.9868726667482406e-05,5.372169722961395e-13,0.0
1553,0.00019847642397508025,1.9847584553644992e-05,5.832140326234025e-13,0.0
1554,0.00019826542120426893,1.9826493371510878e-05,5.009881398621019e-13,0.0
1555,0.00019805469491984695,1.98054203792708e-05,4.891928875871976e-13,0.0
1556,0.00019784441974479705,1.978439286176581e-05,4.983548296255691e-13,0.0
1557,0.00019763420277740806,1.976337080122903e-05,5.009881398621019e-13,0.0
1558,0.00019742432050406933,1.9742377844522707e-05,5.331290964250002e-13,0.0
1559,0.00019721483113244176,1.9721426724572666e-05,5.606765052235119e-13,0.0
1560,0.00019700567645486444,1.9700510165421292e-05,5.634694100198345e-13,0.0
1561,0.00019679669640026987,1.9679613615153357e-05,5.592826549105645e-13,0.0
1562,0.000196588080143556,1.96587570826523e-05,5.036283889925386e-13,0.0
1563,0.00019637974037323147,1.9637927834992297e-05,4.647532358958983e-13,0.0
1564,0.00019617161888163537,1.9617111320258118e-05,5.062755770168792e-13,0.0
1565,0.00019596390484366566,1.959633664228022e-05,5.317699405815723e-13,0.0
1566,0.00019575639453250915,1.957558015419636e-05,6.004086117172847e-13,0.0
1567,0.0001955492189154029,1.9554861864889972e-05,5.960865481768884e-13,0.0
1568,0.00019534231978468597,1.953417631739285e-05,5.468160646504572e-13,0.0
1569,0.00019513553706929088,1.9513505321810953e-05,4.865908023732324e-13,0.0
1570,0.00019492933643050492,1.9492890714900568e-05,4.434170045031216e-13,0.0
1571,0.00019472322310321033,1.947226883203257e-05,5.34489986991904e-13,0.0
1572,0.00019451735715847462,1.945167787198443e-05,5.817924267348396e-13,0.0
1573,0.00019431198597885668,1.9431134205660783e-05,6.429934709673013e-13,0.0
1574,0.0001941067457664758,1.9410616005188785e-05,5.889178034124143e-13,0.0
1575,0.00019390189845580608,1.939013964147307e-05,5.036283889925386e-13,0.0
1576,0.00019369726942386478,1.936967601068318e-05,5.062755770168792e-13,0.0
1577,0.00019349288777448237,1.934923966473434e-05,4.996706173820975e-13,0.0
1578,0.00019328882626723498,1.9328828784637153e-05,5.39950896494279e-13,0.0
1579,0.00019308499759063125,1.9308439732412808e-05,5.946493297770417e-13,0.0
1580,0.00019288129988126457,1.9288072508061305e-05,5.775380174100064e-13,0.0
1581,0.00019267834431957453,1.9267774405307136e-05,5.903480829183572e-13,0.0
1582,0.00019247535965405405,1.9247483578510582e-05,5.290568330651446e-13,0.0
1583,0.00019227249140385538,1.9227194570703432e-05,5.44064793217558e-13,0.0
1584,0.00019207016157452017,1.920696195156779e-05,5.358526122822838e-13,0.0
1585,0.0001918679045047611,1.9186731151421554e-05,5.903480829183572e-13,0.0
1586,0.00019166602578479797,1.9166544007021002e-05,5.803725555697525e-13,0.0
1587,0.00019146456907037646,1.9146400518366136e-05,5.676717776403883e-13,0.0
1588,0.00019126302504446357,1.9126249753753655e-05,5.304125194616205e-13,0.0
1589,0.00019106201943941414,1.9106146282865666e-05,5.565001584550977e-13,0.0
1590,0.00019086118845734745,1.9086062820861116e-05,5.606765052235119e-13,0.0
1591,0.00019066064851358533,1.9066004824708216e-05,5.932138461006708e-13,0.0
1592,0.00019046034140046686,1.904597411339637e-05,5.960865481768884e-13,0.0
1593,0.00019026045629289,1.902598887681961e-05,5.648684645032098e-13,0.0
1594,0.00019006083311978728,1.90060272871051e-05,5.732992205964571e-13,0.0
1595,0.00018986120994668454,1.898606751637999e-05,5.454395615722696e-13,0.0
1596,0.00018966202333103865,1.896614776342176e-05,5.454395615722696e-13,0.0
1597,0.0001894630549941212,1.8946251657325774e-05,5.385830670334713e-13,0.0
1598,0.0001892642758321017,1.8926364646176808e-05,6.222531170885226e-13,0.0
1599,0.00018906597688328475,1.8906535842688754e-05,6.281442380129398e-13,0.0
1600,0.00018886786710936576,1.888672704808414e-05,5.91780097147776e-13,0.0
1601,0.00018866999016609043,1.886694553832058e-05,5.426917595863223e-13,0.0
1602,0.00018847244791686535,1.884719131339807e-05,5.34489986991904e-13,0.0
1603,0.00018827484745997936,1.882742981251795e-05,5.537246008935348e-13,0.0
1604,0.00018807785818353295,1.880772106233053e-05,6.340631145129727e-13,0.0
1605,0.0001878809998743236,1.8788039596984163e-05,6.178529909917074e-13,0.0
1606,0.00018768428708426654,1.876837086456362e-05,5.761233504153473e-13,0.0
1607,0.00018748796719592065,1.8748740330920555e-05,5.620720902599352e-13,0.0
1608,0.0001872917782748118,1.8729124349192716e-05,5.454395615722696e-13,0.0
1609,0.00018709605501499027,1.8709546566242352e-05,6.018527690110353e-13,0.0
1610,0.00018690047727432102,1.868998515419662e-05,6.193179649671698e-13,0.0
1611,0.00018670510326046497,1.8670449208002537e-05,6.149282472112105e-13,0.0
1612,0.00018651000573299825,1.8650942365638912e-05,5.889178034124143e-13,0.0
1613,0.00018631515558809042,1.8631460989126936e-05,5.509559822258758e-13,0.0
1614,0.00018612045096233487,1.8611988707561977e-05,5.718897577722259e-13,0.0
1615,0.00018592611013446003,1.8592550986795686e-05,5.960865481768884e-13,0.0
1616,0.00018573208944872022,1.8573147826828063e-05,6.178529909917074e-13,0.0
1617,0.00018553830159362406,1.855376649473328e-05,6.400097465886212e-13,0.0
1618,0.0001853446156019345,1.8534403352532536e-05,5.775380174100064e-13,0.0
1619,0.00018515126430429518,1.851506567618344e-05,6.10554141966535e-13,0.0
1620,0.00018495820404496044,1.8495764379622415e-05,5.747104181441642e-13,0.0
1621,0.00018476518744137138,1.8476461264071986e-05,5.648684645032098e-13,0.0
1622,0.00018457259284332395,1.8457196347299032e-05,6.266688556966216e-13,0.0
1623,0.00018438028928358108,1.843796417233534e-05,6.580161762692605e-13,0.0
1624,0.00018418805848341435,1.8418742911308073e-05,6.193179649671698e-13,0.0
1625,0.00018399610416963696,1.839955075411126e-05,6.018527690110353e-13,0.0
1626,0.00018380448454990983,1.8380389519734308e-05,5.817924267348396e-13,0.0
1627,0.00018361289403401315,1.836123556131497e-05,5.317699405815723e-13,0.0
1628,0.00018342185649089515,1.8342125258641317e-05,6.090995763319285e-13,0.0
1629,0.00018323092081118375,1.8323024050914682e-05,6.839528943203277e-13,0.0
1630,0.00018304017430637032,1.8303953766007908e-05,6.474820679613913e-13,0.0
1631,0.00018284970428794622,1.8284910765942186e-05,5.989661891470099e-13,0.0
1632,0.00018265956896357238,1.826589686970692e-05,5.903480829183572e-13,0.0
1633,0.00018246959371026605,1.8246901163365692e-05,5.860624485709565e-13,0.0
1634,0.00018227974942419678,1.8227916370960884e-05,5.832140326234025e-13,0.0
1635,0.000182090254384093,1.8208962501375936e-05,6.237232952344129e-13,0.0
1636,0.00018190105038229376,1.819003955461085e-05,6.53491150082175e-13,0.0
1637,0.0001817119773477316,1.817113115976099e-05,6.762724061304404e-13,0.0
1638,0.00018152331176679581,1.8152271877625026e-05,6.03298661028262e-13,0.0
1639,0.00018133474804926664,1.8133414414478466e-05,5.946493297770417e-13,0.0
1640,0.00018114640261046588,1.8114582417183556e-05,5.761233504153473e-13,0.0
1641,0.00018095826089847833,1.8095764971803874e-05,6.076467454207979e-13,0.0
1642,0.0001807703956728801,1.807697663025465e-05,6.251952081037793e-13,0.0
1643,0.00018058270507026464,1.8058204659610055e-05,6.489817364063732e-13,0.0
1644,0.00018039524729829282,1.8039458154817112e-05,6.747415126628908e-13,0.0
1645,0.00018020806601271033,1.802074257284403e-05,6.385204864844951e-13,0.0
1646,0.00018002103024628013,1.8002041542786174e-05,6.047462877689647e-13,0.0
1647,0.00017983437282964587,1.7983378711505793e-05,5.860624485709565e-13,0.0
1648,0.0001796478172764182,1.7964723156183027e-05,5.874892586299474e-13,0.0
1649,0.00017946158186532557,1.7946094885701314e-05,6.459841342398853e-13,0.0
1650,0.00017927557928487659,1.7927490262081847e-05,6.655925810505892e-13,0.0
1651,0.0001790895767044276,1.7908892914419994e-05,6.400097465886212e-13,0.0
1652,0.00017890401068143547,1.7890337403514422e-05,6.37032961103845e-13,0.0
1653,0.0001787187939044088,1.7871814634418115e-05,6.355471704466709e-13,0.0
1654,0.00017853346071206033,1.7853284589364193e-05,6.16389751739721e-13,0.0
1655,0.00017834854952525347,1.783479456207715e-05,6.018527690110353e-13,0.0
1656,0.00017816369654610753,1.7816304534790106e-05,6.519862774667651e-13,0.0
1657,0.0001779792073648423,1.779785452526994e-05,6.686352860274525e-13,0.0
1658,0.00017779493646230549,1.7779429981601425e-05,6.459841342398853e-13,0.0
1659,0.00017761102935764939,1.7761038179742172e-05,6.519862774667651e-13,0.0
1660,0.00017742699128575623,1.7742637282935902e-05,6.149282472112105e-13,0.0
1661,0.0001772434334270656,1.772428186086472e-05,6.178529909917074e-13,0.0
1662,0.00017706009384710342,1.770594644767698e-05,6.237232952344129e-13,0.0
1663,0.0001768767979228869,1.768761285347864e-05,6.762724061304404e-13,0.0
1664,0.0001766938657965511,1.7669315639068373e-05,7.103909474559522e-13,0.0
1665,0.0001765111810527742,1.765105662343558e-05,6.16389751739721e-13,0.0
1666,0.00017632858362048864,1.7632797607802786e-05,6.076467454207979e-13,0.0
1667,0.00017614623357076198,1.761455860105343e-05,6.504831395748312e-13,0.0
1668,0.0001759641309035942,1.7596350517123938e-05,6.251952081037793e-13,0.0
1669,0.00017578231927473098,1.757816608005669e-05,6.565060994834226e-13,0.0
1670,0.0001756006240611896,1.7559992556925863e-05,6.932267260228997e-13,0.0
1671,0.00017541917623020709,1.7541849956614897e-05,6.640738306473715e-13,0.0
1672,0.0001752379903336987,1.7523736460134387e-05,6.325807933027505e-13,0.0
1673,0.00017505694995634258,1.750563023961149e-05,6.385204864844951e-13,0.0
1674,0.00017487605509813875,1.7487538571003824e-05,6.747415126628908e-13,0.0
1675,0.00017469549493398517,1.746948873915244e-05,6.120104423246175e-13,0.0
1676,0.00017451505118515342,1.7451438907301053e-05,6.595279877785742e-13,0.0
1677,0.0001743350876495242,1.743344182614237e-05,6.640738306473715e-13,0.0
1678,0.00017415497859474272,1.7415432012057863e-05,6.595279877785742e-13,0.0
1679,0.00017397513147443533,1.7397447663825005e-05,6.580161762692605e-13,0.0
1680,0.0001737956772558391,1.737949969538022e-05,6.901285098948051e-13,0.0
1681,0.0001736163249006495,1.736156627885066e-05,6.549977574210608e-13,0.0
1682,0.00017343726358376443,1.734366378514096e-05,6.325807933027505e-13,0.0
1683,0.0001732582168187946,1.7325755834463052e-05,6.580161762692605e-13,0.0
1684,0.00017307956295553595,1.7307889720541425e-05,6.625568149676297e-13,0.0
1685,0.0001729010691633448,1.729003997752443e-05,6.747415126628908e-13,0.0
1686,0.00017272269178647548,1.7272201148443855e-05,6.824133272353983e-13,0.0
1687,0.0001725445908959955,1.725439324218314e-05,6.549977574210608e-13,0.0
1688,0.00017236666462849826,1.723660170682706e-05,6.53491150082175e-13,0.0
1689,0.00017218902939930558,1.7218839275301434e-05,6.385204864844951e-13,0.0
1690,0.00017201146692968905,1.7201078662765212e-05,6.854941961287331e-13,0.0
1691,0.00017183423915412277,1.718335443001706e-05,6.94778436172161e-13,0.0
1692,0.0001716570695862174,1.716563929221593e-05,6.732123539188173e-13,0.0
1693,0.00017148030747193843,1.7147964172181673e-05,6.640738306473715e-13,0.0
1694,0.0001713036181172356,1.7130298147094436e-05,6.444879352418553e-13,0.0
1695,0.00017112685600295663,1.7112619389081374e-05,6.747415126628908e-13,0.0
1696,0.00017095076327677816,1.709500611468684e-05,7.056889794743171e-13,0.0
1697,0.00017077465599868447,1.707740011624992e-05,6.549977574210608e-13,0.0
1698,0.00017059873789548874,1.7059806850738823e-05,6.625568149676297e-13,0.0
1699,0.00017042315448634326,1.7042246327036992e-05,6.994439749608006e-13,0.0
1700,0.0001702476292848587,1.7024694898282178e-05,6.808754948739448e-13,0.0
1701,0.0001700723369140178,1.700716711638961e-05,6.701592406010981e-13,0.0
1702,0.0001698972482699901,1.698965934338048e-05,6.565060994834226e-13,0.0
1703,0.00016972234880086035,1.6972167941275984e-05,6.701592406010981e-13,0.0
1704,0.00016954771126620471,1.6954702005023137e-05,7.056889794743171e-13,0.0
1705,0.00016937311738729477,1.6937243344727904e-05,6.885820039159718e-13,0.0
1706,0.00016919879999477416,1.6919811969273724e-05,6.854941961287331e-13,0.0
1707,0.00016902477364055812,1.6902413335628808e-05,6.429934709673013e-13,0.0
1708,0.00016885082004591823,1.6885016520973295e-05,6.595279877785742e-13,0.0
1709,0.00016867709928192198,1.686763971520122e-05,6.994439749608006e-13,0.0
1710,0.0001685036695562303,1.685029565123841e-05,7.166845242267961e-13,0.0
1711,0.00016833023983053863,1.6832953406265005e-05,6.994439749608006e-13,0.0
1712,0.00016815710114315152,1.681564208411146e-05,6.901285098948051e-13,0.0
1713,0.00016798422439023852,1.6798356227809563e-05,6.686352860274525e-13,0.0
1714,0.0001678114931564778,1.6781084923422895e-05,6.474820679613913e-13,0.0
1715,0.00016763883468229324,1.676381543802563e-05,6.808754948739448e-13,0.0
1716,0.00016746643814258277,1.6746575056458823e-05,6.839528943203277e-13,0.0
1717,0.00016729436174500734,1.6729363778722472e-05,7.214229214014267e-13,0.0
1718,0.00016712232900317758,1.6712159776943736e-05,7.325398967972241e-13,0.0
1719,0.00016695057274773717,1.669498669798486e-05,6.963318810448982e-13,0.0
1720,0.00016677890380378813,1.6677824532962404e-05,6.580161762692605e-13,0.0
1721,0.00016660752589814365,1.6660689652781002e-05,6.251952081037793e-13,0.0
1722,0.00016643630806356668,1.6643562048557214e-05,6.778050343214659e-13,0.0
1723,0.00016626532305963337,1.662645627220627e-05,7.53411222298439e-13,0.0
1724,0.0001660944544710219,1.6609372323728167e-05,7.245905264685604e-13,0.0
1725,0.00016592380416113883,1.659231202211231e-05,6.901285098948051e-13,0.0
1726,0.00016575341578572989,1.6575273548369296e-05,6.824133272353983e-13,0.0
1727,0.00016558308561798185,1.65582441695733e-05,6.474820679613913e-13,0.0
1728,0.00016541293007321656,1.6541222066734917e-05,7.072545674113861e-13,0.0
1729,0.0001652430946705863,1.652423816267401e-05,7.119617395634492e-13,0.0
1730,0.00016507341933902353,1.6507270629517734e-05,7.135342663944222e-13,0.0
1731,0.00016490403504576534,1.6490328562213108e-05,7.405326352127872e-13,0.0
1732,0.00016473454888910055,1.6473386494908482e-05,6.808754948739448e-13,0.0
1733,0.00016456541197840124,1.645647716941312e-05,6.415007414162233e-13,0.0
1734,0.0001643963623791933,1.6439567843917757e-05,6.854941961287331e-13,0.0
1735,0.00016422756016254425,1.642268216528464e-05,7.421363870663278e-13,0.0
1736,0.0001640588598093018,1.640581467654556e-05,7.166845242267961e-13,0.0
1737,0.0001638904941501096,1.6388976291636936e-05,7.261769310873412e-13,0.0
1738,0.00016372223035432398,1.637215245864354e-05,6.94778436172161e-13,0.0
1739,0.0001635542284930125,1.6355355910491198e-05,6.686352860274525e-13,0.0
1740,0.0001633863867027685,1.6338570276275277e-05,6.778050343214659e-13,0.0
1741,0.00016321874863933772,1.632180283195339e-05,7.198417209530739e-13,0.0
1742,0.0001630512997508049,1.630505357752554e-05,7.598921492046884e-13,0.0
1743,0.0001628838654141873,1.6288315237034112e-05,7.18262255228197e-13,0.0
1744,0.00016271676577161998,1.6271609638351947e-05,6.686352860274525e-13,0.0
1745,0.00016254973888862878,1.6254904039669782e-05,6.963318810448982e-13,0.0
1746,0.00016238310490734875,1.62382402777439e-05,6.94778436172161e-13,0.0
1747,0.00016221633995883167,1.6221561963902786e-05,7.293549444953307e-13,0.0
1748,0.00016204998246394098,1.620492184883915e-05,7.615167177399407e-13,0.0
1749,0.0001618836249690503,1.6188294466701336e-05,6.778050343214659e-13,0.0
1750,0.00016171761672012508,1.6171694369404577e-05,6.716849298982197e-13,0.0
1751,0.00016155166667886078,1.6155094272107817e-05,7.214229214014267e-13,0.0
1752,0.00016138592036440969,1.6138519640662707e-05,7.293549444953307e-13,0.0
1753,0.000161220392328687,1.6121965018101037e-05,7.405326352127872e-13,0.0
1754,0.0001610549952602014,1.6105432223412208e-05,6.762724061304404e-13,0.0
1755,0.00016088987467810512,1.608891943760682e-05,6.824133272353983e-13,0.0
1756,0.00016072487051133066,1.6072413927759044e-05,7.230058565732556e-13,0.0
1757,0.00016055998275987804,1.6055922969826497e-05,7.582693153929121e-13,0.0
1758,0.00016039521142374724,1.6039450201787986e-05,7.151085279488711e-13,0.0
1759,0.00016023074567783624,1.6023004718590528e-05,6.994439749608006e-13,0.0
1760,0.00016006658552214503,1.6006586520234123e-05,7.214229214014267e-13,0.0
1761,0.00015990238171070814,1.599017014086712e-05,6.870372326606144e-13,0.0
1762,0.00015973849804140627,1.5973777408362366e-05,7.214229214014267e-13,0.0
1763,0.0001595747598912567,1.5957402865751646e-05,7.325398967972241e-13,0.0
1764,0.00015941100718919188,1.594103014213033e-05,7.088218900719312e-13,0.0
1765,0.0001592475746292621,1.5924688341328874e-05,6.978870606411114e-13,0.0
1766,0.00015908437489997596,1.590836291143205e-05,7.37330335676134e-13,0.0
1767,0.00015892123337835073,1.5892052033450454e-05,7.166845242267961e-13,0.0
1768,0.00015875836834311485,1.5875761164352298e-05,7.53411222298439e-13,0.0
1769,0.0001585956197232008,1.5859492123126984e-05,7.025630077706069e-13,0.0
1770,0.0001584330602781847,1.584323399583809e-05,7.072545674113861e-13,0.0
1771,0.0001582706900080666,1.5826999515411444e-05,6.94778436172161e-13,0.0
1772,0.00015810842160135508,1.5810768672963604e-05,7.277650704295979e-13,0.0
1773,0.0001579463860252872,1.5794563296367414e-05,7.598921492046884e-13,0.0
1774,0.0001577846414875239,1.5778390661580488e-05,7.230058565732556e-13,0.0
1775,0.00015762289694976062,1.5762218026793562e-05,7.103909474559522e-13,0.0
1776,0.00015746132703498006,1.574605812493246e-05,7.389306180827226e-13,0.0
1777,0.00015729981532786041,1.5729912774986587e-05,6.854941961287331e-13,0.0
1778,0.00015713865286670625,1.571379107190296e-05,7.421363870663278e-13,0.0
1779,0.00015697769413236529,1.5697691196692176e-05,7.827939685345342e-13,0.0
1780,0.0001568167208461091,1.568160041642841e-05,7.072545674113861e-13,0.0
1781,0.00015665614046156406,1.5665542377973907e-05,7.151085279488711e-13,0.0
1782,0.00015649563283659518,1.5649495253455825e-05,6.839528943203277e-13,0.0
1783,0.0001563352852826938,1.5633455404895358e-05,7.277650704295979e-13,0.0
1784,0.00015617505414411426,1.5617431927239522e-05,7.293549444953307e-13,0.0
1785,0.0001560150267323479,1.5601428458467126e-05,7.405326352127872e-13,0.0
1786,0.00015585524670314044,1.5585446817567572e-05,7.664008316865534e-13,0.0
1787,0.0001556954812258482,1.556947609060444e-05,7.214229214014267e-13,0.0
1788,0.00015553590492345393,1.555352173454594e-05,6.870372326606144e-13,0.0
1789,0.000155376605107449,1.553758920636028e-05,7.151085279488711e-13,0.0
1790,0.00015521736349910498,1.552166031615343e-05,7.53411222298439e-13,0.0
1791,0.00015505822375416756,1.5505749615840614e-05,7.325398967972241e-13,0.0
1792,0.00015489960787817836,1.5489884390262887e-05,7.598921492046884e-13,0.0
1793,0.00015474071551579982,1.5473997336812317e-05,7.453490949438368e-13,0.0
1794,0.000154582186951302,1.5458144844160415e-05,7.357317879930214e-13,0.0
1795,0.00015442389121744782,1.5442319636349566e-05,6.94778436172161e-13,0.0
1796,0.000154265682795085,1.5426498066517524e-05,6.932267260228997e-13,0.0
1797,0.0001541076780995354,1.5410694686579518e-05,7.341349750333848e-13,0.0
1798,0.00015394976071547717,1.5394896763609722e-05,8.026947162509401e-13,0.0
1799,0.00015379200340248644,1.5379122487502173e-05,7.795014633771302e-13,0.0
1800,0.0001536344934720546,1.536337731522508e-05,7.261769310873412e-13,0.0
1801,0.00015347709995694458,1.5347643056884408e-05,6.686352860274525e-13,0.0
1802,0.00015331991016864777,1.5331923350458965e-05,6.716849298982197e-13,0.0
1803,0.00015316282224375755,1.531620364403352e-05,7.927131173701696e-13,0.0
1804,0.00015300573431886733,1.5300491213565692e-05,8.077089344582511e-13,0.0
1805,0.00015284914115909487,1.5284836990758777e-05,7.647710589808732e-13,0.0
1806,0.00015269251889549196,1.526918276795186e-05,7.010026240039657e-13,0.0
1807,0.00015253608580678701,1.525354127807077e-05,6.716849298982197e-13,0.0
1808,0.00015237975458148867,1.5237903426168486e-05,7.135342663944222e-13,0.0
1809,0.00015222388901747763,1.5222309230011888e-05,8.026947162509401e-13,0.0
1810,0.00015206780517473817,1.5206698662950657e-05,8.194694922636359e-13,0.0
1811,0.00015191209968179464,1.519113629910862e-05,7.37330335676134e-13,0.0
1812,0.0001517564378445968,1.5175579392234795e-05,6.444879352418553e-13,0.0
1813,0.00015160097973421216,1.5160029761318583e-05,6.839528943203277e-13,0.0
1814,0.00015144562348723412,1.5144481949391775e-05,7.960333781031892e-13,0.0
1815,0.00015129066014196724,1.512898234068416e-05,8.296176245981002e-13,0.0
1816,0.0001511354639660567,1.5113472727534827e-05,7.389306180827226e-13,0.0
1817,0.00015098071889951825,1.5098004041647073e-05,6.839528943203277e-13,0.0
1818,0.00015082601748872548,1.508253080828581e-05,7.088218900719312e-13,0.0
1819,0.00015067154890857637,1.506707940279739e-05,7.53411222298439e-13,0.0
1820,0.00015051716763991863,1.5051638001750689e-05,7.927131173701696e-13,0.0
1821,0.00015036296099424362,1.5036217519082129e-05,7.844428231984502e-13,0.0
1822,0.00015020895807538182,1.502082341175992e-05,7.261769310873412e-13,0.0
1823,0.0001500551006756723,1.5005445675342344e-05,6.474820679613913e-13,0.0
1824,0.0001499014178989455,1.4990066119935364e-05,7.566482163046118e-13,0.0
1825,0.00014974786608945578,1.4974704754422419e-05,8.161006592732889e-13,0.0
1826,0.0001495943433837965,1.4959356121835299e-05,7.927131173701696e-13,0.0
1827,0.0001494412135798484,1.4944051144993864e-05,7.04125126260724e-13,0.0
1828,0.00014928796736057848,1.4928727978258394e-05,6.778050343214659e-13,0.0
1829,0.00014913509949110448,1.4913435734342784e-05,7.453490949438368e-13,0.0
1830,0.00014898224617354572,1.4898145309416577e-05,7.860934125858421e-13,0.0
1831,0.0001488296256866306,1.4882882169331424e-05,7.943723803749414e-13,0.0
1832,0.00014867713616695255,1.4867640857119113e-05,7.230058565732556e-13,0.0
1833,0.0001485248503740877,1.4852413187327329e-05,7.072545674113861e-13,0.0
1834,0.0001483724918216467,1.4837173694104422e-05,7.517953273805666e-13,0.0
1835,0.00014822067169006914,1.4821988770563621e-05,7.811468485940942e-13,0.0
1836,0.0001480687060393393,1.4806794752075803e-05,7.517953273805666e-13,0.0
1837,0.0001479169150115922,1.4791618013987318e-05,7.357317879930214e-13,0.0
1838,0.00014776534226257354,1.4776459465792868e-05,7.405326352127872e-13,0.0
1839,0.0001476139441365376,1.4761318197997753e-05,7.517953273805666e-13,0.0
1840,0.00014746277884114534,1.4746201486559585e-05,7.680323391157096e-13,0.0
1841,0.00014731155533809215,1.4731079318153206e-05,7.631430209986689e-13,0.0
1842,0.00014716068108100444,1.4715993529534899e-05,7.389306180827226e-13,0.0
1843,0.0001470098359277472,1.4700910469400696e-05,7.261769310873412e-13,0.0
1844,0.0001468591799493879,1.4685843780171126e-05,7.421363870663278e-13,0.0
1845,0.00014670862583443522,1.4670786185888574e-05,7.615167177399407e-13,0.0
1846,0.0001465583045501262,1.4655752238468267e-05,7.910555890888737e-13,0.0
1847,0.0001464082015445456,1.4640745575889014e-05,7.469580509678053e-13,0.0
1848,0.0001462581567466259,1.462574346078327e-05,7.293549444953307e-13,0.0
1849,0.0001461082574678585,1.4610751350119244e-05,7.389306180827226e-13,0.0
1850,0.00014595840184483677,1.459576469642343e-05,7.550288519397874e-13,0.0
1851,0.00014580880815628916,1.4580804418073967e-05,7.647710589808732e-13,0.0
1852,0.00014565943274646997,1.4565865967597347e-05,7.778578128836422e-13,0.0
1853,0.00014551010099239647,1.455093479307834e-05,7.550288519397874e-13,0.0
1854,0.00014536094386130571,1.4536017260979861e-05,7.664008316865534e-13,0.0
1855,0.00014521197590511292,1.4521125194733031e-05,7.293549444953307e-13,0.0
1856,0.0001450630952604115,1.4506236766465008e-05,7.230058565732556e-13,0.0
1857,0.00014491434558294713,1.449136107112281e-05,7.309465532845394e-13,0.0
1858,0.00014476582873612642,1.447650447516935e-05,7.893997955310539e-13,0.0
1859,0.00014461747196037322,1.4461667888099328e-05,8.043643875965678e-13,0.0
1860,0.0001444692024961114,1.4446843124460429e-05,7.664008316865534e-13,0.0
1861,0.0001443210494471714,1.4432032003242057e-05,7.214229214014267e-13,0.0
1862,0.00014417304191738367,1.441723361494951e-05,6.963318810448982e-13,0.0
1863,0.00014402535452973098,1.440245978301391e-05,7.598921492046884e-13,0.0
1864,0.00014387750707101077,1.4387671399163082e-05,8.043643875965678e-13,0.0
1865,0.00014373011072166264,1.4372930309036747e-05,8.110604202138383e-13,0.0
1866,0.00014358269982039928,1.4358198313857429e-05,7.135342663944222e-13,0.0
1867,0.00014343539078254253,1.4343469047162216e-05,7.010026240039657e-13,0.0
1868,0.00014328837278299034,1.4328761608339846e-05,7.550288519397874e-13,0.0
1869,0.0001431414275430143,1.431406144547509e-05,8.127387651768458e-13,0.0
1870,0.00014299470058176666,1.429938947694609e-05,7.97696110554913e-13,0.0
1871,0.00014284801727626473,1.4284725693869404e-05,7.582693153929121e-13,0.0
1872,0.00014270155224949121,1.4270084648160264e-05,7.056889794743171e-13,0.0
1873,0.00014255526184570044,1.4255453606892843e-05,7.325398967972241e-13,0.0
1874,0.00014240900054574013,1.4240823475120123e-05,7.680323391157096e-13,0.0
1875,0.00014226295752450824,1.4226218809199054e-05,7.745757160670941e-13,0.0
1876,0.00014211701636668295,1.4211625057214405e-05,7.72937269744034e-13,0.0
1877,0.000141971351695247,1.419705859007081e-05,7.696655812683417e-13,0.0
1878,0.00014182564336806536,1.4182490303937811e-05,7.469580509678053e-13,0.0
1879,0.00014168025518301874,1.4167948393151164e-05,7.72937269744034e-13,0.0
1880,0.00014153501251712441,1.4153426491247956e-05,7.421363870663278e-13,0.0
1881,0.00014138975529931486,1.4138902770355344e-05,7.325398967972241e-13,0.0
1882,0.00014124471636023372,1.4124390872893855e-05,7.960333781031892e-13,0.0
1883,0.00014109980838838965,1.4109903531789314e-05,7.696655812683417e-13,0.0
1884,0.00014095510414335877,1.4095434380578808e-05,7.615167177399407e-13,0.0
1885,0.00014081037079449743,1.4080964319873601e-05,7.293549444953307e-13,0.0
1886,0.0001406658993801102,1.4066514268051833e-05,7.615167177399407e-13,0.0
1887,0.0001405215443810448,1.405207694915589e-05,7.745757160670941e-13,0.0
1888,0.00014037740766070783,1.403766236762749e-05,7.927131173701696e-13,0.0
1889,0.00014023337280377746,1.4023265066498425e-05,7.245905264685604e-13,0.0
1890,0.00014008954167366028,1.4008875041326974e-05,7.860934125858421e-13,0.0
1891,0.00013994576875120401,1.3994500477565452e-05,7.631430209986689e-13,0.0
1892,0.00013980219955556095,1.398014592268737e-05,7.389306180827226e-13,0.0
1893,0.00013965867401566356,1.3965791367809288e-05,7.53411222298439e-13,0.0
1894,0.0001395153085468337,1.3951453183835838e-05,7.745757160670941e-13,0.0
1895,0.00013937210314907134,1.3937130461272318e-05,8.043643875965678e-13,0.0
1896,0.00013922914513386786,1.3922838661528658e-05,7.598921492046884e-13,0.0
1897,0.00013908633263781667,1.3908558685216121e-05,7.469580509678053e-13,0.0
1898,0.0001389434328302741,1.389427143294597e-05,7.119617395634492e-13,0.0
1899,0.00013880075130145997,1.387999964208575e-05,7.615167177399407e-13,0.0
1900,0.00013865824439562857,1.3865743312635459e-05,8.161006592732889e-13,0.0
1901,0.00013851597032044083,1.3851516087015625e-05,8.077089344582511e-13,0.0
1902,0.00013837369624525309,1.3837292499374598e-05,7.713005581444499e-13,0.0
1903,0.00013823158224113286,1.3823091649101116e-05,6.732123539188173e-13,0.0
1904,0.0001380897592753172,1.3808899893774651e-05,7.517953273805666e-13,0.0
1905,0.00013794789265375584,1.3794712685921695e-05,7.696655812683417e-13,0.0
1906,0.00013780636072624475,1.3780555491393898e-05,7.993605777301127e-13,0.0
1907,0.0001376647560391575,1.3766394658887293e-05,8.144188448633294e-13,0.0
1908,0.00013752328231930733,1.3752252925769426e-05,7.501811671861702e-13,0.0
1909,0.00013738215784542263,1.3738142115471419e-05,7.469580509678053e-13,0.0
1910,0.000137240975163877,1.3724025848205201e-05,7.18262255228197e-13,0.0
1911,0.0001370999962091446,1.3709926861338317e-05,7.341349750333848e-13,0.0
1912,0.00013695916277356446,1.3695834240934346e-05,8.127387651768458e-13,0.0
1913,0.0001368185767205432,1.3681772543350235e-05,8.62165373816115e-13,0.0
1914,0.00013667788880411536,1.3667711755260825e-05,7.778578128836422e-13,0.0
1915,0.00013653752102982253,1.365368370898068e-05,6.854941961287331e-13,0.0
1916,0.0001363971969112754,1.3639651115227025e-05,6.808754948739448e-13,0.0
1917,0.0001362571056233719,1.36256339828833e-05,7.680323391157096e-13,0.0
1918,0.00013611707254312932,1.3611623217002489e-05,8.501012394024343e-13,0.0
1919,0.0001359772722935304,1.3597643373941537e-05,8.466699563669522e-13,0.0
1920,0.0001358375302515924,1.3583678082795814e-05,7.53411222298439e-13,0.0
1921,0.00013569800648838282,1.3569727343565319e-05,7.214229214014267e-13,0.0
1922,0.00013555842451751232,1.3555773875850718e-05,6.854941961287331e-13,0.0
1923,0.00013541914813686162,1.3541840417019557e-05,7.357317879930214e-13,0.0
1924,0.0001352799590677023,1.3527911505661905e-05,8.501012394024343e-13,0.0
1925,0.0001351409446215257,1.3514011698134709e-05,8.279219324003328e-13,0.0
1926,0.00013500198838301003,1.3500120985554531e-05,7.860934125858421e-13,0.0
1927,0.00013486313400790095,1.3486242096405476e-05,7.135342663944222e-13,0.0
1928,0.00013472464343067259,1.3472395039570983e-05,6.916767505971144e-13,0.0
1929,0.00013458615285344422,1.3458539797284175e-05,7.582693153929121e-13,0.0
1930,0.00013444756041280925,1.344467091257684e-05,8.449569169344251e-13,0.0
1931,0.0001343094336334616,1.3430862054519821e-05,8.144188448633294e-13,0.0
1932,0.00013417124864645302,1.341704682999989e-05,7.795014633771302e-13,0.0
1933,0.0001340332964900881,1.3403263437794521e-05,6.762724061304404e-13,0.0
1934,0.00013389537343755364,1.338946822215803e-05,7.056889794743171e-13,0.0
1935,0.0001337578141828999,1.3375698472373188e-05,8.330142131640628e-13,0.0
1936,0.00013362019672058523,1.3361938727030065e-05,8.177842084067244e-13,0.0
1937,0.000133482797536999,1.334820353804389e-05,7.517953273805666e-13,0.0
1938,0.0001333454711129889,1.3334468349057715e-05,7.811468485940942e-13,0.0
1939,0.00013320833386387676,1.3320757716428488e-05,7.615167177399407e-13,0.0
1940,0.00013307125482242554,1.330705163127277e-05,7.437418736433443e-13,0.0
1941,0.00013293439405970275,1.329336464550579e-05,7.389306180827226e-13,0.0
1942,0.0001327975478488952,1.3279676750244107e-05,7.795014633771302e-13,0.0
1943,0.0001326609490206465,1.3266013411339372e-05,8.077089344582511e-13,0.0
1944,0.00013252446660771966,1.3252368262328673e-05,7.827939685345342e-13,0.0
1945,0.0001323879841947928,1.3238724022812676e-05,7.357317879930214e-13,0.0
1946,0.00013225180737208575,1.3225107977632433e-05,7.277650704295979e-13,0.0
1947,0.0001321156887570396,1.3211492841946892e-05,7.566482163046118e-13,0.0
1948,0.0001319797884207219,1.319789771514479e-05,8.110604202138383e-13,0.0
1949,0.00013184385898057371,1.3184304407332093e-05,8.144188448633294e-13,0.0
1950,0.00013170810416340828,1.3170735655876342e-05,7.453490949438368e-13,0.0
1951,0.00013157266948837787,1.315719146077754e-05,7.550288519397874e-13,0.0
1952,0.00013143711839802563,1.3143640899215825e-05,7.135342663944222e-13,0.0
1953,0.00013130196020938456,1.3130119441484567e-05,7.745757160670941e-13,0.0
1954,0.00013116664194967598,1.3116581612848677e-05,8.313150515193435e-13,0.0
1955,0.00013103155652061105,1.3103078345011454e-05,7.778578128836422e-13,0.0
1956,0.00013089676212985069,1.3089600543025881e-05,7.566482163046118e-13,0.0
1957,0.00013076193863525987,1.3076121831545606e-05,7.293549444953307e-13,0.0
1958,0.0001306272897636518,1.3062653124507051e-05,7.582693153929121e-13,0.0
1959,0.00013049275730736554,1.304919715039432e-05,7.844428231984502e-13,0.0
1960,0.0001303582830587402,1.3035750271228608e-05,7.893997955310539e-13,0.0
1961,0.0001302239252254367,1.3022315215494018e-05,7.72937269744034e-13,0.0
1962,0.00013008991663809866,1.3008914720558096e-05,7.664008316865534e-13,0.0
1963,0.00012995592260267586,1.2995516954106279e-05,7.501811671861702e-13,0.0
1964,0.0001298220013268292,1.298212828260148e-05,7.18262255228197e-13,0.0
1965,0.0001296882110182196,1.2968743249075487e-05,7.8774573669671e-13,0.0
1966,0.00012955465354025364,1.2955379133927636e-05,8.535394613318203e-13,0.0
1967,0.00012942113971803337,1.2942034118168522e-05,7.97696110554913e-13,0.0
1968,0.0001292877714149654,1.2928706382808741e-05,7.198417209530739e-13,0.0
1969,0.0001291544467676431,1.2915375918964855e-05,6.793393972359674e-13,0.0
1970,0.00012902135495096445,1.2902059097541496e-05,7.517953273805666e-13,0.0
1971,0.00012888842320535332,1.2888760466012172e-05,8.127387651768458e-13,0.0
1972,0.00012875547690782696,1.287546274397755e-05,8.466699563669522e-13,0.0
1973,0.0001286227343371138,1.2862195035268087e-05,7.910555890888737e-13,0.0
1974,0.00012849010818172246,1.2848937331000343e-05,7.421363870663278e-13,0.0
1975,0.00012835774396080524,1.2835702364100143e-05,7.18262255228197e-13,0.0
1976,0.0001282254816032946,1.2822472854168154e-05,7.566482163046118e-13,0.0
1977,0.00012809321924578398,1.2809245163225569e-05,7.762158971136301e-13,0.0
1978,0.00012796110240742564,1.2796033843187615e-05,7.615167177399407e-13,0.0
1979,0.00012782920384779572,1.2782841622538399e-05,7.860934125858421e-13,0.0
1980,0.00012769731984008104,1.2769653949362691e-05,7.811468485940942e-13,0.0
1981,0.00012756565411109477,1.2756489013554528e-05,7.713005581444499e-13,0.0
1982,0.0001274340320378542,1.2743328625219874e-05,7.485687417152498e-13,0.0
1983,0.00012730261369142681,1.2730187336273957e-05,7.485687417152498e-13,0.0
1984,0.00012717126810457557,1.2717050594801549e-05,7.582693153929121e-13,0.0
1985,0.0001270401116926223,1.2703928405244369e-05,8.364177406239293e-13,0.0
1986,0.00012690902804024518,1.2690825315075926e-05,7.762158971136301e-13,0.0
1987,0.00012677808990702033,1.2677734957833309e-05,7.469580509678053e-13,0.0
1988,0.0001266472681891173,1.2664653695537709e-05,7.309465532845394e-13,0.0
1989,0.00012651653378270566,1.2651578799705021e-05,7.389306180827226e-13,0.0
1990,0.00012638591579161584,1.2638513908314053e-05,7.762158971136301e-13,0.0
1991,0.00012625545787159353,1.2625468116311822e-05,7.762158971136301e-13,0.0
1992,0.00012612511636689305,1.2612430509761907e-05,8.127387651768458e-13,0.0
1993,0.0001259949494851753,1.2599415640579537e-05,7.97696110554913e-13,0.0
1994,0.00012586486991494894,1.2586416232807096e-05,7.103909474559522e-13,0.0
1995,0.00012573493586387485,1.2573417734529357e-05,7.517953273805666e-13,0.0
1996,0.0001256051182281226,1.2560432878672145e-05,7.910555890888737e-13,0.0
1997,0.00012547535880003124,1.2547459846246056e-05,7.517953273805666e-13,0.0
1998,0.000125345861306414,1.2534507732198108e-05,7.927131173701696e-13,0.0
1999,0.00012521632015705109,1.252155561815016e-05,7.517953273805666e-13,0.0
2000,0.00012508712825365365,1.2508637155406177e-05,7.598921492046884e-13,0.0
2001,0.0001249579800060019,1.24957214211463e-05,7.762158971136301e-13,0.0
2002,0.00012482877355068922,1.2482801139412913e-05,7.631430209986689e-13,0.0
2003,0.0001246998435817659,1.2469905414036475e-05,7.811468485940942e-13,0.0
2004,0.00012457100092433393,1.2457025150069967e-05,7.582693153929121e-13,0.0
2005,0.0001244423328898847,1.2444157619029284e-05,7.566482163046118e-13,0.0
2006,0.00012431373761501163,1.243130009243032e-05,7.453490949438368e-13,0.0
2007,0.0001241852150997147,1.2418443475326058e-05,7.844428231984502e-13,0.0
2008,0.0001240568672074005,1.2405611414578743e-05,7.582693153929121e-13,0.0
2009,0.0001239287666976452,1.239279481524136e-05,8.127387651768458e-13,0.0
2010,0.0001238006807398051,1.2379993677313905e-05,7.437418736433443e-13,0.0
2011,0.00012367275485303253,1.2367201634333469e-05,7.453490949438368e-13,0.0
2012,0.00012354484351817518,1.2354410500847735e-05,7.469580509678053e-13,0.0
2013,0.00012341710680630058,1.2341633009782527e-05,7.762158971136301e-13,0.0
2014,0.00012328945740591735,1.2328869161137845e-05,7.762158971136301e-13,0.0
2015,0.00012316192442085594,1.2316117135924287e-05,7.631430209986689e-13,0.0
2016,0.00012303462426643819,1.2303386938583571e-05,7.615167177399407e-13,0.0
2017,0.00012290746963117272,1.2290671293158084e-05,7.566482163046118e-13,0.0
2018,0.00012278031499590725,1.2277952919248492e-05,7.811468485940942e-13,0.0
2019,0.00012265334953553975,1.2265256373211741e-05,7.811468485940942e-13,0.0
2020,0.00012252636952325702,1.2252566193637904e-05,7.119617395634492e-13,0.0
2021,0.0001223997096531093,1.22398932944634e-05,7.72937269744034e-13,0.0
2022,0.0001222729915753007,1.2227224942762405e-05,7.437418736433443e-13,0.0
2023,0.00012214657908771187,1.2214578418934252e-05,7.993605777301127e-13,0.0
2024,0.00012202023935969919,1.2201945537526626e-05,7.827939685345342e-13,0.0
2025,0.00012189395783934742,1.2189319022581913e-05,7.713005581444499e-13,0.0
2026,0.00012176774180261418,1.2176699783594813e-05,7.405326352127872e-13,0.0
2027,0.0001216417585965246,1.2164105100964662e-05,7.088218900719312e-13,0.0
2028,0.00012151594273746014,1.2151516784797423e-05,7.72937269744034e-13,0.0
2029,0.0001213901414303109,1.2138933925598394e-05,7.993605777301127e-13,0.0
2030,0.00012126451474614441,1.2126369256293401e-05,8.194694922636359e-13,0.0
2031,0.00012113890988985077,1.2113816410419531e-05,7.485687417152498e-13,0.0
2032,0.00012101352331228554,1.2101282663934398e-05,6.994439749608006e-13,0.0
2033,0.00012088823859812692,1.2088751645933371e-05,7.18262255228197e-13,0.0
2034,0.0001207630630233325,1.2076225175405852e-05,8.077089344582511e-13,0.0
2035,0.00012063790200045332,1.2063709618814755e-05,8.110604202138383e-13,0.0
2036,0.00012051320663886145,1.2051242265442852e-05,7.893997955310539e-13,0.0
2037,0.000120388220238965,1.2038751265208703e-05,7.072545674113861e-13,0.0
2038,0.0001202635612571612,1.2026287549815606e-05,6.839528943203277e-13,0.0
2039,0.00012013901869067922,1.2013821105938405e-05,8.043643875965678e-13,0.0
2040,0.00012001457071164623,1.2001377399428748e-05,7.910555890888737e-13,0.0
2041,0.00011989016638835892,1.1988936421403196e-05,8.026947162509401e-13,0.0
2042,0.00011976596579188481,1.1976519999734592e-05,7.615167177399407e-13,0.0
2043,0.00011964180157519877,1.19641099445289e-05,6.994439749608006e-13,0.0
2044,0.00011951781198149547,1.1951709893764928e-05,7.119617395634492e-13,0.0
2045,0.00011939407704630867,1.1939326213905588e-05,8.144188448633294e-13,0.0
2046,0.00011927029117941856,1.1926947081519756e-05,8.228452641478867e-13,0.0
2047,0.00011914660717593506,1.191458613902796e-05,7.517953273805666e-13,0.0
2048,0.00011902307596756145,1.1902237019967288e-05,7.056889794743171e-13,0.0
2049,0.00011889969027834013,1.1889892448380124e-05,7.647710589808732e-13,0.0
2050,0.00011877648648805916,1.1877574252139311e-05,7.437418736433443e-13,0.0
2051,0.00011865320993820205,1.1865245141962077e-05,7.550288519397874e-13,0.0
2052,0.0001185302680823952,1.1852944226120599e-05,8.330142131640628e-13,0.0
2053,0.00011840728257084265,1.184065331472084e-05,7.469580509678053e-13,0.0
2054,0.00011828450806206092,1.1828379683720414e-05,7.135342663944222e-13,0.0
2055,0.00011816185724455863,1.1816111509688199e-05,7.453490949438368e-13,0.0
2056,0.00011803921370301396,1.1803842426161282e-05,7.827939685345342e-13,0.0
2057,0.00011791677388828248,1.1791598808486015e-05,7.827939685345342e-13,0.0
2058,0.00011779444321291521,1.1779369742725976e-05,7.517953273805666e-13,0.0
2059,0.00011767222167691216,1.1767150681407657e-05,7.119617395634492e-13,0.0
2060,0.00011755010928027332,1.175493343907874e-05,7.745757160670941e-13,0.0
2061,0.00011742820061044767,1.1742742572096176e-05,7.778578128836422e-13,0.0
2062,0.00011730625556083396,1.1730549886124209e-05,7.598921492046884e-13,0.0
2063,0.00011718455789377913,1.171838266600389e-05,7.357317879930214e-13,0.0
2064,0.00011706283839885145,1.1706210898410063e-05,7.261769310873412e-13,0.0
2065,0.00011694132990669459,1.1694055501720868e-05,7.72937269744034e-13,0.0
2066,0.00011681995238177478,1.1681916475936305e-05,7.860934125858421e-13,0.0
2067,0.00011669861851260066,1.1669782907119952e-05,7.893997955310539e-13,0.0
2068,0.00011657748837023973,1.1657672985165846e-05,7.582693153929121e-13,0.0
2069,0.00011645644553937018,1.1645573067653459e-05,7.119617395634492e-13,0.0
2070,0.00011633539543254301,1.1633468602667563e-05,7.088218900719312e-13,0.0
2071,0.00011621467274380848,1.1621393241512123e-05,7.421363870663278e-13,0.0
2072,0.00011609389184741303,1.1609306966420263e-05,8.211565108440233e-13,0.0
2073,0.00011597329284995794,1.1597247976169456e-05,8.177842084067244e-13,0.0
2074,0.00011585275933612138,1.158520535682328e-05,7.072545674113861e-13,0.0
2075,0.00011573236406547949,1.1573166375455912e-05,6.963318810448982e-13,0.0
2076,0.00011561209248611704,1.1561134670046158e-05,7.501811671861702e-13,0.0
2077,0.0001154919809778221,1.1549119335541036e-05,7.827939685345342e-13,0.0
2078,0.00011537192040123045,1.1537109458004124e-05,8.296176245981002e-13,0.0
2079,0.00011525196896400303,1.1525123227329459e-05,7.357317879930214e-13,0.0
2080,0.00011513221397763118,1.1513153367559426e-05,6.762724061304404e-13,0.0
2081,0.00011501256813062355,1.1501184417284094e-05,7.198417209530739e-13,0.0
2082,0.00011489298776723444,1.148921910498757e-05,8.010267796287884e-13,0.0
2083,0.00011477348016342148,1.1477269254100975e-05,7.893997955310539e-13,0.0
2084,0.00011465408897493035,1.1465331226645503e-05,7.778578128836422e-13,0.0
2085,0.00011453480692580342,1.145340775110526e-05,7.261769310873412e-13,0.0
2086,0.00011441578681115061,1.144150610343786e-05,7.309465532845394e-13,0.0
2087,0.00011429690493969247,1.1429618098190986e-05,7.214229214014267e-13,0.0
2088,0.00011417793575674295,1.141771917900769e-05,7.453490949438368e-13,0.0
2089,0.00011405916302464902,1.140583844971843e-05,7.811468485940942e-13,0.0
2090,0.00011394045577617362,1.139396772487089e-05,7.778578128836422e-13,0.0
2091,0.00011382187949493527,1.1382115189917386e-05,7.293549444953307e-13,0.0
2092,0.00011370347056072205,1.1370271749910899e-05,7.53411222298439e-13,0.0
2093,0.0001135853017331101,1.1358451956766658e-05,7.795014633771302e-13,0.0
2094,0.00011346702376613393,1.1346632163622417e-05,7.025630077706069e-13,0.0
2095,0.00011334888404235244,1.1334814189467579e-05,7.437418736433443e-13,0.0
2096,0.00011323089711368084,1.132301622419618e-05,7.37330335676134e-13,0.0
2097,0.00011311307025607675,1.131123281084001e-05,7.453490949438368e-13,0.0
2098,0.00011299524339847267,1.1299442121526226e-05,8.211565108440233e-13,0.0
2099,0.00011287756933597848,1.12876814455376e-05,7.566482163046118e-13,0.0
2100,0.00011276001168880612,1.1275929864495993e-05,7.135342663944222e-13,0.0
2101,0.00011264263594057411,1.1264192835369613e-05,7.072545674113861e-13,0.0
2102,0.00011252543481532484,1.125246944866376e-05,7.389306180827226e-13,0.0
2103,0.00011240815365454182,1.1240740604989696e-05,7.485687417152498e-13,0.0
2104,0.00011229098890908062,1.1229019946767949e-05,7.860934125858421e-13,0.0
2105,0.00011217403516639024,1.121732930187136e-05,7.389306180827226e-13,0.0
2106,0.00011205723421880975,1.120564866141649e-05,7.501811671861702e-13,0.0
2107,0.00011194044054718688,1.1193970749445725e-05,7.357317879930214e-13,0.0
2108,0.00011182377056684345,1.1182301022927277e-05,7.53411222298439e-13,0.0
2109,0.00011170726793352515,1.1170652214786969e-05,7.405326352127872e-13,0.0
2110,0.00011159080167999491,1.1159006135130767e-05,7.405326352127872e-13,0.0
2111,0.00011147443728987128,1.1147370059916284e-05,7.37330335676134e-13,0.0
2112,0.00011135813838336617,1.1135739441670012e-05,7.405326352127872e-13,0.0
2113,0.0001112420650315471,1.1124131560791284e-05,7.485687417152498e-13,0.0
2114,0.00011112615175079554,1.1112539141322486e-05,7.53411222298439e-13,0.0
2115,0.00011101034033345059,1.1100956726295408e-05,7.680323391157096e-13,0.0
2116,0.00011089449981227517,1.1089376130257733e-05,7.453490949438368e-13,0.0
2117,0.00011077890667365864,1.10778164525982e-05,7.421363870663278e-13,0.0
2118,0.00011066326987929642,1.1066256774938665e-05,6.994439749608006e-13,0.0
2119,0.00011054790229536593,1.1054718925151974e-05,7.103909474559522e-13,0.0
2120,0.00011043253471143544,1.1043175618397072e-05,7.762158971136301e-13,0.0
2121,0.00011031723988708109,1.1031644135073293e-05,8.010267796287884e-13,0.0
2122,0.00011020214151358232,1.102013629861176e-05,7.795014633771302e-13,0.0
2123,0.00011008720321115106,1.1008654837496579e-05,6.549977574210608e-13,0.0
2124,0.0001099722067010589,1.0997153367497958e-05,6.778050343214659e-13,0.0
2125,0.00010985752305714414,1.0985672815877479e-05,7.927131173701696e-13,0.0
2126,0.00010974281758535653,1.0974201359204017e-05,7.97696110554913e-13,0.0
2127,0.00010962820670101792,1.0962744454445783e-05,7.647710589808732e-13,0.0
2128,0.00010951380681945011,1.0951307558570988e-05,7.325398967972241e-13,0.0
2129,0.00010939939238596708,1.0939870662696194e-05,6.854941961287331e-13,0.0
2130,0.00010928518167929724,1.0928447409241926e-05,7.056889794743171e-13,0.0
2131,0.0001091709709726274,1.0917023246292956e-05,7.453490949438368e-13,0.0
2132,0.00010905700037255883,1.0905620001722127e-05,8.026947162509401e-13,0.0
2133,0.0001089430516003631,1.089422767108772e-05,7.762158971136301e-13,0.0
2134,0.00010882935021072626,1.0882863534789067e-05,7.119617395634492e-13,0.0
2135,0.00010871563426917419,1.0871495760511607e-05,6.778050343214659e-13,0.0
2136,0.0001086020129150711,1.0860128895728849e-05,7.198417209530739e-13,0.0
2137,0.00010848849342437461,1.0848772944882512e-05,7.615167177399407e-13,0.0
2138,0.00010837519948836416,1.0837440640898421e-05,7.910555890888737e-13,0.0
2139,0.00010826186189660802,1.0826111065398436e-05,7.469580509678053e-13,0.0
2140,0.00010814866982400417,1.0814796041813679e-05,7.151085279488711e-13,0.0
2141,0.00010803555051097646,1.0803484656207729e-05,7.072545674113861e-13,0.0
2142,0.00010792263492476195,1.0792190551001113e-05,7.293549444953307e-13,0.0
2143,0.0001078097993740812,1.0780906450236216e-05,7.325398967972241e-13,0.0
2144,0.00010769702203106135,1.076962780643953e-05,7.421363870663278e-13,0.0
2145,0.00010758436837932095,1.0758360076579265e-05,7.664008316865534e-13,0.0
2146,0.00010747186752269045,1.0747110536613036e-05,7.647710589808732e-13,0.0
2147,0.00010735947580542415,1.0735876458056737e-05,7.103909474559522e-13,0.0
2148,0.00010724721505539492,1.0724651474447455e-05,6.978870606411114e-13,0.0
2149,0.00010713494702940807,1.0713426490838174e-05,6.808754948739448e-13,0.0
2150,0.00010702283907448873,1.0702208783186506e-05,7.469580509678053e-13,0.0
2151,0.00010691085481084883,1.0691003808460664e-05,8.161006592732889e-13,0.0
2152,0.00010679906699806452,1.0679827937565278e-05,7.893997955310539e-13,0.0
2153,0.00010668727190932259,1.0668660252122208e-05,6.701592406010981e-13,0.0
2154,0.00010657551320036873,1.0657485290721525e-05,6.595279877785742e-13,0.0
2155,0.00010646400187397376,1.0646327609720174e-05,7.245905264685604e-13,0.0
2156,0.00010635251237545162,1.0635174476192333e-05,7.745757160670941e-13,0.0
2157,0.00010624111018842086,1.0624031347106211e-05,7.960333781031892e-13,0.0
2158,0.0001061299117282033,1.0612917321850546e-05,7.453490949438368e-13,0.0
2159,0.00010601878602756187,1.0601811482047196e-05,6.716849298982197e-13,0.0
2160,0.00010590772581053898,1.059070200426504e-05,7.072545674113861e-13,0.0
2161,0.00010579675290500745,1.0579605259408709e-05,6.994439749608006e-13,0.0
2162,0.00010568597645033151,1.0568522156972904e-05,7.582693153929121e-13,0.0
2163,0.0001055753164109774,1.0557450877968222e-05,8.110604202138383e-13,0.0
2164,0.00010546458361204714,1.054638505593175e-05,7.37330335676134e-13,0.0
2165,0.00010535412729950622,1.0535346518736333e-05,6.640738306473715e-13,0.0
2166,0.00010524371464271098,1.0524306162551511e-05,6.580161762692605e-13,0.0
2167,0.00010513344022911042,1.0513268534850795e-05,7.550288519397874e-13,0.0
2168,0.00010502321674721316,1.0502238183107693e-05,8.34715109532258e-13,0.0
2169,0.00010491312423255295,1.049124330165796e-05,6.901285098948051e-13,0.0
2170,0.00010480309720151126,1.048023932526121e-05,7.025630077706069e-13,0.0
2171,0.00010469313565408811,1.0469243534316774e-05,7.010026240039657e-13,0.0
2172,0.00010458337783347815,1.0458260476298165e-05,7.745757160670941e-13,0.0
2173,0.00010447375825606287,1.0447301974636503e-05,7.453490949438368e-13,0.0
2174,0.00010436413140268996,1.0436341653985437e-05,7.151085279488711e-13,0.0
2175,0.0001042547301040031,1.0425403161207214e-05,6.994439749608006e-13,0.0
2176,0.00010414521966595203,1.0414454663987271e-05,6.716849298982197e-13,0.0
2177,0.00010403598571429029,1.040352708514547e-05,7.151085279488711e-13,0.0
2178,0.00010392683179816231,1.0392602234787773e-05,8.093838099743067e-13,0.0
2179,0.00010381780884927139,1.0381701940787025e-05,7.960333781031892e-13,0.0
2180,0.00010370886593591422,1.0370818017690908e-05,6.824133272353983e-13,0.0
2181,0.00010359990119468421,1.0359926818637177e-05,6.355471704466709e-13,0.0
2182,0.00010349116928409785,1.0349046533519868e-05,7.072545674113861e-13,0.0
2183,0.00010338256106479093,1.0338179890823085e-05,7.664008316865534e-13,0.0
2184,0.00010327395284548402,1.0327319614589214e-05,7.598921492046884e-13,0.0
2185,0.00010316554107703269,1.0316480256733485e-05,7.405326352127872e-13,0.0
2186,0.00010305717296432704,1.030564908433007e-05,6.839528943203277e-13,0.0
2187,0.00010294898675056174,1.0294828825863078e-05,7.010026240039657e-13,0.0
2188,0.00010284079326083884,1.0284007657901384e-05,7.18262255228197e-13,0.0
2189,0.00010273270891048014,1.0273199222865514e-05,7.151085279488711e-13,0.0
2190,0.0001026248573907651,1.026240897772368e-05,7.631430209986689e-13,0.0
2191,0.00010251691855955869,1.0251619642076548e-05,7.214229214014267e-13,0.0
2192,0.00010240926349069923,1.0240855772281066e-05,7.056889794743171e-13,0.0
2193,0.0001023015211103484,1.023008553602267e-05,6.716849298982197e-13,0.0
2194,0.00010219408432021737,1.0219334399153013e-05,7.389306180827226e-13,0.0
2195,0.0001020865238388069,1.0208578714809846e-05,7.357317879930214e-13,0.0
2196,0.00010197924711974338,1.0197852134297136e-05,7.293549444953307e-13,0.0
2197,0.00010187197040067986,1.018712737277383e-05,6.994439749608006e-13,0.0
2198,0.00010176486830459908,1.0176415344176348e-05,7.119617395634492e-13,0.0
2199,0.00010165777348447591,1.0165703315578867e-05,7.405326352127872e-13,0.0
2200,0.00010155092604691163,1.015501948131714e-05,7.341349750333848e-13,0.0
2201,0.00010144407133338973,1.0144340194528922e-05,6.701592406010981e-13,0.0
2202,0.00010133729665540159,1.0133659088751301e-05,7.072545674113861e-13,0.0
2203,0.00010123069660039619,1.0122997082362417e-05,7.277650704295979e-13,0.0
2204,0.00010112419113283977,1.0112345989909954e-05,7.341349750333848e-13,0.0
2205,0.0001010178093565628,1.0101707630383316e-05,7.357317879930214e-13,0.0
2206,0.00010091138392454013,1.0091067451867275e-05,7.04125126260724e-13,0.0
2207,0.00010080519132316113,1.0080453648697585e-05,6.549977574210608e-13,0.0
2208,0.0001006989914458245,1.0069828022096772e-05,7.135342663944222e-13,0.0
2209,0.00010059301712317392,1.0059221494884696e-05,8.010267796287884e-13,0.0
2210,0.00010048714466392994,1.0048643162008375e-05,7.119617395634492e-13,0.0
2211,0.0001003813449642621,1.0038066648121458e-05,6.747415126628908e-13,0.0
2212,0.00010027547978097573,1.0027481039287522e-05,6.671130661772828e-13,0.0
2213,0.00010016995656769723,1.001692271529464e-05,7.277650704295979e-13,0.0
2214,0.00010006436059484258,1.0006362572312355e-05,7.357317879930214e-13,0.0
2215,9.995901928050444e-05,9.995829714171123e-06,7.230058565732556e-13,0.0
2216,9.985369251808152e-05,9.985299584513996e-06,7.010026240039657e-13,0.0
2217,9.974838030757383e-05,9.974768545362167e-06,6.885820039159718e-13,0.0
2218,9.964338823920116e-05,9.964267519535497e-06,7.151085279488711e-13,0.0
2219,9.953833068720996e-05,9.953760127245914e-06,7.261769310873412e-13,0.0
2220,9.943335317075253e-05,9.943266377376858e-06,6.916767505971144e-13,0.0
2221,9.932849206961691e-05,9.932778993970715e-06,7.010026240039657e-13,0.0
2222,9.92237837635912e-05,9.922305252985097e-06,7.37330335676134e-13,0.0
2223,9.911914821714163e-05,9.911844244925305e-06,7.088218900719312e-13,0.0
2224,9.901455632643774e-05,9.90138687484432e-06,6.916767505971144e-13,0.0
2225,9.891018271446228e-05,9.890946785162669e-06,7.135342663944222e-13,0.0
2226,9.880591096589342e-05,9.880519428406842e-06,7.166845242267961e-13,0.0
2227,9.870158828562126e-05,9.870091162156314e-06,6.778050343214659e-13,0.0
2228,9.859745478024706e-05,9.859672900347505e-06,7.309465532845394e-13,0.0
2229,9.849337948253378e-05,9.849264642980415e-06,7.357317879930214e-13,0.0
2230,9.838947153184563e-05,9.838880032475572e-06,6.716849298982197e-13,0.0
2231,9.8285629064776e-05,9.82849633146543e-06,6.686352860274525e-13,0.0
2232,9.818180842557922e-05,9.818107173487078e-06,7.37330335676134e-13,0.0
2233,9.807808964978904e-05,9.807739843381569e-06,6.94778436172161e-13,0.0
2234,9.797457460081205e-05,9.79738342721248e-06,7.437418736433443e-13,0.0
2235,9.78712341748178e-05,9.787052476895042e-06,7.119617395634492e-13,0.0
2236,9.776782098924741e-05,9.776716069609392e-06,6.595279877785742e-13,0.0
2237,9.766461880644783e-05,9.766390576260164e-06,7.119617395634492e-13,0.0
2238,9.756146027939394e-05,9.756075996847358e-06,6.963318810448982e-13,0.0
2239,9.745826537255198e-05,9.745757779455744e-06,6.808754948739448e-13,0.0
2240,9.73552159848623e-05,9.735450476000551e-06,7.119617395634492e-13,0.0
2241,9.72523121163249e-05,9.725160452944692e-06,7.072545674113861e-13,0.0
2242,9.714963380247355e-05,9.71488952927757e-06,7.389306180827226e-13,0.0
2243,9.70469118328765e-05,9.704621334094554e-06,6.994439749608006e-13,0.0
2244,9.694429900264367e-05,9.694363143353257e-06,6.671130661772828e-13,0.0
2245,9.684183169156313e-05,9.684116776043084e-06,6.625568149676297e-13,0.0
2246,9.673946624388918e-05,9.67387586570112e-06,7.025630077706069e-13,0.0
2247,9.663720993557945e-05,9.66364677879028e-06,7.421363870663278e-13,0.0
2248,9.65349463513121e-05,9.653420420363545e-06,7.405326352127872e-13,0.0
2249,9.64328573900275e-05,9.643215889809653e-06,6.978870606411114e-13,0.0
2250,9.633083391236141e-05,9.63302136369748e-06,6.193179649671698e-13,0.0
2251,9.622896322980523e-05,9.622831385058817e-06,6.489817364063732e-13,0.0
2252,9.61270707193762e-05,9.612631401978433e-06,7.598921492046884e-13,0.0
2253,9.602530917618424e-05,9.602454156265594e-06,7.680323391157096e-13,0.0
2254,9.592363494448364e-05,9.592293281457387e-06,7.010026240039657e-13,0.0
2255,9.582212078385055e-05,9.58215332502732e-06,5.91780097147776e-13,0.0
2256,9.572070121066645e-05,9.572002454660833e-06,6.778050343214659e-13,0.0
2257,9.561928163748235e-05,9.561852493789047e-06,7.550288519397874e-13,0.0
2258,9.55180439632386e-05,9.551728908263613e-06,7.550288519397874e-13,0.0
2259,9.541698091197759e-05,9.541630788589828e-06,6.716849298982197e-13,0.0
2260,9.531583054922521e-05,9.531519026495516e-06,6.385204864844951e-13,0.0
2261,9.521485480945557e-05,9.52141999732703e-06,6.565060994834226e-13,0.0
2262,9.511403914075345e-05,9.511331882094964e-06,7.230058565732556e-13,0.0
2263,9.501320164417848e-05,9.501247404841706e-06,7.245905264685604e-13,0.0
2264,9.491252421867102e-05,9.491176570008975e-06,7.566482163046118e-13,0.0
2265,9.481185406912118e-05,9.481121196586173e-06,6.415007414162233e-13,0.0
2266,9.471133671468124e-05,9.471073099120986e-06,6.047462877689647e-13,0.0
2267,9.46109794313088e-05,9.461025001655798e-06,7.309465532845394e-13,0.0
2268,9.451065125176683e-05,9.450989637116436e-06,7.566482163046118e-13,0.0
2269,9.441035945201293e-05,9.440965186513495e-06,7.056889794743171e-13,0.0
2270,9.43103659665212e-05,9.430971658730414e-06,6.444879352418553e-13,0.0
2271,9.421030699741095e-05,9.420967217010912e-06,6.311002068160043e-13,0.0
2272,9.411040809936821e-05,9.410970960743725e-06,6.978870606411114e-13,0.0
2273,9.4010574684944e-05,9.40098561841296e-06,7.214229214014267e-13,0.0
2274,9.391081403009593e-05,9.391011190018617e-06,6.994439749608006e-13,0.0
2275,9.381116251461208e-05,9.381044947076589e-06,7.135342663944222e-13,0.0
2276,9.371152555104345e-05,9.371086889586877e-06,6.549977574210608e-13,0.0
2277,9.36120850383304e-05,9.361143384012394e-06,6.504831395748312e-13,0.0
2278,9.351274638902396e-05,9.351206244900823e-06,6.824133272353983e-13,0.0
2279,9.341345867142081e-05,9.341276381746866e-06,6.978870606411114e-13,0.0
2280,9.331427281722426e-05,9.331355613539927e-06,7.119617395634492e-13,0.0
2281,9.321531979367137e-05,9.321461220679339e-06,7.025630077706069e-13,0.0
2282,9.311624307883903e-05,9.311558642366435e-06,6.53491150082175e-13,0.0
2283,9.301725367549807e-05,9.30166061152704e-06,6.444879352418553e-13,0.0
2284,9.291843889513984e-05,9.291774404118769e-06,6.885820039159718e-13,0.0
2285,9.28197187022306e-05,9.281899110646918e-06,7.245905264685604e-13,0.0
2286,9.272116585634649e-05,9.272047464037314e-06,6.901285098948051e-13,0.0
2287,9.262255480280146e-05,9.262189450964797e-06,6.640738306473715e-13,0.0
2288,9.252402378479019e-05,9.252337804355193e-06,6.474820679613913e-13,0.0
2289,9.242576925316826e-05,9.242508895113133e-06,6.732123539188173e-13,0.0
2290,9.23275001696311e-05,9.232679076376371e-06,7.025630077706069e-13,0.0
2291,9.222934750141576e-05,9.222862900060136e-06,7.214229214014267e-13,0.0
2292,9.21312312129885e-05,9.21305672818562e-06,6.640738306473715e-13,0.0
2293,9.203320951201022e-05,9.203255103784613e-06,6.53491150082175e-13,0.0
2294,9.19353769859299e-05,9.193473488267045e-06,6.429934709673013e-13,0.0
2295,9.183755173580721e-05,9.183687325275969e-06,6.793393972359674e-13,0.0
2296,9.173976286547258e-05,9.173904800263699e-06,7.135342663944222e-13,0.0
2297,9.164215589407831e-05,9.164144103124272e-06,7.119617395634492e-13,0.0
2298,9.154465078609064e-05,9.154397957900073e-06,6.671130661772828e-13,0.0
2299,9.144720388576388e-05,9.144659088633489e-06,6.10554141966535e-13,0.0
2300,9.134982246905565e-05,9.134915671893395e-06,6.671130661772828e-13,0.0
2301,9.125250653596595e-05,9.125178621616215e-06,7.230058565732556e-13,0.0
2302,9.115541615756229e-05,9.115471584664192e-06,6.963318810448982e-13,0.0
2303,9.105831850320101e-05,9.105765457206871e-06,6.61041534011364e-13,0.0
2304,9.096127178054303e-05,9.096061148738954e-06,6.595279877785742e-13,0.0
2305,9.086439240491018e-05,9.08637412067037e-06,6.504831395748312e-13,0.0
2306,9.076753485715017e-05,9.076686183107086e-06,6.793393972359674e-13,0.0
2307,9.06708519323729e-05,9.06701825442724e-06,6.686352860274525e-13,0.0
2308,9.057421266334131e-05,9.057351235242095e-06,7.010026240039657e-13,0.0
2309,9.047754429047927e-05,9.047689673025161e-06,6.459841342398853e-13,0.0
2310,9.038119605975226e-05,9.038051757670473e-06,6.793393972359674e-13,0.0
2311,9.028478962136433e-05,9.028412932821084e-06,6.640738306473715e-13,0.0
2312,9.018855053000152e-05,9.018785021908116e-06,6.963318810448982e-13,0.0
2313,9.009234781842679e-05,9.00916893442627e-06,6.565060994834226e-13,0.0
2314,8.999631245387718e-05,8.999564670375548e-06,6.61041534011364e-13,0.0
2315,8.990024798549712e-05,8.989959496830124e-06,6.549977574210608e-13,0.0
2316,8.98043072083965e-05,8.980365237221122e-06,6.53491150082175e-13,0.0
2317,8.970849739853293e-05,8.970780982053839e-06,6.854941961287331e-13,0.0
2318,8.961273852037266e-05,8.96120400284417e-06,6.963318810448982e-13,0.0
2319,8.951712516136467e-05,8.951646123023238e-06,6.625568149676297e-13,0.0
2320,8.942144631873816e-05,8.942080967244692e-06,6.415007414162233e-13,0.0
2321,8.93260003067553e-05,8.932534910854883e-06,6.53491150082175e-13,0.0
2322,8.923064888222143e-05,8.922998858906794e-06,6.61041534011364e-13,0.0
2323,8.91353702172637e-05,8.913466444937512e-06,7.088218900719312e-13,0.0
2324,8.904009155230597e-05,8.903945854399353e-06,6.311002068160043e-13,0.0
2325,8.894496568245813e-05,8.894429811334703e-06,6.701592406010981e-13,0.0
2326,8.885002898750827e-05,8.884934686648194e-06,6.824133272353983e-13,0.0
2327,8.875504863681272e-05,8.875439561961684e-06,6.549977574210608e-13,0.0
2328,8.866014104569331e-05,8.86595171323279e-06,6.266688556966216e-13,0.0
2329,8.856539352564141e-05,8.856472959450912e-06,6.655925810505892e-13,0.0
2330,8.847075514495373e-05,8.847007848089561e-06,6.747415126628908e-13,0.0
2331,8.837616042001173e-05,8.83754819369642e-06,6.747415126628908e-13,0.0
2332,8.82816530065611e-05,8.828097634250298e-06,6.762724061304404e-13,0.0
2333,8.818724018055946e-05,8.81865980773e-06,6.415007414162233e-13,0.0
2334,8.809290739009157e-05,8.80922561918851e-06,6.504831395748312e-13,0.0
2335,8.799866918707266e-05,8.799804163572844e-06,6.237232952344129e-13,0.0
2336,8.790452557150275e-05,8.790384526946582e-06,6.839528943203277e-13,0.0
2337,8.781042561167851e-05,8.780971256783232e-06,7.135342663944222e-13,0.0
2338,8.771648572292179e-05,8.771583452471532e-06,6.580161762692605e-13,0.0
2339,8.76226113177836e-05,8.762201105128042e-06,5.932138461006708e-13,0.0
2340,8.752875146456063e-05,8.75281239132164e-06,6.281442380129398e-13,0.0
2341,8.743508806219324e-05,8.743440957914572e-06,6.762724061304404e-13,0.0
2342,8.734143193578348e-05,8.734071343496908e-06,7.198417209530739e-13,0.0
2343,8.724789950065315e-05,8.724722647457384e-06,6.686352860274525e-13,0.0
2344,8.71544107212685e-05,8.715380317880772e-06,6.061956492331433e-13,0.0
2345,8.706098742550239e-05,8.706037078809459e-06,6.16389751739721e-13,0.0
2346,8.696781151229516e-05,8.696714758116286e-06,6.595279877785742e-13,0.0
2347,8.687461377121508e-05,8.687392437423114e-06,6.932267260228997e-13,0.0
2348,8.67815178935416e-05,8.678082849655766e-06,6.932267260228997e-13,0.0
2349,8.668842929182574e-05,8.668780537846033e-06,6.266688556966216e-13,0.0
2350,8.659552258905023e-05,8.659492777951527e-06,5.989661891470099e-13,0.0
2351,8.650268864585087e-05,8.65020410856232e-06,6.489817364063732e-13,0.0
2352,8.640984015073627e-05,8.640914529678412e-06,7.010026240039657e-13,0.0
2353,8.63173117977567e-05,8.631665878056083e-06,6.519862774667651e-13,0.0
2354,8.622468885732815e-05,8.622407221992034e-06,6.16389751739721e-13,0.0
2355,8.613205864094198e-05,8.61314038047567e-06,6.53491150082175e-13,0.0
2356,8.60397340147756e-05,8.603905371273868e-06,6.778050343214659e-13,0.0
2357,8.5947394836694e-05,8.594674000050873e-06,6.549977574210608e-13,0.0
2358,8.585512841818854e-05,8.585450814280193e-06,6.178529909917074e-13,0.0
2359,8.576292748330161e-05,8.576227628509514e-06,6.474820679613913e-13,0.0
2360,8.567075565224513e-05,8.567009899707045e-06,6.565060994834226e-13,0.0
2361,8.557886758353561e-05,8.557822184229735e-06,6.444879352418553e-13,0.0
2362,8.548696496291086e-05,8.548630830773618e-06,6.580161762692605e-13,0.0
2363,8.539512054994702e-05,8.539450391253922e-06,6.207846736661082e-13,0.0
2364,8.530337072443217e-05,8.530269951734226e-06,6.716849298982197e-13,0.0
2365,8.521164272679016e-05,8.521102245140355e-06,6.16389751739721e-13,0.0
2366,8.512011845596135e-05,8.511947271472309e-06,6.474820679613913e-13,0.0
2367,8.502870332449675e-05,8.502800483256578e-06,6.963318810448982e-13,0.0
2368,8.493730274494737e-05,8.493669156450778e-06,6.120104423246175e-13,0.0
2369,8.484598220093176e-05,8.484536010655575e-06,6.149282472112105e-13,0.0
2370,8.475455979350954e-05,8.475391041429248e-06,6.489817364063732e-13,0.0
2371,8.466350845992565e-05,8.466285180475097e-06,6.53491150082175e-13,0.0
2372,8.457242074655369e-05,8.457176591036841e-06,6.519862774667651e-13,0.0
2373,8.448140579275787e-05,8.448078915535007e-06,6.149282472112105e-13,0.0
2374,8.439056546194479e-05,8.438992153969593e-06,6.459841342398853e-13,0.0
2375,8.429978333879262e-05,8.429911758867092e-06,6.701592406010981e-13,0.0
2376,8.420904487138614e-05,8.42084045871161e-06,6.37032961103845e-13,0.0
2377,8.411842281930149e-05,8.411781891481951e-06,6.03298661028262e-13,0.0
2378,8.40278880787082e-05,8.402726052736398e-06,6.281442380129398e-13,0.0
2379,8.393731695832685e-05,8.393664757022634e-06,6.686352860274525e-13,0.0
2380,8.384697866858914e-05,8.384633474634029e-06,6.444879352418553e-13,0.0
2381,8.375665493076667e-05,8.375601282750722e-06,6.429934709673013e-13,0.0
2382,8.366641850443557e-05,8.366580914298538e-06,6.120104423246175e-13,0.0
2383,8.3576247561723e-05,8.357564183825161e-06,6.03298661028262e-13,0.0
2384,8.348620031028986e-05,8.348553819814697e-06,6.595279877785742e-13,0.0
2385,8.33962403703481e-05,8.339555279235356e-06,6.824133272353983e-13,0.0
2386,8.330627315444872e-05,8.330566743097734e-06,6.03298661028262e-13,0.0
2387,8.321653149323538e-05,8.32159275887534e-06,6.047462877689647e-13,0.0
2388,8.312680438393727e-05,8.312612408190034e-06,6.762724061304404e-13,0.0
2389,8.303712093038484e-05,8.303651156893466e-06,6.076467454207979e-13,0.0
2390,8.294755389215425e-05,8.294694453070406e-06,6.13468477406176e-13,0.0
2391,8.285807416541502e-05,8.285742296720855e-06,6.504831395748312e-13,0.0
2392,8.276868902612478e-05,8.276805601781234e-06,6.355471704466709e-13,0.0
2393,8.267931116279215e-05,8.26786708785221e-06,6.415007414162233e-13,0.0
2394,8.259013702627271e-05,8.258949492301326e-06,6.400097465886212e-13,0.0
2395,8.250099926954135e-05,8.250038263213355e-06,6.178529909917074e-13,0.0
2396,8.24119197204709e-05,8.241132491093595e-06,5.946493297770417e-13,0.0
2397,8.232288382714614e-05,8.232225809479132e-06,6.266688556966216e-13,0.0
2398,8.223402983276173e-05,8.22334004624281e-06,6.340631145129727e-13,0.0
2399,8.214522677008063e-05,8.214456101995893e-06,6.716849298982197e-13,0.0
2400,8.205648191506043e-05,8.205583981180098e-06,6.37032961103845e-13,0.0
2401,8.196780254365876e-05,8.19672095531132e-06,5.874892586299474e-13,0.0
2402,8.18792250356637e-05,8.187862476916052e-06,6.004086117172847e-13,0.0
2403,8.179076394299045e-05,8.179010364983696e-06,6.640738306473715e-13,0.0
2404,8.170230285031721e-05,8.17016825749306e-06,6.193179649671698e-13,0.0
2405,8.161388541338965e-05,8.161325240507722e-06,6.325807933027505e-13,0.0
2406,8.152559894369915e-05,8.152496775437612e-06,6.296213550527341e-13,0.0
2407,8.143741433741525e-05,8.143681043293327e-06,6.061956492331433e-13,0.0
2408,8.134934614645317e-05,8.13487440609606e-06,6.061956492331433e-13,0.0
2409,8.126126340357587e-05,8.126065949909389e-06,6.061956492331433e-13,0.0
2410,8.117336255963892e-05,8.11726840765914e-06,6.762724061304404e-13,0.0
2411,8.108554175123572e-05,8.10849178378703e-06,6.222531170885226e-13,0.0
2412,8.099782280623913e-05,8.099718797893729e-06,6.340631145129727e-13,0.0
2413,8.091006020549685e-05,8.090945812000427e-06,6.018527690110353e-13,0.0
2414,8.082245039986446e-05,8.082188287517056e-06,5.676717776403883e-13,0.0
2415,8.073486242210492e-05,8.073421668086667e-06,6.459841342398853e-13,0.0
2416,8.064744179137051e-05,8.064680514507927e-06,6.415007414162233e-13,0.0
2417,8.056015212787315e-05,8.055950274865609e-06,6.444879352418553e-13,0.0
2418,8.047273877309635e-05,8.047212759265676e-06,6.13468477406176e-13,0.0
2419,8.038552914513275e-05,8.038495252549183e-06,5.761233504153473e-13,0.0
2420,8.029846503632143e-05,8.029786840779707e-06,5.989661891470099e-13,0.0
2421,8.021142275538296e-05,8.02107751951553e-06,6.489817364063732e-13,0.0
2422,8.012440230231732e-05,8.012373655219562e-06,6.686352860274525e-13,0.0
2423,8.003752009244636e-05,8.003694347280543e-06,5.747104181441642e-13,0.0
2424,7.995073974598199e-05,7.995016858330928e-06,5.662692537100611e-13,0.0
2425,7.986397395143285e-05,7.986334821907803e-06,6.222531170885226e-13,0.0
2426,7.977722998475656e-05,7.977655513968784e-06,6.732123539188173e-13,0.0
2427,7.969061698531732e-05,7.968997124407906e-06,6.489817364063732e-13,0.0
2428,7.960420043673366e-05,7.960361472214572e-06,5.817924267348396e-13,0.0
2429,7.951774023240432e-05,7.951719453558326e-06,5.481943024521208e-13,0.0
2430,7.943131640786305e-05,7.943071068439167e-06,6.018527690110353e-13,0.0
2431,7.934513268992305e-05,7.934445420687553e-06,6.778050343214659e-13,0.0
2432,7.925895624794066e-05,7.925832505861763e-06,6.311002068160043e-13,0.0
2433,7.917283073766157e-05,7.917220500530675e-06,6.222531170885226e-13,0.0
2434,7.908683619461954e-05,7.908626685093623e-06,5.648684645032098e-13,0.0
2435,7.900091441115364e-05,7.900035598140676e-06,5.578905393210931e-13,0.0
2436,7.89150144555606e-05,7.891438144724816e-06,6.311002068160043e-13,0.0
2437,7.88292454672046e-05,7.882857062213589e-06,6.793393972359674e-13,0.0
2438,7.874344009906054e-05,7.874281436670572e-06,6.237232952344129e-13,0.0
2439,7.865787483751774e-05,7.865732186473906e-06,5.551115123125783e-13,0.0
2440,7.857234595576301e-05,7.857175660319626e-06,5.874892586299474e-13,0.0
2441,7.848683162592351e-05,7.84862095315475e-06,6.251952081037793e-13,0.0
2442,7.84014628152363e-05,7.840087164368015e-06,5.903480829183572e-13,0.0
2443,7.831612310837954e-05,7.831547009118367e-06,6.549977574210608e-13,0.0
2444,7.823095074854791e-05,7.82303322921507e-06,6.193179649671698e-13,0.0
2445,7.814571290509775e-05,7.814513992343564e-06,5.747104181441642e-13,0.0
2446,7.806072244420648e-05,7.806013854860794e-06,5.803725555697525e-13,0.0
2447,7.797560101607814e-05,7.7975009844522e-06,5.874892586299474e-13,0.0
2448,7.789066148689017e-05,7.789004484948236e-06,6.193179649671698e-13,0.0
2449,7.780586747685447e-05,7.780522537359502e-06,6.415007414162233e-13,0.0
2450,7.772102253511548e-05,7.77204149926547e-06,6.13468477406176e-13,0.0
2451,7.763637404423207e-05,7.763580470054876e-06,5.662692537100611e-13,0.0
2452,7.755176920909435e-05,7.755117621854879e-06,5.975255013002112e-13,0.0
2453,7.746720075374469e-05,7.74665932112839e-06,6.03298661028262e-13,0.0
2454,7.738274143775925e-05,7.738211934338324e-06,6.207846736661082e-13,0.0
2455,7.729831122560427e-05,7.72977091401117e-06,6.004086117172847e-13,0.0
2456,7.72140410845168e-05,7.721345355093945e-06,5.860624485709565e-13,0.0
2457,7.712978549534455e-05,7.712917977187317e-06,6.061956492331433e-13,0.0
2458,7.704565359745175e-05,7.704504241701216e-06,6.120104423246175e-13,0.0
2459,7.696153625147417e-05,7.696095053688623e-06,5.903480829183572e-13,0.0
2460,7.687754259677604e-05,7.687696779612452e-06,5.747104181441642e-13,0.0
2461,7.67935489420779e-05,7.679293958062772e-06,6.090995763319285e-13,0.0
2462,7.670975901419297e-05,7.670916602364741e-06,5.860624485709565e-13,0.0
2463,7.662589632673189e-05,7.662527423235588e-06,6.207846736661082e-13,0.0
2464,7.65422300901264e-05,7.65416189096868e-06,6.076467454207979e-13,0.0
2465,7.645864388905466e-05,7.645802725164685e-06,6.149282472112105e-13,0.0
2466,7.6374999480322e-05,7.637447197339498e-06,5.250001822165729e-13,0.0
2467,7.629158062627539e-05,7.629100764461327e-06,5.718897577722259e-13,0.0
2468,7.620813994435593e-05,7.620749784109648e-06,6.400097465886212e-13,0.0
2469,7.61249175411649e-05,7.612425633851672e-06,6.625568149676297e-13,0.0
2470,7.60416078264825e-05,7.6041042120778e-06,5.704820296714708e-13,0.0
2471,7.595841452712193e-05,7.595787337777438e-06,5.372169722961395e-13,0.0
2472,7.587528671137989e-05,7.587474556203233e-06,5.358526122822838e-13,0.0
2473,7.579227531095967e-05,7.5791617746290285e-06,6.519862774667651e-13,0.0
2474,7.570935122203082e-05,7.570868092443561e-06,6.686352860274525e-13,0.0
2475,7.562649989267811e-05,7.5625957833835855e-06,5.426917595863223e-13,0.0
2476,7.55436485633254e-05,7.554306648671627e-06,5.803725555697525e-13,0.0
2477,7.546090637333691e-05,7.546037522843108e-06,5.317699405815723e-13,0.0
2478,7.537832425441593e-05,7.537767487519886e-06,6.444879352418553e-13,0.0
2479,7.529575668741018e-05,7.52951518734335e-06,6.047462877689647e-13,0.0
2480,7.52131745684892e-05,7.521258339693304e-06,5.903480829183572e-13,0.0
2481,7.513077434850857e-05,7.513023319916101e-06,5.358526122822838e-13,0.0
2482,7.504846871597692e-05,7.504787845391547e-06,5.860624485709565e-13,0.0
2483,7.496614125557244e-05,7.496554189856397e-06,5.946493297770417e-13,0.0
2484,7.488396659027785e-05,7.488330993510317e-06,6.565060994834226e-13,0.0
2485,7.480185740860179e-05,7.480128715542378e-06,5.662692537100611e-13,0.0
2486,7.471985736628994e-05,7.471931894542649e-06,5.39950896494279e-13,0.0
2487,7.463787187589332e-05,7.463730980816763e-06,5.620720902599352e-13,0.0
2488,7.455591548932716e-05,7.455532340827631e-06,5.860624485709565e-13,0.0
2489,7.447417010553181e-05,7.447351435985183e-06,6.565060994834226e-13,0.0
2490,7.4392395617906e-05,7.43918280932121e-06,5.662692537100611e-13,0.0
2491,7.43107229936868e-05,7.431017820636043e-06,5.481943024521208e-13,0.0
2492,7.422902854159474e-05,7.422847829730017e-06,5.495742749772603e-13,0.0
2493,7.41474941605702e-05,7.414688752760412e-06,6.03298661028262e-13,0.0
2494,7.406622171401978e-05,7.406557415379211e-06,6.444879352418553e-13,0.0
2495,7.398476736852899e-05,7.398419256787747e-06,5.747104181441642e-13,0.0
2496,7.390345854219049e-05,7.390292921627406e-06,5.290568330651446e-13,0.0
2497,7.382218609564006e-05,7.382165676972363e-06,5.331290964250002e-13,0.0
2498,7.374103734036908e-05,7.374042979790829e-06,6.061956492331433e-13,0.0
2499,7.36599977244623e-05,7.365932106040418e-06,6.793393972359674e-13,0.0
2500,7.357893628068268e-05,7.35783805794199e-06,5.523394241979673e-13,0.0
2501,7.349794759647921e-05,7.3497453740856145e-06,4.957284582829402e-13,0.0
2502,7.341708260355517e-05,7.341652235481888e-06,5.578905393210931e-13,0.0
2503,7.333632674999535e-05,7.333566827583127e-06,6.519862774667651e-13,0.0
2504,7.325554179260507e-05,7.325493697862839e-06,6.018527690110353e-13,0.0
2505,7.3174865974579e-05,7.3174342105630785e-06,5.250001822165729e-13,0.0
2506,7.309427746804431e-05,7.309373359021265e-06,5.454395615722696e-13,0.0
2507,7.301387086044997e-05,7.301326149899978e-06,6.13468477406176e-13,0.0
2508,7.293335511349142e-05,7.293278940778691e-06,5.690760362941916e-13,0.0
2509,7.285307947313413e-05,7.2852476478146855e-06,6.03298661028262e-13,0.0
2510,7.277278928086162e-05,7.277224085555645e-06,5.426917595863223e-13,0.0
2511,7.269261550391093e-05,7.2692059802648146e-06,5.565001584550977e-13,0.0
2512,7.261244900291786e-05,7.261189693963388e-06,5.523394241979673e-13,0.0
2513,7.25323407095857e-05,7.253174317156663e-06,5.989661891470099e-13,0.0
2514,7.245237793540582e-05,7.245179403980728e-06,5.832140326234025e-13,0.0
2515,7.237241516122594e-05,7.23718267181539e-06,5.860624485709565e-13,0.0
2516,7.22926197340712e-05,7.229209586512297e-06,5.236514347140009e-13,0.0
2517,7.221274427138269e-05,7.221220585051924e-06,5.372169722961395e-13,0.0
2518,7.213299249997362e-05,7.213239314296516e-06,5.932138461006708e-13,0.0
2519,7.205340807558969e-05,7.20527486919309e-06,6.655925810505892e-13,0.0
2520,7.19738527550362e-05,7.197333161457209e-06,5.236514347140009e-13,0.0
2521,7.189431198639795e-05,7.189380994532257e-06,5.036283889925386e-13,0.0
2522,7.181493128882721e-05,7.1814415605331305e-06,5.155953788915646e-13,0.0
2523,7.173550693551078e-05,7.173486210376723e-06,6.444879352418553e-13,0.0
2524,7.165622810134664e-05,7.165557235566666e-06,6.53491150082175e-13,0.0
2525,7.15770001988858e-05,7.157648269640049e-06,5.169337180532807e-13,0.0
2526,7.149791053961962e-05,7.1497433964395896e-06,4.827006849783544e-13,0.0
2527,7.141882815631106e-05,7.141826245060656e-06,5.676717776403883e-13,0.0
2528,7.133981853257865e-05,7.133919098123442e-06,6.237232952344129e-13,0.0
2529,7.126088894437999e-05,7.126031050574966e-06,5.789544191281415e-13,0.0
2530,7.118202483979985e-05,7.118148914742051e-06,5.358526122822838e-13,0.0
2531,7.110321894288063e-05,7.110270871635294e-06,5.115907697472721e-13,0.0
2532,7.10245076334104e-05,7.1023928285285365e-06,5.817924267348396e-13,0.0
2533,7.094589091138914e-05,7.094527063600253e-06,6.16389751739721e-13,0.0
2534,7.08672305336222e-05,7.0866681198822334e-06,5.565001584550977e-13,0.0
2535,7.078879571054131e-05,7.078828730300302e-06,5.102593694794599e-13,0.0
2536,7.071034633554518e-05,7.070981155266054e-06,5.372169722961395e-13,0.0
2537,7.063195516820997e-05,7.063137218210613e-06,5.846373732354415e-13,0.0
2538,7.055377500364557e-05,7.0553182922594715e-06,5.889178034124143e-13,0.0
2539,7.047554390737787e-05,7.0474998210556805e-06,5.44064793217558e-13,0.0
2540,7.039735646685585e-05,7.039680895104539e-06,5.454395615722696e-13,0.0
2541,7.031925633782521e-05,7.031871518847765e-06,5.385830670334713e-13,0.0
2542,7.024119258858263e-05,7.024063961580396e-06,5.565001584550977e-13,0.0
2543,7.016334711806849e-05,7.016276413196465e-06,5.846373732354415e-13,0.0
2544,7.008540706010535e-05,7.008485681581078e-06,5.537246008935348e-13,0.0
2545,7.000764890108258e-05,7.0007135946070775e-06,5.076017731142635e-13,0.0
2546,6.992997077759355e-05,6.992940598138375e-06,5.648684645032098e-13,0.0
2547,6.98522781021893e-05,6.985169875406427e-06,5.846373732354415e-13,0.0
2548,6.977458542678505e-05,6.97740460964269e-06,5.39950896494279e-13,0.0
2549,6.9697096478194e-05,6.969652986299479e-06,5.662692537100611e-13,0.0
2550,6.96196875651367e-05,6.96191727911355e-06,5.182737919384728e-13,0.0
2551,6.954229320399463e-05,6.9541761149594095e-06,5.304125194616205e-13,0.0
2552,6.946499343030155e-05,6.946439498278778e-06,5.989661891470099e-13,0.0
2553,6.938765000086278e-05,6.9387115217978135e-06,5.358526122822838e-13,0.0
2554,6.931053940206766e-05,6.931001735210884e-06,5.263506644426208e-13,0.0
2555,6.92335088388063e-05,6.92329422236071e-06,5.676717776403883e-13,0.0
2556,6.915646372362971e-05,6.915590802236693e-06,5.565001584550977e-13,0.0
2557,6.907944771228358e-05,6.907891474838834e-06,5.290568330651446e-13,0.0
2558,6.900253356434405e-05,6.90019942339859e-06,5.413204606785627e-13,0.0
2559,6.892568490002304e-05,6.892511919431854e-06,5.648684645032098e-13,0.0
2560,6.884890171932057e-05,6.884838512632996e-06,5.196156005471408e-13,0.0
2561,6.877211853861809e-05,6.877156465634471e-06,5.509559822258758e-13,0.0
2562,6.86955900164321e-05,6.869500793982297e-06,5.789544191281415e-13,0.0
2563,6.861903966637328e-05,6.861851943540387e-06,5.169337180532807e-13,0.0
2564,6.854243838461116e-05,6.8541912696673535e-06,5.236514347140009e-13,0.0
2565,6.846608448540792e-05,6.846551514172461e-06,5.676717776403883e-13,0.0
2566,6.83897451381199e-05,6.838916760898428e-06,5.732992205964571e-13,0.0
2567,6.831337668700144e-05,6.831287009845255e-06,5.089297039351237e-13,0.0
2568,6.823727017035708e-05,6.823675448686117e-06,5.196156005471408e-13,0.0
2569,6.816103996243328e-05,6.816049790359102e-06,5.413204606785627e-13,0.0
2570,6.808489706600085e-05,6.808433681726456e-06,5.578905393210931e-13,0.0
2571,6.800896517233923e-05,6.800839855714003e-06,5.648684645032098e-13,0.0
2572,6.793293869122863e-05,6.79324102748069e-06,5.290568330651446e-13,0.0
2573,6.785713776480407e-05,6.785660843888763e-06,5.290568330651446e-13,0.0
2574,6.778127135476097e-05,6.778074748581275e-06,5.250001822165729e-13,0.0
2575,6.770547770429403e-05,6.770493655494647e-06,5.39950896494279e-13,0.0
2576,6.762991688447073e-05,6.762935754522914e-06,5.578905393210931e-13,0.0
2577,6.755412323400378e-05,6.7553601184044965e-06,5.223044219349049e-13,0.0
2578,6.747868610545993e-05,6.747814950358588e-06,5.385830670334713e-13,0.0
2579,6.740324170095846e-05,6.740268872817978e-06,5.523394241979673e-13,0.0
2580,6.73277463647537e-05,6.732724614266772e-06,5.049511156429709e-13,0.0
2581,6.725252751493827e-05,6.725199000356952e-06,5.39950896494279e-13,0.0
2582,6.717719952575862e-05,6.717663836752763e-06,5.634694100198345e-13,0.0
2583,6.710195884807035e-05,6.710145044053206e-06,5.115907697472721e-13,0.0
2584,6.702685641357675e-05,6.70263170832186e-06,5.358526122822838e-13,0.0
2585,6.695179763482884e-05,6.695127467537532e-06,5.250001822165729e-13,0.0
2586,6.687676795991138e-05,6.687623226753203e-06,5.385830670334713e-13,0.0
2587,6.68018838041462e-05,6.6801317188947e-06,5.662692537100611e-13,0.0
2588,6.672689778497443e-05,6.672639301541494e-06,5.023073970655823e-13,0.0
2589,6.66521955281496e-05,6.665169621555833e-06,4.996706173820975e-13,0.0
2590,6.657738413196057e-05,6.6576822064234875e-06,5.634694100198345e-13,0.0
2591,6.650273280683905e-05,6.650218438153388e-06,5.44064793217558e-13,0.0
2592,6.642808148171753e-05,6.642756488872692e-06,5.182737919384728e-13,0.0
2593,6.635357567574829e-05,6.635305908275768e-06,5.196156005471408e-13,0.0
2594,6.627906259382144e-05,6.627856237173546e-06,5.009881398621019e-13,0.0
2595,6.620471685891971e-05,6.620415206270991e-06,5.676717776403883e-13,0.0
2596,6.6130276536569e-05,6.6129750848631375e-06,5.223044219349049e-13,0.0
2597,6.605607632081956e-05,6.605552243854618e-06,5.495742749772603e-13,0.0
2598,6.598189065698534e-05,6.598141681024572e-06,4.736844597119649e-13,0.0
2599,6.590767588932067e-05,6.590714292542543e-06,5.34489986991904e-13,0.0
2600,6.583363574463874e-05,6.583310550922761e-06,5.290568330651446e-13,0.0
2601,6.575967563549057e-05,6.575911356776487e-06,5.578905393210931e-13,0.0
2602,6.568566459463909e-05,6.568513072124915e-06,5.331290964250002e-13,0.0
2603,6.561182090081275e-05,6.561134796356782e-06,4.749672877224498e-13,0.0
2604,6.55380281386897e-05,6.553750608873088e-06,5.250001822165729e-13,0.0
2605,6.546422082465142e-05,6.5463705141155515e-06,5.182737919384728e-13,0.0
2606,6.539052992593497e-05,6.5389967858209275e-06,5.578905393210931e-13,0.0
2607,6.531684630317613e-05,6.531632607220672e-06,5.196156005471408e-13,0.0
2608,6.524333002744243e-05,6.524283435282996e-06,4.970407765925167e-13,0.0
2609,6.516990106320009e-05,6.516938810818829e-06,5.169337180532807e-13,0.0
2610,6.50963993393816e-05,6.509587819891749e-06,5.250001822165729e-13,0.0
2611,6.502307223854586e-05,6.502253654616652e-06,5.385830670334713e-13,0.0
2612,6.494980334537104e-05,6.494929493783275e-06,5.115907697472721e-13,0.0
2613,6.487655628006905e-05,6.4876044234551955e-06,5.076017731142635e-13,0.0
2614,6.480338925030082e-05,6.480287083832081e-06,5.142587744533245e-13,0.0
2615,6.473023677244782e-05,6.472973382187774e-06,5.036283889925386e-13,0.0
2616,6.465720798587427e-05,6.465665137511678e-06,5.606765052235119e-13,0.0
2617,6.458419375121593e-05,6.458368716266705e-06,5.089297039351237e-13,0.0
2618,6.451131775975227e-05,6.451085937442258e-06,4.571655554119758e-13,0.0
2619,6.44384854240343e-05,6.4437940636707935e-06,5.481943024521208e-13,0.0
2620,6.436558032874018e-05,6.436503099394031e-06,5.495742749772603e-13,0.0
2621,6.429293716792017e-05,6.429242148442427e-06,5.169337180532807e-13,0.0
2622,6.422030128305778e-05,6.4219852902169805e-06,4.483921914322231e-13,0.0
2623,6.4147672674153e-05,6.41471615381306e-06,5.089297039351237e-13,0.0
2624,6.407509499695152e-05,6.407452929124702e-06,5.676717776403883e-13,0.0
2625,6.400265556294471e-05,6.400209713319782e-06,5.578905393210931e-13,0.0
2626,6.393028888851404e-05,6.3929855969036e-06,4.360062658137487e-13,0.0
2627,6.385795859387144e-05,6.385746473824838e-06,4.970407765925167e-13,0.0
2628,6.378574471455067e-05,6.378520083671901e-06,5.468160646504572e-13,0.0
2629,6.371348717948422e-05,6.371296876750421e-06,5.155953788915646e-13,0.0
2630,6.364130967995152e-05,6.364080945786554e-06,5.023073970655823e-13,0.0
2631,6.356923404382542e-05,6.356872745527653e-06,5.129239047385603e-13,0.0
2632,6.349729665089399e-05,6.34967909718398e-06,5.115907697472721e-13,0.0
2633,6.342525011859834e-05,6.342478172882693e-06,4.660239208420514e-13,0.0
2634,6.335346552077681e-05,6.335293619486038e-06,5.317699405815723e-13,0.0
2635,6.328163726720959e-05,6.328111339826137e-06,5.209591438792849e-13,0.0
2636,6.320983084151521e-05,6.320931788650341e-06,5.155953788915646e-13,0.0
2637,6.313814810710028e-05,6.313767244137125e-06,4.736844597119649e-13,0.0
2638,6.306647992460057e-05,6.306599061645102e-06,4.865908023732324e-13,0.0
2639,6.299486267380416e-05,6.299434062384535e-06,5.263506644426208e-13,0.0
2640,6.292342732194811e-05,6.292288162512705e-06,5.454395615722696e-13,0.0
2641,6.285194831434637e-05,6.285147264861735e-06,4.711240078614232e-13,0.0
2642,6.278059299802408e-05,6.2780140979157295e-06,4.546502063718094e-13,0.0
2643,6.270925223361701e-05,6.270870471780654e-06,5.426917595863223e-13,0.0
2644,6.263797695282847e-05,6.26374276180286e-06,5.495742749772603e-13,0.0
2645,6.256681081140414e-05,6.256634151213802e-06,4.762518504564106e-13,0.0
2646,6.249571742955595e-05,6.249525085877394e-06,4.634842856732213e-13,0.0
2647,6.242463132366538e-05,6.242413746804232e-06,4.931090258342152e-13,0.0
2648,6.235364708118141e-05,6.235310138436034e-06,5.468160646504572e-13,0.0
2649,6.228265556273982e-05,6.2282160797622055e-06,4.918019116950667e-13,0.0
2650,6.221176590770483e-05,6.221129751793342e-06,4.660239208420514e-13,0.0
2651,6.214094901224598e-05,6.214043423824478e-06,5.155953788915646e-13,0.0
2652,6.207018304849043e-05,6.206968919286737e-06,4.918019116950667e-13,0.0
2653,6.199948256835341e-05,6.199898052727804e-06,4.996706173820975e-13,0.0
2654,6.192891305545345e-05,6.192839919094695e-06,5.182737919384728e-13,0.0
2655,6.185828533489257e-05,6.1857795117248315e-06,4.865908023732324e-13,0.0
2656,6.178777402965352e-05,6.178729108796688e-06,4.788261800947602e-13,0.0
2657,6.171739369165152e-05,6.1716891650576144e-06,5.009881398621019e-13,0.0
2658,6.164697697386146e-05,6.1646478570764884e-06,4.944178746968397e-13,0.0
2659,6.157664029160514e-05,6.1576142798003275e-06,4.944178746968397e-13,0.0
2660,6.150639819679782e-05,6.150589797471184e-06,5.036283889925386e-13,0.0
2661,6.14361633779481e-05,6.143568043626146e-06,4.775381479138474e-13,0.0
2662,6.136605952633545e-05,6.136556294222828e-06,4.944178746968397e-13,0.0
2663,6.129592657089233e-05,6.129543635324808e-06,4.904965322793942e-13,0.0
2664,6.122594641055912e-05,6.122545983089367e-06,4.891928875871976e-13,0.0
2665,6.115598807809874e-05,6.115548785601277e-06,5.009881398621019e-13,0.0
2666,6.108605884946883e-05,6.10855840932345e-06,4.762518504564106e-13,0.0
2667,6.101630424382165e-05,6.101578492234694e-06,5.209591438792849e-13,0.0
2668,6.0946560552110896e-05,6.094608124840306e-06,4.814074486270137e-13,0.0
2669,6.087687143008225e-05,6.087642304919427e-06,4.483921914322231e-13,0.0
2670,6.080727689550258e-05,6.080679668230005e-06,4.814074486270137e-13,0.0
2671,6.073762779124081e-05,6.073708391340915e-06,5.468160646504572e-13,0.0
2672,6.0668073274428025e-05,6.066758942324668e-06,4.852923618514637e-13,0.0
2673,6.059863881091587e-05,6.05981904300279e-06,4.483921914322231e-13,0.0
2674,6.0529186157509685e-05,6.052872777217999e-06,4.571655554119758e-13,0.0
2675,6.0459809901658446e-05,6.0459301494120155e-06,5.102593694794599e-13,0.0
2676,6.039057916495949e-05,6.039001164026558e-06,5.662692537100611e-13,0.0
2677,6.0321373894112185e-05,6.032090823282488e-06,4.672963405116803e-13,0.0
2678,6.025220864103176e-05,6.025179573043715e-06,4.0936785211664883e-13,0.0
2679,6.018310523359105e-05,6.01826195634203e-06,4.891928875871976e-13,0.0
2680,6.011410368955694e-05,6.011358891555574e-06,5.115907697472721e-13,0.0
2681,6.004508031764999e-05,6.004456736263819e-06,5.142587744533245e-13,0.0
2682,5.997620246489532e-05,5.997576863592258e-06,4.335498973717655e-13,0.0
2683,5.990737190586515e-05,5.9906888054683805e-06,4.827006849783544e-13,0.0
2684,5.983854498481378e-05,5.983804840070661e-06,4.944178746968397e-13,0.0
2685,5.976979446131736e-05,5.9769304243673105e-06,4.918019116950667e-13,0.0
2686,5.9701113059418276e-05,5.970062829874223e-06,4.827006849783544e-13,0.0
2687,5.9632566262735054e-05,5.9632120610331185e-06,4.483921914322231e-13,0.0
2688,5.9564077673712745e-05,5.956357199465856e-06,5.062755770168792e-13,0.0
2689,5.949554542894475e-05,5.949508249614155e-06,4.609515893982952e-13,0.0
2690,5.9427027736091986e-05,5.9426570260256995e-06,4.584258320172729e-13,0.0
2691,5.935867375228554e-05,5.9358158068789635e-06,5.169337180532807e-13,0.0
2692,5.92904252698645e-05,5.928992777626263e-06,4.983548296255691e-13,0.0
2693,5.922211130382493e-05,5.922167929384159e-06,4.335498973717655e-13,0.0
2694,5.9153957408852875e-05,5.91535081184702e-06,4.508901932376297e-13,0.0
2695,5.9085796237923205e-05,5.908530056331074e-06,4.931090258342152e-13,0.0
2696,5.90177696722094e-05,5.901726126467111e-06,5.089297039351237e-13,0.0
2697,5.894971400266513e-05,5.894923106097849e-06,4.839956560531711e-13,0.0
2698,5.888182204216719e-05,5.888138730369974e-06,4.3723705211995423e-13,0.0
2699,5.88138573220931e-05,5.881341621716274e-06,4.3970382890279325e-13,0.0
2700,5.874610360478982e-05,5.8745586102304514e-06,5.155953788915646e-13,0.0
2701,5.8678240748122334e-05,5.867774234502576e-06,4.970407765925167e-13,0.0
2702,5.8610592532204464e-05,5.8610125961422455e-06,4.672963405116803e-13,0.0
2703,5.854291157447733e-05,5.854245500813704e-06,4.559070135301546e-13,0.0
2704,5.847534703207202e-05,5.847488864674233e-06,4.571655554119758e-13,0.0
2705,5.8407782489666715e-05,5.840734502271516e-06,4.347772142310191e-13,0.0
2706,5.834030525875278e-05,5.8339805946161505e-06,4.996706173820975e-13,0.0
2707,5.827287895954214e-05,5.827233962918399e-06,5.39950896494279e-13,0.0
2708,5.8205572713632137e-05,5.820511887577595e-06,4.546502063718094e-13,0.0
2709,5.8138175518251956e-05,5.813776169816265e-06,4.141487500164409e-13,0.0
2710,5.807097113574855e-05,5.807054549222812e-06,4.262224254092395e-13,0.0
2711,5.8003781305160373e-05,5.800327471661149e-06,5.062755770168792e-13,0.0
2712,5.793662785436027e-05,5.793611308035906e-06,5.142587744533245e-13,0.0
2713,5.786961628473364e-05,5.7869133343047e-06,4.852923618514637e-13,0.0
2714,5.7802521041594446e-05,5.780210813099984e-06,4.141487500164409e-13,0.0
2715,5.773562952526845e-05,5.773521934315795e-06,4.105604745063829e-13,0.0
2716,5.7668701629154384e-05,5.7668194131110795e-06,5.102593694794599e-13,0.0
2717,5.760188287240453e-05,5.760136446042452e-06,5.196156005471408e-13,0.0
2718,5.75350750295911e-05,5.753463028668193e-06,4.434170045031216e-13,0.0
2719,5.746837632614188e-05,5.746791430283338e-06,4.609515893982952e-13,0.0
2720,5.7401681260671467e-05,5.740126198361395e-06,4.189574034918486e-13,0.0
2721,5.733508805860765e-05,5.733464149670908e-06,4.4714579261473375e-13,0.0
2722,5.726855670218356e-05,5.726803919969825e-06,5.182737919384728e-13,0.0
2723,5.720203262171708e-05,5.720155058952514e-06,4.827006849783544e-13,0.0
2724,5.71356613363605e-05,5.713522568839835e-06,4.347772142310191e-13,0.0
2725,5.706931187887676e-05,5.706885986000998e-06,4.508901932376297e-13,0.0
2726,5.700300607713871e-05,5.7002548601303715e-06,4.571655554119758e-13,0.0
2727,5.693673301720992e-05,5.693628281733254e-06,4.5214179622554695e-13,0.0
2728,5.687053271685727e-05,5.6870094340411015e-06,4.409398193794267e-13,0.0
2729,5.680439426214434e-05,5.6803910410963e-06,4.852923618514637e-13,0.0
2730,5.6738317653071135e-05,5.673784926329972e-06,4.685704949047853e-13,0.0
2731,5.667226287187077e-05,5.667181085300399e-06,4.5214179622554695e-13,0.0
2732,5.660633905790746e-05,5.660591341438703e-06,4.2500725161431774e-13,0.0
2733,5.654044434777461e-05,5.653996140608797e-06,4.852923618514637e-13,0.0
2734,5.647453144774772e-05,5.647407760989154e-06,4.559070135301546e-13,0.0
2735,5.6408793170703575e-05,5.640834842779441e-06,4.44658199150183e-13,0.0
2736,5.634296758216806e-05,5.634251920128008e-06,4.4714579261473375e-13,0.0
2737,5.6277374824276194e-05,5.62769173484412e-06,4.596878433460461e-13,0.0
2738,5.621163654723205e-05,5.621118361887056e-06,4.559070135301546e-13,0.0
2739,5.614613473881036e-05,5.614566816802835e-06,4.647532358958983e-13,0.0
2740,5.608060382655822e-05,5.608015726465965e-06,4.459011285207204e-13,0.0
2741,5.601516750175506e-05,5.601473276328761e-06,4.3723705211995423e-13,0.0
2742,5.594977847067639e-05,5.594933554675663e-06,4.44658199150183e-13,0.0
2743,5.5884440371301025e-05,5.588396106759319e-06,4.788261800947602e-13,0.0
2744,5.581916411756538e-05,5.581870482274098e-06,4.584258320172729e-13,0.0
2745,5.575401519308798e-05,5.575358954956755e-06,4.262224254092395e-13,0.0
2746,5.568868436967023e-05,5.568826509261271e-06,4.201639036693905e-13,0.0
2747,5.562361184274778e-05,5.562314981943928e-06,4.609515893982952e-13,0.0
2748,5.555848838412203e-05,5.555797997658374e-06,5.089297039351237e-13,0.0
2749,5.549352499656379e-05,5.549311026697978e-06,4.141487500164409e-13,0.0
2750,5.542866711039096e-05,5.542820417758776e-06,4.634842856732213e-13,0.0
2751,5.5363740102620795e-05,5.536333901545731e-06,3.9988932304391156e-13,0.0
2752,5.529887857846916e-05,5.529842383111827e-06,4.533951339369402e-13,0.0
2753,5.523415165953338e-05,5.523366326087853e-06,4.865908023732324e-13,0.0
2754,5.5169377446873114e-05,5.516892088053282e-06,4.559070135301546e-13,0.0
2755,5.510467235581018e-05,5.510426490218379e-06,4.0817696445039076e-13,0.0
2756,5.5040058214217424e-05,5.503962711372878e-06,4.2865797716951093e-13,0.0
2757,5.497558959177695e-05,5.497511665453203e-06,4.736844597119649e-13,0.0
2758,5.491100455401465e-05,5.491055617312668e-06,4.4714579261473375e-13,0.0
2759,5.484657231136225e-05,5.4846127568453085e-06,4.44658199150183e-13,0.0
2760,5.4782260122010484e-05,5.478183538798476e-06,4.2500725161431774e-13,0.0
2761,5.4717951570637524e-05,5.4717515922675375e-06,4.360062658137487e-13,0.0
2762,5.465361391543411e-05,5.465316007757792e-06,4.533951339369402e-13,0.0
2763,5.45893853995949e-05,5.458893610921223e-06,4.496403249731884e-13,0.0
2764,5.452518962556496e-05,5.452476216305513e-06,4.2865797716951093e-13,0.0
2765,5.446113209472969e-05,5.446071099868277e-06,4.2379381254287196e-13,0.0
2766,5.439708547783084e-05,5.439663709694287e-06,4.483921914322231e-13,0.0
2767,5.433305705082603e-05,5.433258593257051e-06,4.685704949047853e-13,0.0
2768,5.426909774541855e-05,5.426866664492991e-06,4.2865797716951093e-13,0.0
2769,5.420523666543886e-05,5.420483830675948e-06,3.9988932304391156e-13,0.0
2770,5.414145198301412e-05,5.414099632616853e-06,4.533951339369402e-13,0.0
2771,5.407765638665296e-05,5.407719072536565e-06,4.672963405116803e-13,0.0
2772,5.4013955377740785e-05,5.401352609624155e-06,4.298783551348606e-13,0.0
2773,5.395024345489219e-05,5.394986601459095e-06,3.7896855792363127e-13,0.0
2774,5.388662975747138e-05,5.3886174100625794e-06,4.559070135301546e-13,0.0
2775,5.3823143389308825e-05,5.38226686330745e-06,4.775381479138474e-13,0.0
2776,5.375971522880718e-05,5.375925866246689e-06,4.584258320172729e-13,0.0
2777,5.369620703277178e-05,5.369582595449174e-06,3.8126533180582456e-13,0.0
2778,5.3632829803973436e-05,5.363244781619869e-06,3.8126533180582456e-13,0.0
2779,5.3569499868899584e-05,5.356897872843547e-06,5.209591438792849e-13,0.0
2780,5.350622450350784e-05,5.350576884666225e-06,4.559070135301546e-13,0.0
2781,5.344301462173462e-05,5.344263627193868e-06,3.801160775029899e-13,0.0
2782,5.3379801101982594e-05,5.337940365279792e-06,3.97537038010487e-13,0.0
2783,5.33167585672345e-05,5.33162983629154e-06,4.634842856732213e-13,0.0
2784,5.3253672376740724e-05,5.32531976205064e-06,4.736844597119649e-13,0.0
2785,5.319067349773832e-05,5.319027422956424e-06,4.010680676458378e-13,0.0
2786,5.312775101629086e-05,5.312734174367506e-06,4.105604745063829e-13,0.0
2787,5.3064821258885786e-05,5.306437742547132e-06,4.4217754457953617e-13,0.0
2788,5.3002000640844926e-05,5.300158591126092e-06,4.1295092345627893e-13,0.0
2789,5.2939183660782874e-05,5.293876256473595e-06,4.2258210819490216e-13,0.0
2790,5.287641761242412e-05,5.287595740810502e-06,4.634842856732213e-13,0.0
2791,5.281379708321765e-05,5.28133614352555e-06,4.347772142310191e-13,0.0
2792,5.275118019198999e-05,5.2750783652300015e-06,3.9519169187096637e-13,0.0
2793,5.268861059448682e-05,5.268820586934453e-06,4.034307610201182e-13,0.0
2794,5.262607373879291e-05,5.262563263386255e-06,4.3970382890279325e-13,0.0
2795,5.256367876427248e-05,5.256320946500637e-06,4.698463840213662e-13,0.0
2796,5.250123285804875e-05,5.250082722341176e-06,4.046147097924724e-13,0.0
2797,5.243885607342236e-05,5.243845862423768e-06,3.97537038010487e-13,0.0
2798,5.237653022049926e-05,5.237611276243115e-06,4.189574034918486e-13,0.0
2799,5.231429895502515e-05,5.231384875514777e-06,4.5214179622554695e-13,0.0
2800,5.2252111345296726e-05,5.225170298217563e-06,4.0817696445039076e-13,0.0
2801,5.219001104705967e-05,5.218957539909752e-06,4.3723705211995423e-13,0.0
2802,5.212792530073784e-05,5.212752967054257e-06,3.97537038010487e-13,0.0
2803,5.2065915951970965e-05,5.20654702995671e-06,4.434170045031216e-13,0.0
2804,5.200394298299216e-05,5.200351552048232e-06,4.2500725161431774e-13,0.0
2805,5.1942013669759035e-05,5.194164259592071e-06,3.7211986964047483e-13,0.0
2806,5.1880157116102055e-05,5.18797196491505e-06,4.347772142310191e-13,0.0
2807,5.1818326028296724e-05,5.18178512720624e-06,4.775381479138474e-13,0.0
2808,5.17566004418768e-05,5.1756223911070265e-06,3.778227730677486e-13,0.0
2809,5.169488213141449e-05,5.169449195818743e-06,3.8935868418299435e-13,0.0
2810,5.1633178372867405e-05,5.1632737267937046e-06,4.3846957314963575e-13,0.0
2811,5.1571620133472607e-05,5.157114628673298e-06,4.736844597119649e-13,0.0
2812,5.1510040066204965e-05,5.150967808731366e-06,3.6533363140245356e-13,0.0
2813,5.144855458638631e-05,5.144816441315925e-06,3.8935868418299435e-13,0.0
2814,5.13871455041226e-05,5.138670530868694e-06,4.3846957314963575e-13,0.0
2815,5.1325681852176785e-05,5.132523256179411e-06,4.508901932376297e-13,0.0
2816,5.126436735736206e-05,5.126398264110321e-06,3.870376241721374e-13,0.0
2817,5.120316200191155e-05,5.120274636283284e-06,4.1295092345627893e-13,0.0
2818,5.114192754263058e-05,5.114150553708896e-06,4.2379381254287196e-13,0.0
2819,5.108071127324365e-05,5.108033747092122e-06,3.7553640752641115e-13,0.0
2820,5.1019600505242124e-05,5.101915576233296e-06,4.44658199150183e-13,0.0
2821,5.0958544306922704e-05,5.095811957289698e-06,4.274393339276372e-13,0.0
2822,5.089748083264567e-05,5.089711521577556e-06,3.664603343001005e-13,0.0
2823,5.08365519635845e-05,5.083613359602168e-06,4.201639036693905e-13,0.0
2824,5.077568130218424e-05,5.077523383079097e-06,4.459011285207204e-13,0.0
2825,5.071477789897472e-05,5.071436589787481e-06,4.0936785211664883e-13,0.0
2826,5.065398363512941e-05,5.065361619926989e-06,3.675887719212234e-13,0.0
2827,5.0593178457347676e-05,5.059277555119479e-06,4.046147097924724e-13,0.0
2828,5.053247150499374e-05,5.053202130511636e-06,4.508901932376297e-13,0.0
2829,5.047188460594043e-05,5.0471476242819335e-06,4.0817696445039076e-13,0.0
2830,5.041132681071758e-05,5.041095391788986e-06,3.7211986964047483e-13,0.0
2831,5.0350769015494734e-05,5.0350354285910726e-06,4.153483113000789e-13,0.0
2832,5.0290251238038763e-05,5.028982741350774e-06,4.262224254092395e-13,0.0
2833,5.022976256441325e-05,5.022935056331335e-06,4.0936785211664883e-13,0.0
2834,5.0169473979622126e-05,5.0169114729214925e-06,3.5972613776635853e-13,0.0
2835,5.0109156291000545e-05,5.010874701838475e-06,4.0817696445039076e-13,0.0
2836,5.004884224035777e-05,5.004837930755457e-06,4.634842856732213e-13,0.0
2837,4.998856093152426e-05,4.998815256840317e-06,4.0698781150760865e-13,0.0
2838,4.992844333173707e-05,4.992810772819212e-06,3.355683786399055e-13,0.0
2839,4.986835119780153e-05,4.98679264637758e-06,4.274393339276372e-13,0.0
2840,4.980818630428985e-05,4.980778157914756e-06,4.034307610201182e-13,0.0
2841,4.974820330971852e-05,4.974777311872458e-06,4.2865797716951093e-13,0.0
2842,4.968829307472333e-05,4.968788289261283e-06,4.0936785211664883e-13,0.0
2843,4.9628295528236777e-05,4.9627947191766e-06,3.508443535693573e-13,0.0
2844,4.9568454414838925e-05,4.956804332323372e-06,4.117548316195929e-13,0.0
2845,4.950864604325034e-05,4.950820766680408e-06,4.3846957314963575e-13,0.0
2846,4.9448881327407435e-05,4.944849933963269e-06,3.8356904458192176e-13,0.0
2847,4.9389189371140674e-05,4.938881829730235e-06,3.70984493125448e-13,0.0
2848,4.9329555622534826e-05,4.932915089739254e-06,4.034307610201182e-13,0.0
2849,4.9269889132119715e-05,4.92694698550622e-06,4.1775263803778273e-13,0.0
2850,4.921033905702643e-05,4.9209920689463615e-06,4.189574034918486e-13,0.0
2851,4.9150865379488096e-05,4.915049430564977e-06,3.6985085133389717e-13,0.0
2852,4.909135532216169e-05,4.909099516225979e-06,3.619639310503686e-13,0.0
2853,4.903193985228427e-05,4.903150966129033e-06,4.2865797716951093e-13,0.0
2854,4.897261533187702e-05,4.897217422694666e-06,4.3970382890279325e-13,0.0
2855,4.8913319915300235e-05,4.891295247944072e-06,3.664603343001005e-13,0.0
2856,4.885408634436317e-05,4.885373982688179e-06,3.4534961695920074e-13,0.0
2857,4.879487823927775e-05,4.879446350969374e-06,4.153483113000789e-13,0.0
2858,4.873572470387444e-05,4.873525540460832e-06,4.685704949047853e-13,0.0
2859,4.867668030783534e-05,4.867631105298642e-06,3.70984493125448e-13,0.0
2860,4.86176650156267e-05,4.861733941652346e-06,3.259276529221644e-13,0.0
2861,4.855863517150283e-05,4.8558258640696295e-06,3.801160775029899e-13,0.0
2862,4.849968172493391e-05,4.849920969718369e-06,4.724033664249561e-13,0.0
2863,4.844073191634379e-05,4.84403244627174e-06,4.0698781150760865e-13,0.0
2864,4.838189124711789e-05,4.838153927266831e-06,3.5305439127775173e-13,0.0
2865,4.832312333746813e-05,4.8322785914933775e-06,3.377298440909726e-13,0.0
2866,4.8264417273458093e-05,4.826399162993766e-06,4.262224254092395e-13,0.0
2867,4.820567846763879e-05,4.820523827220313e-06,4.3846957314963575e-13,0.0
2868,4.8147056077141315e-05,4.814668500330299e-06,3.7211986964047483e-13,0.0
2869,4.8088524636114016e-05,4.8088149924296886e-06,3.7325698087897763e-13,0.0
2870,4.802990224561654e-05,4.802953753824113e-06,3.642086632282826e-13,0.0
2871,4.797143628820777e-05,4.7971034291549586e-06,4.010680676458378e-13,0.0
2872,4.7913013986544684e-05,4.791259470948717e-06,4.165496073071928e-13,0.0
2873,4.7854671720415354e-05,4.785429609910352e-06,3.743958268409564e-13,0.0
2874,4.779623486683704e-05,4.779587470693514e-06,3.608441670466256e-13,0.0
2875,4.773800537805073e-05,4.773761247633956e-06,3.9402162088642e-13,0.0
2876,4.767978680320084e-05,4.767937753058504e-06,4.0580039328830253e-13,0.0
2877,4.762156095239334e-05,4.76211835120921e-06,3.7896855792363127e-13,0.0
2878,4.756342605105601e-05,4.756306680064881e-06,3.619639310503686e-13,0.0
2879,4.75054002890829e-05,4.750502284878166e-06,3.778227730677486e-13,0.0
2880,4.7447363613173366e-05,4.744695161207346e-06,4.117548316195929e-13,0.0
2881,4.7389436076628044e-05,4.738899860967649e-06,4.360062658137487e-13,0.0
2882,4.733143941848539e-05,4.733114110422321e-06,2.978485513782658e-13,0.0
2883,4.7273551899706945e-05,4.72732199341408e-06,3.3126626441948304e-13,0.0
2884,4.721575533039868e-05,4.721526238427032e-06,4.944178746968397e-13,0.0
2885,4.7157980588963255e-05,4.715755039796932e-06,4.2865797716951093e-13,0.0
2886,4.710020948550664e-05,4.709991571871797e-06,2.93796237338384e-13,0.0
2887,4.704257662524469e-05,4.7042221922311e-06,3.5305439127775173e-13,0.0
2888,4.69849219371099e-05,4.698452357843053e-06,3.963634975789887e-13,0.0
2889,4.692735819844529e-05,4.69269025415997e-06,4.546502063718094e-13,0.0
2890,4.686976899392903e-05,4.686941792897414e-06,3.508443535693573e-13,0.0
2891,4.681226710090414e-05,4.681195150624262e-06,3.174760801472054e-13,0.0
2892,4.6754852519370615e-05,4.675444415624952e-06,4.0698781150760865e-13,0.0
2893,4.669751797337085e-05,4.669710051530274e-06,4.201639036693905e-13,0.0
2894,4.6640147047583014e-05,4.663976596930297e-06,3.8126533180582456e-13,0.0
2895,4.658286343328655e-05,4.658252692024689e-06,3.334138520827423e-13,0.0
2896,4.652562347473577e-05,4.652526968129678e-06,3.5305439127775173e-13,0.0
2897,4.646851812140085e-05,4.646810793929035e-06,4.105604745063829e-13,0.0
2898,4.6411292714765295e-05,4.64108825326548e-06,4.117548316195929e-13,0.0
2899,4.63542492070701e-05,4.635391178453574e-06,3.366482440037011e-13,0.0
2900,4.629718387150206e-05,4.6296845539473e-06,3.366482440037011e-13,0.0
2901,4.624023495125584e-05,4.6239815674198326e-06,4.1775263803778273e-13,0.0
2902,4.6183289668988436e-05,4.618289494828787e-06,3.9285328462534963e-13,0.0
2903,4.612638440448791e-05,4.6126028792059515e-06,3.5749528337625236e-13,0.0
2904,4.606955553754233e-05,4.606921265803976e-06,3.4207359167481854e-13,0.0
2905,4.6012744860490784e-05,4.601237378665246e-06,3.6985085133389717e-13,0.0
2906,4.595603240886703e-05,4.595561676978832e-06,4.153483113000789e-13,0.0
2907,4.5899381802883e-05,4.589899617712945e-06,3.8587969625192287e-13,0.0
2908,4.5842709369026124e-05,4.584239377436461e-06,3.1538053418822543e-13,0.0
2909,4.578612060868181e-05,4.578576408675872e-06,3.552713678800501e-13,0.0
2910,4.572954276227392e-05,4.572913439915283e-06,4.0698781150760865e-13,0.0
2911,4.567308860714547e-05,4.567267751554027e-06,4.105604745063829e-13,0.0
2912,4.561663081403822e-05,4.561630703392439e-06,3.2274530270548496e-13,0.0
2913,4.556023850454949e-05,4.555990017252043e-06,3.3989824843594363e-13,0.0
2914,4.5503889850806445e-05,4.550348876364296e-06,4.010680676458378e-13,0.0
2915,4.544756666291505e-05,4.544719104160322e-06,3.743958268409564e-13,0.0
2916,4.53913671663031e-05,4.539098426903365e-06,3.8356904458192176e-13,0.0
2917,4.5335204049479216e-05,4.533489118330181e-06,3.1329192712314935e-13,0.0
2918,4.5278939069248736e-05,4.5278579818841536e-06,3.619639310503686e-13,0.0
2919,4.522285962593742e-05,4.5222468543215655e-06,3.905218162736368e-13,0.0
2920,4.516680201049894e-05,4.516640274232486e-06,3.987123131654613e-13,0.0
2921,4.511080260272138e-05,4.511046881816583e-06,3.334138520827423e-13,0.0
2922,4.50548468506895e-05,4.505449851421872e-06,3.49741936800374e-13,0.0
2923,4.4998989324085414e-05,4.499860551732127e-06,3.8587969625192287e-13,0.0
2924,4.494312088354491e-05,4.494276709010592e-06,3.5305439127775173e-13,0.0
2925,4.488722697715275e-05,4.488687864068197e-06,3.49741936800374e-13,0.0
2926,4.483147495193407e-05,4.4831108425569255e-06,3.687189442658223e-13,0.0
2927,4.4775813876185566e-05,4.477542461245321e-06,3.881972868158279e-13,0.0
2928,4.472011642064899e-05,4.47197635367047e-06,3.519485050618165e-13,0.0
2929,4.466453901841305e-05,4.46642025053734e-06,3.366482440037011e-13,0.0
2930,4.460897980607115e-05,4.460863237909507e-06,3.4425587380759737e-13,0.0
2931,4.4553431507665664e-05,4.455303042050218e-06,4.010680676458378e-13,0.0
2932,4.449795596883632e-05,4.4497587623482104e-06,3.687189442658223e-13,0.0
2933,4.444255682756193e-05,4.44422357759322e-06,3.206324095117452e-13,0.0
2934,4.438715768628754e-05,4.438681116880616e-06,3.464450948342801e-13,0.0
2935,4.433190042618662e-05,4.433150479599135e-06,3.963634975789887e-13,0.0
2936,4.427652675076388e-05,4.427616659086198e-06,3.5972613776635853e-13,0.0
2937,4.422140045790002e-05,4.422105121193454e-06,3.4864125475486674e-13,0.0
2938,4.41661941295024e-05,4.416585397848394e-06,3.3881317890172014e-13,0.0
2939,4.411105692270212e-05,4.411071586218895e-06,3.409850526936431e-13,0.0
2940,4.405599247547798e-05,4.405561412568204e-06,3.7896855792363127e-13,0.0
2941,4.400088437250815e-05,4.400050784170162e-06,3.743958268409564e-13,0.0
2942,4.394598363433033e-05,4.394563802634366e-06,3.4425587380759737e-13,0.0
2943,4.389098830870353e-05,4.3890659071621485e-06,3.3126626441948304e-13,0.0
2944,4.383610576041974e-05,4.383575287647545e-06,3.541620122171629e-13,0.0
2945,4.378127778181806e-05,4.378089215606451e-06,3.870376241721374e-13,0.0
2946,4.3726457079174e-05,4.372612693259725e-06,3.323391908893747e-13,0.0
2947,4.36717236880213e-05,4.367137989902403e-06,3.4316386537946997e-13,0.0
2948,4.361703395261429e-05,4.361668743513292e-06,3.4425587380759737e-13,0.0
2949,4.356232602731325e-05,4.356196768640075e-06,3.5860984320956746e-13,0.0
2950,4.3507716327439994e-05,4.350733888713876e-06,3.778227730677486e-13,0.0
2951,4.3453226680867374e-05,4.34528828918701e-06,3.409850526936431e-13,0.0
2952,4.3398675188655034e-05,4.339835413702531e-06,3.216879887468771e-13,0.0
2953,4.334421828389168e-05,4.334386630944209e-06,3.519485050618165e-13,0.0
2954,4.328978684497997e-05,4.3289423956593964e-06,3.630854297775876e-13,0.0
2955,4.323542816564441e-05,4.3235068005742505e-06,3.5972613776635853e-13,0.0
2956,4.318112041801214e-05,4.318077117204666e-06,3.49741936800374e-13,0.0
2957,4.3126801756443456e-05,4.312649707571836e-06,3.050068878018841e-13,0.0
2958,4.307258495828137e-05,4.307223207433708e-06,3.541620122171629e-13,0.0
2959,4.3018448195653036e-05,4.301804438000545e-06,4.0224854697124e-13,0.0
2960,4.296426413930021e-05,4.296394308767049e-06,3.206324095117452e-13,0.0
2961,4.2910196498269215e-05,4.29098827225971e-06,3.143353632939494e-13,0.0
2962,4.285613613319583e-05,4.2855767787841614e-06,3.664603343001005e-13,0.0
2963,4.280216307961382e-05,4.280180291971192e-06,3.5860984320956746e-13,0.0
2964,4.2748266423586756e-05,4.274791535863187e-06,3.4754230743283543e-13,0.0
2965,4.2694355215644464e-05,4.269405508239288e-06,3.029529752063276e-13,0.0
2966,4.2640491301426664e-05,4.264014478394529e-06,3.464450948342801e-13,0.0
2967,4.258671106072143e-05,4.258631179254735e-06,4.010680676458378e-13,0.0
2968,4.253286897437647e-05,4.253256520314608e-06,3.050068878018841e-13,0.0
2969,4.2479150579310954e-05,4.247883225616533e-06,3.1852645521190937e-13,0.0
2970,4.2425472202012315e-05,4.24251038566581e-06,3.687189442658223e-13,0.0
2971,4.23718556703534e-05,4.237149369146209e-06,3.5860984320956746e-13,0.0
2972,4.231832645018585e-05,4.2318010855524335e-06,3.1538053418822543e-13,0.0
2973,4.226478995406069e-05,4.2264459807483945e-06,3.3126626441948304e-13,0.0
2974,4.221130075166002e-05,4.221093604428461e-06,3.642086632282826e-13,0.0
2975,4.215790249872953e-05,4.215755325276405e-06,3.508443535693573e-13,0.0
2976,4.2104467866010964e-05,4.210415681882296e-06,3.112102589519772e-13,0.0
2977,4.2051189666381106e-05,4.205086952424608e-06,3.206324095117452e-13,0.0
2978,4.1997915104730055e-05,4.199755494482815e-06,3.5860984320956746e-13,0.0
2979,4.194468419882469e-05,4.194432676740689e-06,3.5638245826641324e-13,0.0
2980,4.189147875877097e-05,4.1891166802088264e-06,3.143353632939494e-13,0.0
2981,4.183827695669606e-05,4.183794771961402e-06,3.2805789335066393e-13,0.0
2982,4.17852024838794e-05,4.178485141892452e-06,3.541620122171629e-13,0.0
2983,4.1732186218723655e-05,4.173182787781116e-06,3.5749528337625236e-13,0.0
2984,4.167914084973745e-05,4.16788589063799e-06,2.808179036528635e-13,0.0
2985,4.1626160964369774e-05,4.162582172284601e-06,3.366482440037011e-13,0.0
2986,4.157329021836631e-05,4.157290732109686e-06,3.8356904458192176e-13,0.0
2987,4.152037581661716e-05,4.152002020418877e-06,3.5749528337625236e-13,0.0
2988,4.1467556002316996e-05,4.146729224885348e-06,2.6620719517644886e-13,0.0
2989,4.141482713748701e-05,4.141450062888907e-06,3.2912561565012766e-13,0.0
2990,4.136205461691134e-05,4.1361699913977645e-06,3.519485050618165e-13,0.0
2991,4.130933666601777e-05,4.130895831622183e-06,3.778227730677486e-13,0.0
2992,4.125673513044603e-05,4.125643044972094e-06,3.0603644618487635e-13,0.0
2993,4.12041372328531e-05,4.120386165595846e-06,2.768835508093481e-13,0.0
2994,4.1151604818878695e-05,4.115125648240792e-06,3.508443535693573e-13,0.0
2995,4.10990760428831e-05,4.109866040380439e-06,4.1295092345627893e-13,0.0
2996,4.104660911252722e-05,4.1046323531190865e-06,2.8378688288199783e-13,0.0
2997,4.099416401004419e-05,4.0993895709107164e-06,2.700652201870213e-13,0.0
2998,4.09418462368194e-05,4.094146788702346e-06,3.801160775029899e-13,0.0
2999,4.0889517549658194e-05,4.088914920430398e-06,3.664603343001005e-13,0.0
3000,4.083726162207313e-05,4.083695330336923e-06,3.091355296747089e-13,0.0
3001,4.07849729526788e-05,4.078470738022588e-06,2.6620719517644886e-13,0.0
3002,4.073284435435198e-05,4.0732466004556045e-06,3.778227730677486e-13,0.0
3003,4.068074485985562e-05,4.068036560056498e-06,3.766787229353419e-13,0.0
3004,4.062854713993147e-05,4.062828338646796e-06,2.633318910150173e-13,0.0
3005,4.0576542232884094e-05,4.057626938447356e-06,2.7103406324835433e-13,0.0
3006,4.052454460179433e-05,4.052412805322092e-06,4.1295092345627893e-13,0.0
3007,4.047260881634429e-05,4.0472200453223195e-06,4.0817696445039076e-13,0.0
3008,4.0420705772703514e-05,4.042047294205986e-06,2.3363342510629437e-13,0.0
3009,4.036877362523228e-05,4.036852260469459e-06,2.5012023702197794e-13,0.0
3010,4.0316990634892136e-05,4.031659045722336e-06,3.987123131654613e-13,0.0
3011,4.0265204006573185e-05,4.026478563901037e-06,4.201639036693905e-13,0.0
3012,4.02134501200635e-05,4.021318090963177e-06,2.681327382347831e-13,0.0
3013,4.016183811472729e-05,4.016159437014721e-06,2.4364191220094256e-13,0.0
3014,4.0110204281518236e-05,4.01098259317223e-06,3.766787229353419e-13,0.0
3015,4.005855953437276e-05,4.005818937002914e-06,3.70984493125448e-13,0.0
3016,4.000703484052792e-05,4.000673015980283e-06,3.0397906414236786e-13,0.0
3017,3.995553561253473e-05,3.995526640210301e-06,2.700652201870213e-13,0.0
3018,3.9904083678266034e-05,3.990374807472108e-06,3.3449024799958593e-13,0.0
3019,3.985270086559467e-05,3.985232979175635e-06,3.70984493125448e-13,0.0
3020,3.980128894909285e-05,3.980100245826179e-06,2.887698760667412e-13,0.0
3021,3.974998617195524e-05,3.974970240960829e-06,2.827954884154771e-13,0.0
3022,3.969872705056332e-05,3.9698375076113734e-06,3.519485050618165e-13,0.0
3023,3.964751522289589e-05,3.964715233450988e-06,3.630854297775876e-13,0.0
3024,3.959628156735562e-05,3.959602508984972e-06,2.5762812022600556e-13,0.0
3025,3.95451788790524e-05,3.954487510782201e-06,3.0603644618487635e-13,0.0
3026,3.9494072552770376e-05,3.949371148337377e-06,3.608441670466256e-13,0.0
3027,3.9443049900000915e-05,3.9442711567971855e-06,3.377298440909726e-13,0.0
3028,3.939199450542219e-05,3.939175257983152e-06,2.4548418853242993e-13,0.0
3029,3.934108099201694e-05,3.934074356948258e-06,3.377298440909726e-13,0.0
3030,3.929014928871766e-05,3.9289789128815755e-06,3.5860984320956746e-13,0.0
3031,3.923932308680378e-05,3.923901658708928e-06,3.0706773929134457e-13,0.0
3032,3.9188391383504495e-05,3.918813035852509e-06,2.614236951914428e-13,0.0
3033,3.913769614882767e-05,3.913736236427212e-06,3.334138520827423e-13,0.0
3034,3.90869754482992e-05,3.908658982254565e-06,3.8587969625192287e-13,0.0
3035,3.90362911275588e-05,3.903604010702111e-06,2.5012023702197794e-13,0.0
3036,3.898562863469124e-05,3.8985344872344285e-06,2.827954884154771e-13,0.0
3037,3.8935020711505786e-05,3.8934676922508515e-06,3.4425587380759737e-13,0.0
3038,3.8884485547896475e-05,3.888409992214292e-06,3.847235030551843e-13,0.0
3039,3.883396493620239e-05,3.883372755808523e-06,2.3634219581403215e-13,0.0
3040,3.8783473428338766e-05,3.878320057992823e-06,2.7297695354144835e-13,0.0
3041,3.873304376611486e-05,3.873266450682422e-06,3.766787229353419e-13,0.0
3042,3.8682737795170397e-05,3.868236035486916e-06,3.7896855792363127e-13,0.0
3043,3.8632377254543826e-05,3.863216988975182e-06,2.082535532910157e-13,0.0
3044,3.858213312923908e-05,3.8581852095376235e-06,2.818058286724323e-13,0.0
3045,3.8531856262125075e-05,3.8531461541424505e-06,3.9285328462534963e-13,0.0
3046,3.848166306852363e-05,3.848130745609524e-06,3.5638245826641324e-13,0.0
3047,3.8431520806625485e-05,3.843128524749773e-06,2.3634219581403215e-13,0.0
3048,3.8381458580261096e-05,3.8381185731850564e-06,2.7200464103316335e-13,0.0
3049,3.833131631836295e-05,3.833096798189217e-06,3.4864125475486674e-13,0.0
3050,3.828136686934158e-05,3.828101398539729e-06,3.541620122171629e-13,0.0
3051,3.823140650638379e-05,3.823113274847856e-06,2.7103406324835433e-13,0.0
3052,3.818138793576509e-05,3.818113327724859e-06,2.5292268279741847e-13,0.0
3053,3.813154762610793e-05,3.8131195196910994e-06,3.5305439127775173e-13,0.0
3054,3.808168912655674e-05,3.808134124483331e-06,3.4754230743283543e-13,0.0
3055,3.803189247264527e-05,3.803164190685493e-06,2.5012023702197794e-13,0.0
3056,3.798215402639471e-05,3.798186753556365e-06,2.877698079828406e-13,0.0
3057,3.7932411942165345e-05,3.7932072700641584e-06,3.377298440909726e-13,0.0
3058,3.788276080740616e-05,3.7882425658608554e-06,3.3449024799958593e-13,0.0
3059,3.783315696637146e-05,3.7832885482202983e-06,2.7395100077320933e-13,0.0
3060,3.778359678108245e-05,3.7783343032060657e-06,2.547996535984254e-13,0.0
3061,3.7734032957814634e-05,3.77337073587114e-06,3.2912561565012766e-13,0.0
3062,3.768462556763552e-05,3.768427632167004e-06,3.4754230743283543e-13,0.0
3063,3.7635109038092196e-05,3.7634831642208155e-06,2.759042994071592e-13,0.0
3064,3.7585687095997855e-05,3.758543243748136e-06,2.547996535984254e-13,0.0
3065,3.7536363379331306e-05,3.753603323275456e-06,3.323391908893747e-13,0.0
3066,3.7487079680431634e-05,3.7486724977497943e-06,3.5638245826641324e-13,0.0
3067,3.743785055121407e-05,3.743759862118168e-06,2.5012023702197794e-13,0.0
3068,3.738861050806008e-05,3.738833129318664e-06,2.798317133567707e-13,0.0
3069,3.733945413841866e-05,3.7339143545978004e-06,3.0810076712128875e-13,0.0
3070,3.7290184991434216e-05,3.7289887586666737e-06,2.998851167390626e-13,0.0
3071,3.72411850548815e-05,3.724084763234714e-06,3.366482440037011e-13,0.0
3072,3.71920941688586e-05,3.719183041539509e-06,2.652470257324957e-13,0.0
3073,3.7143119698157534e-05,3.7142847304494353e-06,2.7395100077320933e-13,0.0
3074,3.709412703756243e-05,3.709380962391151e-06,3.174760801472054e-13,0.0
3075,3.7045272620161995e-05,3.704494702105876e-06,3.238043513875688e-13,0.0
3076,3.699635635712184e-05,3.6996082144469256e-06,2.7103406324835433e-13,0.0
3077,3.694757106131874e-05,3.6947317312296946e-06,2.557407410841428e-13,0.0
3078,3.689873847179115e-05,3.689841150844586e-06,3.2805789335066393e-13,0.0
3079,3.685000046971254e-05,3.684966259243083e-06,3.377298440909726e-13,0.0
3080,3.680133886518888e-05,3.680107738546212e-06,2.6237692574149207e-13,0.0
3081,3.675262996694073e-05,3.675239440781297e-06,2.3724858883023003e-13,0.0
3082,3.6704041121993214e-05,3.6703713703900576e-06,3.2912561565012766e-13,0.0
3083,3.665546319098212e-05,3.665509893835406e-06,3.630854297775876e-13,0.0
3084,3.660696165752597e-05,3.660670017779921e-06,2.6047219936486954e-13,0.0
3085,3.655848922790028e-05,3.655826276371954e-06,2.2383483955223937e-13,0.0
3086,3.6510075005935505e-05,3.650975486380048e-06,3.216879887468771e-13,0.0
3087,3.646167533588596e-05,3.6461315175984055e-06,3.5972613776635853e-13,0.0
3088,3.6413344787433743e-05,3.6413100588106317e-06,2.4548418853242993e-13,0.0
3089,3.63650506187696e-05,3.636480414570542e-06,2.464079287833876e-13,0.0
3090,3.6316734622232616e-05,3.6316421301307855e-06,3.1329192712314935e-13,0.0
3091,3.6268575058784336e-05,3.6268211260903627e-06,3.6533363140245356e-13,0.0
3092,3.6220379115547985e-05,3.6220137644704664e-06,2.3906657903305373e-13,0.0
3093,3.617222319007851e-05,3.617196625782526e-06,2.566835632933362e-13,0.0
3094,3.6124172765994444e-05,3.6123856261838228e-06,3.1538053418822543e-13,0.0
3095,3.607608960010111e-05,3.607578491937602e-06,3.0603644618487635e-13,0.0
3096,3.602812284952961e-05,3.602785682232934e-06,2.6620719517644886e-13,0.0
3097,3.5980119719170034e-05,3.597985141823301e-06,2.681327382347831e-13,0.0
3098,3.593222936615348e-05,3.5931934689870104e-06,2.93796237338384e-13,0.0
3099,3.5884375392924994e-05,3.5884056615032023e-06,3.216879887468771e-13,0.0
3100,3.583654324756935e-05,3.5836294500768417e-06,2.473334037578212e-13,0.0
3101,3.5788791137747467e-05,3.5788498280453496e-06,2.9178048865929895e-13,0.0
3102,3.5741031751967967e-05,3.5740747534873663e-06,2.8478001207199455e-13,0.0
3103,3.569334512576461e-05,3.5693024074134883e-06,3.1852645521190937e-13,0.0
3104,3.5645713069243357e-05,3.5645480238599703e-06,2.318362515851824e-13,0.0
3105,3.5598066460806876e-05,3.559777042028145e-06,2.9581892491137296e-13,0.0
3106,3.555049988790415e-05,3.555018565748469e-06,3.143353632939494e-13,0.0
3107,3.550299516064115e-05,3.5502732771419687e-06,2.6237692574149207e-13,0.0
3108,3.545547224348411e-05,3.545521622072556e-06,2.5386030083618394e-13,0.0
3109,3.540803663781844e-05,3.540772922860924e-06,3.0810076712128875e-13,0.0
3110,3.5360659239813685e-05,3.53603581970674e-06,3.029529752063276e-13,0.0
3111,3.53132672898937e-05,3.531302581905038e-06,2.3906657903305373e-13,0.0
3112,3.526600630721077e-05,3.526571845213766e-06,2.877698079828406e-13,0.0
3113,3.521874896250665e-05,3.5218431548855733e-06,3.1642743980597743e-13,0.0
3114,3.5171484341844916e-05,3.517122877383372e-06,2.557407410841428e-13,0.0
3115,3.512429975671694e-05,3.5124048736179247e-06,2.510526508903155e-13,0.0
3116,3.5077166103292257e-05,3.507686415105127e-06,3.019286209937633e-13,0.0
3117,3.503000698401593e-05,3.502971594571136e-06,2.907752164049704e-13,0.0
3118,3.498303340165876e-05,3.498276328173233e-06,2.681327382347831e-13,0.0
3119,3.4936030715471134e-05,3.4935769690491725e-06,2.633318910150173e-13,0.0
3120,3.4889031667262316e-05,3.488875108814682e-06,2.798317133567707e-13,0.0
3121,3.4842149034375325e-05,3.4841852993849898e-06,2.93796237338384e-13,0.0
3122,3.4795240935636684e-05,3.479498218439403e-06,2.5952243826177224e-13,0.0
3123,3.474840923445299e-05,3.4748129564832198e-06,2.7884725778415387e-13,0.0
3124,3.470159208518453e-05,3.4701313325058436e-06,2.808179036528635e-13,0.0
3125,3.4654876799322665e-05,3.465461304585915e-06,2.633318910150173e-13,0.0
3126,3.460814696154557e-05,3.4607887755555566e-06,2.566835632933362e-13,0.0
3127,3.456150443525985e-05,3.456118292888277e-06,3.1852645521190937e-13,0.0
3128,3.45148473570589e-05,3.451456223046989e-06,2.827954884154771e-13,0.0
3129,3.446824848651886e-05,3.4468037029000698e-06,2.1166748909173805e-13,0.0
3130,3.442172601353377e-05,3.442144816290238e-06,2.759042994071592e-13,0.0
3131,3.437523992033675e-05,3.437486384427757e-06,3.7325698087897763e-13,0.0
3132,3.432873199926689e-05,3.432850462559145e-06,2.2648636438526992e-13,0.0
3133,3.428234776947647e-05,3.4282134038221557e-06,2.1338486533295509e-13,0.0
3134,3.423598172958009e-05,3.423567477511824e-06,3.0706773929134457e-13,0.0
3135,3.418964479351416e-05,3.4189313282695366e-06,3.3019507267306736e-13,0.0
3136,3.414338061702438e-05,3.41431359629496e-06,2.4456218300494825e-13,0.0
3137,3.409714554436505e-05,3.409695636946708e-06,1.8754529179654256e-13,0.0
3138,3.405088864383288e-05,3.4050524391204817e-06,3.630854297775876e-13,0.0
3139,3.4004769986495376e-05,3.4004460758296773e-06,3.091355296747089e-13,0.0
3140,3.39586149493698e-05,3.3958415315282764e-06,2.0150894841641787e-13,0.0
3141,3.391255086171441e-05,3.391231530258665e-06,2.3634219581403215e-13,0.0
3142,3.386654861969873e-05,3.3866201647470007e-06,3.4425587380759737e-13,0.0
3143,3.3820575481513515e-05,3.382029490239802e-06,2.808179036528635e-13,0.0
3144,3.3774631447158754e-05,3.377441998964059e-06,2.0995705174442492e-13,0.0
3145,3.3728709240676835e-05,3.372847004357027e-06,2.3906657903305373e-13,0.0
3146,3.3682877983665094e-05,3.368250190760591e-06,3.7553640752641115e-13,0.0
3147,3.363699579495005e-05,3.3636756597843487e-06,2.3906657903305373e-13,0.0
3148,3.359125548740849e-05,3.3591054489079397e-06,2.0150894841641787e-13,0.0
3149,3.354549335199408e-05,3.354518867126899e-06,3.0706773929134457e-13,0.0
3150,3.3499833079986274e-05,3.3499520668556215e-06,3.1329192712314935e-13,0.0
3151,3.3454136428190395e-05,3.3453929972893093e-06,2.0910443515598232e-13,0.0
3152,3.3408541639801115e-05,3.3408291528758127e-06,2.51986799482129e-13,0.0
3153,3.3363008697051555e-05,3.3362705380568514e-06,3.0090600150467495e-13,0.0
3154,3.331740663270466e-05,3.3317132874799427e-06,2.7103406324835433e-13,0.0
3155,3.327198282931931e-05,3.3271726351813413e-06,2.566835632933362e-13,0.0
3156,3.322655538795516e-05,3.3226317555090645e-06,2.3634219581403215e-13,0.0
3157,3.3181178878294304e-05,3.3180906484631123e-06,2.7103406324835433e-13,0.0
3158,3.313575507490896e-05,3.31354704030673e-06,2.8378688288199783e-13,0.0
3159,3.309041858301498e-05,3.3090175293182256e-06,2.4272337612041284e-13,0.0
3160,3.3045205782400444e-05,3.3044948395399842e-06,2.566835632933362e-13,0.0
3161,3.2999934774124995e-05,3.299966010672506e-06,2.7395100077320933e-13,0.0
3162,3.295478745712899e-05,3.2954515063465806e-06,2.7200464103316335e-13,0.0
3163,3.2909592846408486e-05,3.2909367746469798e-06,2.2648636438526992e-13,0.0
3164,3.286448190920055e-05,3.286424544057809e-06,2.381567165699039e-13,0.0
3165,3.281943645561114e-05,3.281911403973936e-06,3.2274530270548496e-13,0.0
3166,3.277435462223366e-05,3.2774100873211864e-06,2.557407410841428e-13,0.0
3167,3.2729414670029655e-05,3.2729208214732353e-06,2.0655699373151037e-13,0.0
3168,3.268447835580446e-05,3.26841927744681e-06,2.8577487598546725e-13,0.0
3169,3.263955295551568e-05,3.263927510488429e-06,2.759042994071592e-13,0.0
3170,3.259468940086663e-05,3.259442792113987e-06,2.6237692574149207e-13,0.0
3171,3.254988769185729e-05,3.2549678508075885e-06,2.082535532910157e-13,0.0
3172,3.2505115086678416e-05,3.2504833598068217e-06,2.808179036528635e-13,0.0
3173,3.24603752233088e-05,3.246009327995125e-06,2.827954884154771e-13,0.0
3174,3.241568265366368e-05,3.2415439363830956e-06,2.4272337612041284e-13,0.0
3175,3.237101554987021e-05,3.2370794542657677e-06,2.220758299475989e-13,0.0
3176,3.232640665373765e-05,3.232613607906387e-06,2.690981118491642e-13,0.0
3177,3.228185960324481e-05,3.228155037504621e-06,3.1017202695160506e-13,0.0
3178,3.223734165658243e-05,3.2237135201285128e-06,2.0571131603697168e-13,0.0
3179,3.2192816433962435e-05,3.219259951947606e-06,2.19450325966708e-13,0.0
3180,3.214834941900335e-05,3.2148063837666996e-06,2.867714746224159e-13,0.0
3181,3.21039478876628e-05,3.2103632747748634e-06,3.1538053418822543e-13,0.0
3182,3.205959001206793e-05,3.205940174666466e-06,1.8916205407615294e-13,0.0
3183,3.2015261240303516e-05,3.201503204763867e-06,2.2826272122467017e-13,0.0
3184,3.197102705598809e-05,3.197070554961101e-06,3.1852645521190937e-13,0.0
3185,3.192674193996936e-05,3.192649501215783e-06,2.464079287833876e-13,0.0
3186,3.188256232533604e-05,3.188235268680728e-06,2.1166748909173805e-13,0.0
3187,3.183841909049079e-05,3.1838160339248134e-06,2.566835632933362e-13,0.0
3188,3.179429768351838e-05,3.179401119268732e-06,2.867714746224159e-13,0.0
3189,3.175028177793138e-05,3.1750039397593355e-06,2.4456218300494825e-13,0.0
3190,3.170617128489539e-05,3.1705967558082193e-06,2.0234595249357668e-13,0.0
3191,3.166215537930839e-05,3.1661891171097523e-06,2.642885910120185e-13,0.0
3192,3.161821950925514e-05,3.1617939839634346e-06,2.818058286724323e-13,0.0
3193,3.157431274303235e-05,3.1574054446537048e-06,2.566835632933362e-13,0.0
3194,3.15304787363857e-05,3.15302713715937e-06,2.082535532910157e-13,0.0
3195,3.148664109176025e-05,3.1486404168390436e-06,2.3634219581403215e-13,0.0
3196,3.144284346490167e-05,3.1442552881344454e-06,2.927874956371035e-13,0.0
3197,3.139910404570401e-05,3.139887439829181e-06,2.2737367544323206e-13,0.0
3198,3.1355386454379186e-05,3.135515271424083e-06,2.318362515851824e-13,0.0
3199,3.131174162263051e-05,3.1311474231188186e-06,2.681327382347831e-13,0.0
3200,3.126814044662751e-05,3.1267888971342472e-06,2.5012023702197794e-13,0.0
3201,3.122452108073048e-05,3.1224305985233514e-06,2.1510918046807603e-13,0.0
3202,3.11810290440917e-05,3.1180768473859644e-06,2.6047219936486954e-13,0.0
3203,3.113751154160127e-05,3.1137253699853318e-06,2.585744118821509e-13,0.0
3204,3.109407043666579e-05,3.1093848065211205e-06,2.220758299475989e-13,0.0
3205,3.1050629331730306e-05,3.1050376492203213e-06,2.5386030083618394e-13,0.0
3206,3.100729009020142e-05,3.1007045890873997e-06,2.4548418853242993e-13,0.0
3207,3.0963943572714925e-05,3.09636993733875e-06,2.4364191220094256e-13,0.0
3208,3.092066617682576e-05,3.0920436984160915e-06,2.2737367544323206e-13,0.0
3209,3.087737786700018e-05,3.087714276261977e-06,2.3724858883023003e-13,0.0
3210,3.0834176868665963e-05,3.0833900837023975e-06,2.759042994071592e-13,0.0
3211,3.079099042224698e-05,3.079076577705564e-06,2.2648636438526992e-13,0.0
3212,3.07479094772134e-05,3.0747703476663446e-06,2.0655699373151037e-13,0.0
3213,3.070481398026459e-05,3.070453203690704e-06,2.818058286724323e-13,0.0
3214,3.066178396693431e-05,3.0661526579933707e-06,2.5762812022600556e-13,0.0
3215,3.061873576370999e-05,3.061853931285441e-06,1.9734994888276347e-13,0.0
3216,3.05758039758075e-05,3.057559297303669e-06,2.0995705174442492e-13,0.0
3217,3.053287582588382e-05,3.053255795748555e-06,3.174760801472054e-13,0.0
3218,3.0489980417769402e-05,3.04897230307688e-06,2.585744118821509e-13,0.0
3219,3.0447135941358283e-05,3.0446972232311964e-06,1.6337278752054374e-13,0.0
3220,3.0404342396650463e-05,3.0404112294490915e-06,2.2915350172958426e-13,0.0
3221,3.036150519619696e-05,3.0361204608198022e-06,3.0090600150467495e-13,0.0
3222,3.0318811695906334e-05,3.0318551580421627e-06,2.5952243826177224e-13,0.0
3223,3.0276136385509744e-05,3.027595539606409e-06,1.8273663832113485e-13,0.0
3224,3.0233517463784665e-05,3.0233290999603923e-06,2.2560078805078376e-13,0.0
3225,3.01909058180172e-05,3.019063342435402e-06,2.7200464103316335e-13,0.0
3226,3.0148336009006016e-05,3.014807589352131e-06,2.5952243826177224e-13,0.0
3227,3.0105833502602763e-05,3.010563659699983e-06,1.9569849213363355e-13,0.0
3228,3.006335100508295e-05,3.006313590958598e-06,2.1424615553877757e-13,0.0
3229,3.0020908525330015e-05,3.0020630674698623e-06,2.77864536935013e-13,0.0
3230,2.9978493330418132e-05,2.997826641149004e-06,2.2648636438526992e-13,0.0
3231,2.9936130886198953e-05,2.9935906695754966e-06,2.2383483955223937e-13,0.0
3232,2.9893850296502933e-05,2.989361291838577e-06,2.3634219581403215e-13,0.0
3233,2.9851511499146e-05,2.9851287308702013e-06,2.2295446738818114e-13,0.0
3234,2.9809330953867175e-05,2.980907765959273e-06,2.51986799482129e-13,0.0
3235,2.9767148589598946e-05,2.976691348521854e-06,2.3543753752131025e-13,0.0
3236,2.972493712150026e-05,2.97247515845811e-06,1.851331588031968e-13,0.0
3237,2.9682869353564456e-05,2.968258968394366e-06,2.808179036528635e-13,0.0
3238,2.9640774300787598e-05,2.9640541470143944e-06,2.3363342510629437e-13,0.0
3239,2.9598701075883582e-05,2.9598493256344227e-06,2.0740440614952504e-13,0.0
3240,2.955671152449213e-05,2.9556495064753108e-06,2.1597394012085047e-13,0.0
3241,2.951480018964503e-05,2.9514510515582515e-06,2.887698760667412e-13,0.0
3242,2.9472834285115823e-05,2.9472630558302626e-06,2.0402516481832222e-13,0.0
3243,2.9430979338940233e-05,2.943078698081081e-06,1.9241639531708543e-13,0.0
3244,2.9389129849732853e-05,2.938885700132232e-06,2.7200464103316335e-13,0.0
3245,2.934738040494267e-05,2.9347143026825506e-06,2.3906657903305373e-13,0.0
3246,2.9305621865205467e-05,2.930542905232869e-06,1.932343174360085e-13,0.0
3247,2.9263817850733176e-05,2.926360366473091e-06,2.1510918046807603e-13,0.0
3248,2.922222120105289e-05,2.9221930617495673e-06,2.907752164049704e-13,0.0
3249,2.918056634371169e-05,2.9180353067204123e-06,2.1252530985060858e-13,0.0
3250,2.9138962418073788e-05,2.9138782338122837e-06,1.7956556380704924e-13,0.0
3251,2.909743125201203e-05,2.9097188871674007e-06,2.4272337612041284e-13,0.0
3252,2.905592009483371e-05,2.9055640879960265e-06,2.77864536935013e-13,0.0
3253,2.9014452593401074e-05,2.9014256597292842e-06,1.9652335314646052e-13,0.0
3254,2.8972963264095597e-05,2.89727586277877e-06,2.0486737306590896e-13,0.0
3255,2.8931619453942403e-05,2.8931385713804048e-06,2.327339709840004e-13,0.0
3256,2.8890270186821e-05,2.889002871597768e-06,2.418065747633591e-13,0.0
3257,2.8848917281720787e-05,2.8848685360571835e-06,2.327339709840004e-13,0.0
3258,2.8807649869122542e-05,2.8807455692003714e-06,1.9405397427840754e-13,0.0
3259,2.8766444302164018e-05,2.8766221475962084e-06,2.220758299475989e-13,0.0
3260,2.8725244192173705e-05,2.8725014544761507e-06,2.2915350172958426e-13,0.0
3261,2.8684093194897287e-05,2.8683830350928474e-06,2.642885910120185e-13,0.0
3262,2.864299494831357e-05,2.8642803044931497e-06,1.9078575524966723e-13,0.0
3263,2.86019185296027e-05,2.8601737085409695e-06,1.8273663832113485e-13,0.0
3264,2.8560907594510354e-05,2.8560630198626313e-06,2.7884725778415387e-13,0.0
3265,2.851988210750278e-05,2.8519636998680653e-06,2.464079287833876e-13,0.0
3266,2.847890937118791e-05,2.847875521183596e-06,1.5446324774792686e-13,0.0
3267,2.843808033503592e-05,2.843783931893995e-06,2.4089150812978133e-13,0.0
3268,2.8397156711434945e-05,2.8396905236149905e-06,2.510526508903155e-13,0.0
3269,2.8356296752463095e-05,2.835608938767109e-06,2.0655699373151037e-13,0.0
3270,2.8315509553067386e-05,2.8315303097770084e-06,2.0655699373151037e-13,0.0
3271,2.8274816941120662e-05,2.8274587293708464e-06,2.3004601695797433e-13,0.0
3272,2.82341043202905e-05,2.8233882858330617e-06,2.220758299475989e-13,0.0
3273,2.8193406251375563e-05,2.819317842295277e-06,2.2648636438526992e-13,0.0
3274,2.8152784580015577e-05,2.8152599043096416e-06,1.8593546841083608e-13,0.0
3275,2.8112170184613205e-05,2.8111940082453657e-06,2.309402669098404e-13,0.0
3276,2.807159944495652e-05,2.8071351607650286e-06,2.473334037578212e-13,0.0
3277,2.8031096007907763e-05,2.803089955705218e-06,1.9734994888276347e-13,0.0
3278,2.799062531266827e-05,2.7990436137770303e-06,1.899730373011721e-13,0.0
3279,2.7950189178227447e-05,2.7949956802331144e-06,2.3363342510629437e-13,0.0
3280,2.7909747586818412e-05,2.79095115729433e-06,2.3634219581403215e-13,0.0
3281,2.786940967780538e-05,2.786919367281371e-06,2.1597394012085047e-13,0.0
3282,2.782912997645326e-05,2.782893488983973e-06,1.9487536584428256e-13,0.0
3283,2.7788846637122333e-05,2.7788642000814434e-06,2.0402516481832222e-13,0.0
3284,2.7748603315558285e-05,2.7748383217840455e-06,2.2032375923686232e-13,0.0
3285,2.7708401830750518e-05,2.7708144898497267e-06,2.566835632933362e-13,0.0
3286,2.7668273105518892e-05,2.7668083930620924e-06,1.8835280557460976e-13,0.0
3287,2.7628178941085935e-05,2.7627993404166773e-06,1.8593546841083608e-13,0.0
3288,2.758805021585431e-05,2.7587802833295427e-06,2.473334037578212e-13,0.0
3289,2.7547979698283598e-05,2.7547762329049874e-06,2.1857862742002965e-13,0.0
3290,2.7507991035236046e-05,2.750780367932748e-06,1.8673951274195133e-13,0.0
3291,2.7468029657029547e-05,2.746782001850079e-06,2.0995705174442492e-13,0.0
3292,2.742810465861112e-05,2.7427877284935676e-06,2.2826272122467017e-13,0.0
3293,2.7388226953917183e-05,2.7387998215999687e-06,2.2915350172958426e-13,0.0
3294,2.734838744800072e-05,2.7348194180376595e-06,1.932343174360085e-13,0.0
3295,2.7308582502882928e-05,2.730840378717403e-06,1.7877713198721779e-13,0.0
3296,2.7268768462818116e-05,2.7268515623291023e-06,2.51986799482129e-13,0.0
3297,2.72290544671705e-05,2.722882982197916e-06,2.2295446738818114e-13,0.0
3298,2.718939504120499e-05,2.718922132771695e-06,1.7408297026122455e-13,0.0
3299,2.714974107220769e-05,2.714953097893158e-06,2.108114030563435e-13,0.0
3300,2.7110114388051443e-05,2.710989292609156e-06,2.220758299475989e-13,0.0
3301,2.7070560463471338e-05,2.70703367277747e-06,2.2295446738818114e-13,0.0
3302,2.703099926293362e-05,2.703081918298267e-06,1.8035573035035668e-13,0.0
3303,2.6991583581548184e-05,2.699137212403002e-06,2.108114030563435e-13,0.0
3304,2.6952124244417064e-05,2.6951893232762814e-06,2.318362515851824e-13,0.0
3305,2.6912664907285944e-05,2.6912475732387975e-06,1.899730373011721e-13,0.0
3306,2.687332198547665e-05,2.6873133265326032e-06,1.899730373011721e-13,0.0
3307,2.683400634850841e-05,2.683376578715979e-06,2.3997817621967954e-13,0.0
3308,2.6794688892550766e-05,2.6794482437253464e-06,2.0740440614952504e-13,0.0
3309,2.675541145436e-05,2.6755244562082225e-06,1.6792123247455493e-13,0.0
3310,2.671620859473478e-05,2.6715979402069934e-06,2.3004601695797433e-13,0.0
3311,2.6677063942770474e-05,2.667683020263212e-06,2.3543753752131025e-13,0.0
3312,2.6637886548996903e-05,2.66377310254029e-06,1.5373206180280263e-13,0.0
3313,2.659881101862993e-05,2.659858409970184e-06,2.2648636438526992e-13,0.0
3314,2.6559811885817908e-05,2.6559580419416307e-06,2.318362515851824e-13,0.0
3315,2.6520745450397953e-05,2.6520583560341038e-06,1.626207848937078e-13,0.0
3316,2.648170448082965e-05,2.648149575179559e-06,2.0910443515598232e-13,0.0
3317,2.644281994435005e-05,2.644256937855971e-06,2.510526508903155e-13,0.0
3318,2.640389539010357e-05,2.640373168105725e-06,1.6412652487085566e-13,0.0
3319,2.6365038138465025e-05,2.636484623508295e-06,1.9160020792163834e-13,0.0
3320,2.632621726661455e-05,2.632597670526593e-06,2.4089150812978133e-13,0.0
3321,2.6287427317583933e-05,2.628722540976014e-06,2.0234595249357668e-13,0.0
3322,2.6248671929351985e-05,2.6248524136462947e-06,1.47945024286944e-13,0.0
3323,2.620997474878095e-05,2.6209752377326367e-06,2.220758299475989e-13,0.0
3324,2.6171303034061566e-05,2.617104428281891e-06,2.5762812022600556e-13,0.0
3325,2.6132660423172638e-05,2.6132479433726985e-06,1.811476316171401e-13,0.0
3326,2.609406874398701e-05,2.6093928227055585e-06,1.4086735250495863e-13,0.0
3327,2.605556983326096e-05,2.605532245070208e-06,2.482606134557308e-13,0.0
3328,2.6017010895884596e-05,2.601677124403068e-06,2.3997817621967954e-13,0.0
3329,2.5978546545957215e-05,2.597839966256288e-06,1.4651561214273912e-13,0.0
3330,2.594008037704043e-05,2.593989620436332e-06,1.843325839190335e-13,0.0
3331,2.5901716071530245e-05,2.5901458684529644e-06,2.557407410841428e-13,0.0
3332,2.5863344490062445e-05,2.5863155315164477e-06,1.8835280557460976e-13,0.0
3333,2.582501110737212e-05,2.58248473983258e-06,1.6412652487085566e-13,0.0
3334,2.5786765036173165e-05,2.5786548576434143e-06,2.1597394012085047e-13,0.0
3335,2.5748537154868245e-05,2.5748315692908363e-06,2.2119892723049261e-13,0.0
3336,2.57102965406375e-05,2.5710130557854427e-06,1.6563920374190744e-13,0.0
3337,2.5672174160717987e-05,2.56719749813783e-06,1.990083445257973e-13,0.0
3338,2.5633995392126963e-05,2.5633785298850853e-06,2.1166748909173805e-13,0.0
3339,2.5595949409762397e-05,2.559575477789622e-06,1.9405397427840754e-13,0.0
3340,2.5557939807185903e-05,2.5557756089256145e-06,1.843325839190335e-13,0.0
3341,2.5519912014715374e-05,2.5519727842038264e-06,1.835337437583462e-13,0.0
3342,2.5481935153948143e-05,2.548171323724091e-06,2.220758299475989e-13,0.0
3343,2.5444045604672283e-05,2.5443850972806104e-06,1.9487536584428256e-13,0.0
3344,2.5406121494597755e-05,2.540595460231998e-06,1.6792123247455493e-13,0.0
3345,2.5368222850374877e-05,2.536802412578254e-06,1.981782793425424e-13,0.0
3346,2.5330418793600984e-05,2.533018687245203e-06,2.318362515851824e-13,0.0
3347,2.5292678401456214e-05,2.5292513328167843e-06,1.6488199694464356e-13,0.0
3348,2.5254948923247866e-05,2.5254794309148565e-06,1.5519616841652706e-13,0.0
3349,2.5217195798177272e-05,2.521694341339753e-06,2.5292268279741847e-13,0.0
3350,2.5179580916301347e-05,2.517937218726729e-06,2.0910443515598232e-13,0.0
3351,2.5141953301499598e-05,2.5141812329820823e-06,1.4016912630587797e-13,0.0
3352,2.5104338419623673e-05,2.510415242795716e-06,1.8593546841083608e-13,0.0
3353,2.5066783564398065e-05,2.5066542548302095e-06,2.4089150812978133e-13,0.0
3354,2.5029290554812178e-05,2.5029094103956595e-06,1.9652335314646052e-13,0.0
3355,2.499180664017331e-05,2.4991677491925657e-06,1.299039001367852e-13,0.0
3356,2.4954433683888055e-05,2.4954206310212612e-06,2.2737367544323206e-13,0.0
3357,2.4917022528825328e-05,2.4916785150708165e-06,2.3634219581403215e-13,0.0
3358,2.487965321051888e-05,2.487951405782951e-06,1.3739356874431508e-13,0.0
3359,2.484235847077798e-05,2.484218839526875e-06,1.686853781657227e-13,0.0
3360,2.4805067369015887e-05,2.4804814984236145e-06,2.51986799482129e-13,0.0
3361,2.4767823560978286e-05,2.4767632567090914e-06,1.9078575524966723e-13,0.0
3362,2.473062886565458e-05,2.473050017215428e-06,1.299039001367852e-13,0.0
3363,2.4693445084267296e-05,2.4693233626749134e-06,2.108114030563435e-13,0.0
3364,2.4656335881445557e-05,2.4656078494444955e-06,2.5762812022600556e-13,0.0
3365,2.461925942043308e-05,2.461913027218543e-06,1.299039001367852e-13,0.0
3366,2.4582202968304045e-05,2.4582027435826603e-06,1.772054725179828e-13,0.0
3367,2.4545164706069045e-05,2.4544940515625058e-06,2.2383483955223937e-13,0.0
3368,2.4508224669261836e-05,2.450803776810062e-06,1.8754529179654256e-13,0.0
3369,2.4471301003359258e-05,2.4471155484206975e-06,1.4580350815585064e-13,0.0
3370,2.443440826027654e-05,2.443419134579017e-06,2.1597394012085047e-13,0.0
3371,2.439751915517263e-05,2.439733407300082e-06,1.851331588031968e-13,0.0
3372,2.436075192235876e-05,2.4360560928471386e-06,1.9160020792163834e-13,0.0
3373,2.4323968318640254e-05,2.432379687888897e-06,1.717593081651536e-13,0.0
3374,2.4287206542794593e-05,2.4287044197990326e-06,1.626207848937078e-13,0.0
3375,2.4250504793599248e-05,2.425028014840791e-06,2.2471694643977358e-13,0.0
3376,2.4213853976107202e-05,2.421366843918804e-06,1.8593546841083608e-13,0.0
3377,2.4177223167498596e-05,2.417707719359896e-06,1.4509313889243813e-13,0.0
3378,2.4140652385540307e-05,2.4140451841958566e-06,2.0067367906273503e-13,0.0
3379,2.4104094336507842e-05,2.4103901523631066e-06,1.932343174360085e-13,0.0
3380,2.4067576305242255e-05,2.406737849014462e-06,1.990083445257973e-13,0.0
3381,2.403113649052102e-05,2.4030998702073703e-06,1.3877787807814457e-13,0.0
3382,2.3994705770746805e-05,2.399450295342831e-06,2.0234595249357668e-13,0.0
3383,2.395829142187722e-05,2.3958082238095812e-06,2.0910443515598232e-13,0.0
3384,2.3921918909763917e-05,2.3921775209601037e-06,1.4297243944305649e-13,0.0
3385,2.3885624614194967e-05,2.388544089626521e-06,1.843325839190335e-13,0.0
3386,2.384934305155184e-05,2.3849136141507188e-06,2.0655699373151037e-13,0.0
3387,2.3813077859813347e-05,2.381289505137829e-06,1.8273663832113485e-13,0.0
3388,2.3776834495947696e-05,2.3776706257194746e-06,1.299039001367852e-13,0.0
3389,2.374072755628731e-05,2.3740478809486376e-06,2.491895578771164e-13,0.0
3390,2.3704549676040187e-05,2.370438778598327e-06,1.6112198381046383e-13,0.0
3391,2.366847729717847e-05,2.3668330868531484e-06,1.47945024286944e-13,0.0
3392,2.3632410375284962e-05,2.3632208012713818e-06,2.0150894841641787e-13,0.0
3393,2.359639256610535e-05,2.35961874750501e-06,2.0571131603697168e-13,0.0
3394,2.356042568862904e-05,2.3560285171697615e-06,1.3947263483027328e-13,0.0
3395,2.3524498828919604e-05,2.352431692997925e-06,1.8273663832113485e-13,0.0
3396,2.3488573788199574e-05,2.348836687815492e-06,2.0740440614952504e-13,0.0
3397,2.3452736058970913e-05,2.3452571440429892e-06,1.6337278752054374e-13,0.0
3398,2.3416905605699867e-05,2.3416762360284338e-06,1.4297243944305649e-13,0.0
3399,2.3381138817057945e-05,2.3380912352877203e-06,2.2737367544323206e-13,0.0
3400,2.334533019165974e-05,2.3345169211097527e-06,1.6112198381046383e-13,0.0
3401,2.330962524865754e-05,2.3309464722842677e-06,1.5963012162112378e-13,0.0
3402,2.3273960323422216e-05,2.327377842448186e-06,1.8273663832113485e-13,0.0
3403,2.3238317226059735e-05,2.3238101221068064e-06,2.1597394012085047e-13,0.0
3404,2.320272324141115e-05,2.3202587726700585e-06,1.3396315307057094e-13,0.0
3405,2.316711106686853e-05,2.316696281923214e-06,1.493813753250528e-13,0.0
3406,2.3131593479774892e-05,2.313135155418422e-06,2.4272337612041284e-13,0.0
3407,2.3096106815501116e-05,2.309594037797069e-06,1.6563920374190744e-13,0.0
3408,2.306067108293064e-05,2.3060545117914444e-06,1.2524703496552547e-13,0.0
3409,2.3025284463074058e-05,2.302508619322907e-06,1.990083445257973e-13,0.0
3410,2.2989861463429406e-05,2.2989654553384753e-06,2.0740440614952504e-13,0.0
3411,2.295453850820195e-05,2.295437980137649e-06,1.5888679261166772e-13,0.0
3412,2.291925011377316e-05,2.2919123239262262e-06,1.265688942542198e-13,0.0
3413,2.288400355610065e-05,2.288377800141461e-06,2.2560078805078376e-13,0.0
3414,2.2848758817417547e-05,2.2848573735245736e-06,1.8593546841083608e-13,0.0
3415,2.2813577743363567e-05,2.28134672397573e-06,1.1054438614488404e-13,0.0
3416,2.2778445782023482e-05,2.2778247057431145e-06,1.990083445257973e-13,0.0
3417,2.274332473461982e-05,2.274309053973411e-06,2.345346139520643e-13,0.0
3418,2.2708232791046612e-05,2.270810909976717e-06,1.2393211457073505e-13,0.0
3419,2.2673200874123722e-05,2.2673063995171105e-06,1.360161983043895e-13,0.0
3420,2.2638210793957114e-05,2.2638000700681005e-06,2.1166748909173805e-13,0.0
3421,2.2603220713790506e-05,2.2603010165767046e-06,2.108114030563435e-13,0.0
3422,2.2568287022295408e-05,2.256816515000537e-06,1.2262413306984854e-13,0.0
3423,2.2533413357450627e-05,2.2533270112035098e-06,1.443845043525016e-13,0.0
3424,2.2498586986330338e-05,2.2498363705381053e-06,2.2295446738818114e-13,0.0
3425,2.246376061521005e-05,2.246357553303824e-06,1.851331588031968e-13,0.0
3426,2.242896516690962e-05,2.2428844204114284e-06,1.206751712445886e-13,0.0
3427,2.2394238840206526e-05,2.2394083316612523e-06,1.5373206180280263e-13,0.0
3428,2.2359576178132556e-05,2.2359329250321025e-06,2.473334037578212e-13,0.0
3429,2.2324860765365884e-05,2.2324727524392074e-06,1.3192572034803618e-13,0.0
3430,2.2290250853984617e-05,2.229011897725286e-06,1.3192572034803618e-13,0.0
3431,2.2255659132497385e-05,2.2255449039221276e-06,2.108114030563435e-13,0.0
3432,2.2221109247766435e-05,2.222091779913171e-06,1.9160020792163834e-13,0.0
3433,2.218658664787654e-05,2.2186466139828553e-06,1.2002898674978724e-13,0.0
3434,2.215210952272173e-05,2.2151953089633025e-06,1.566672139241554e-13,0.0
3435,2.2117694243206643e-05,2.211747187175206e-06,2.2119892723049261e-13,0.0
3436,2.2083306248532608e-05,2.2083152089180658e-06,1.5446324774792686e-13,0.0
3437,2.20488800550811e-05,2.2048770915716887e-06,1.0992595722569831e-13,0.0
3438,2.201457755290903e-05,2.20143556362018e-06,2.220758299475989e-13,0.0
3439,2.1980295059620403e-05,2.198010406573303e-06,1.9160020792163834e-13,0.0
3440,2.1946052584098652e-05,2.194594344473444e-06,1.0869430355775478e-13,0.0
3441,2.1911806470598094e-05,2.1911646399530582e-06,1.6037518535405582e-13,0.0
3442,2.187763857364189e-05,2.187742893511313e-06,2.0995705174442492e-13,0.0
3443,2.184349978051614e-05,2.1843331978743663e-06,1.6715882150686312e-13,0.0
3444,2.1809371901326813e-05,2.180925321226823e-06,1.1874182193061245e-13,0.0
3445,2.1775340428575873e-05,2.1775160803372273e-06,1.8035573035035668e-13,0.0
3446,2.1741292584920302e-05,2.174111159547465e-06,1.8194126760739948e-13,0.0
3447,2.1707339328713715e-05,2.170718289562501e-06,1.5593082380860324e-13,0.0
3448,2.1673331502825022e-05,2.167320644730353e-06,1.2524703496552547e-13,0.0
3449,2.1639449187205173e-05,2.163924136766582e-06,2.082535532910157e-13,0.0
3450,2.1605555957648903e-05,2.160539452233934e-06,1.6187051699034782e-13,0.0
3451,2.1571719116764143e-05,2.157158860427444e-06,1.3057610548372622e-13,0.0
3452,2.153788045688998e-05,2.153772584279068e-06,1.5373206180280263e-13,0.0
3453,2.1504132746485993e-05,2.1503904008568497e-06,2.3004601695797433e-13,0.0
3454,2.1470390493050218e-05,2.1470277715707198e-06,1.124100812432971e-13,0.0
3455,2.143670280929655e-05,2.143656502084923e-06,1.3739356874431508e-13,0.0
3456,2.1403033315436915e-05,2.140281139872968e-06,2.220758299475989e-13,0.0
3457,2.1369385649450123e-05,2.1369241949287243e-06,1.4297243944305649e-13,0.0
3458,2.1335836208891124e-05,2.1335720248316647e-06,1.1618830897397459e-13,0.0
3459,2.130227949237451e-05,2.1302082586771576e-06,1.9734994888276347e-13,0.0
3460,2.1268773707561195e-05,2.1268594991852297e-06,1.779904348908623e-13,0.0
3461,2.1235297026578337e-05,2.123515969287837e-06,1.3877787807814457e-13,0.0
3462,2.120188764820341e-05,2.1201760773692513e-06,1.265688942542198e-13,0.0
3463,2.1168443709029816e-05,2.1168259536352707e-06,1.843325839190335e-13,0.0
3464,2.1135099814273417e-05,2.113490154442843e-06,1.981782793425424e-13,0.0
3465,2.1101786842336878e-05,2.1101673155499157e-06,1.1366255159295235e-13,0.0
3466,2.106843749061227e-05,2.1068312889838126e-06,1.2393211457073505e-13,0.0
3467,2.1035182726336643e-05,2.103494580296683e-06,2.3724858883023003e-13,0.0
3468,2.100201709254179e-05,2.100186748066335e-06,1.4866233244426041e-13,0.0
3469,2.096884600177873e-05,2.0968750504835043e-06,9.618087576379608e-14,0.0
3470,2.0935689462930895e-05,2.0935494831064716e-06,1.9487536584428256e-13,0.0
3471,2.090254747599829e-05,2.09023482966586e-06,1.981782793425424e-13,0.0
3472,2.0869518266408704e-05,2.086941321977065e-06,1.0504097591734762e-13,0.0
3473,2.083646904793568e-05,2.0836323528783396e-06,1.4580350815585064e-13,0.0
3474,2.0803428924409673e-05,2.080322701658588e-06,2.0234595249357668e-13,0.0
3475,2.077048884530086e-05,2.077035105685354e-06,1.3739356874431508e-13,0.0
3476,2.0737568775075488e-05,2.0737438717333134e-06,1.299039001367852e-13,0.0
3477,2.070471782644745e-05,2.0704535472759744e-06,1.811476316171401e-13,0.0
3478,2.0671863239840604e-05,2.067170271402574e-06,1.6037518535405582e-13,0.0
3479,2.0639057765947655e-05,2.0638944988604635e-06,1.124100812432971e-13,0.0
3480,2.060624501609709e-05,2.0606062207662035e-06,1.843325839190335e-13,0.0
3481,2.0573528672684915e-05,2.057337724181707e-06,1.5010215292932116e-13,0.0
3482,2.054083779512439e-05,2.054067863355158e-06,1.5888679261166772e-13,0.0
3483,2.0508128727669828e-05,2.050800276265363e-06,1.2590709724813465e-13,0.0
3484,2.047554517048411e-05,2.0475379187701037e-06,1.6488199694464356e-13,0.0
3485,2.0442936147446744e-05,2.044276470769546e-06,1.717593081651536e-13,0.0
3486,2.0410383513080887e-05,2.0410268462001113e-06,1.1429138885299395e-13,0.0
3487,2.037785634456668e-05,2.0377688088046852e-06,1.686853781657227e-13,0.0
3488,2.0345387383713387e-05,2.034521003224654e-06,1.7642224486857927e-13,0.0
3489,2.0312914784881286e-05,2.0312811557232635e-06,1.0323773086406973e-13,0.0
3490,2.02805003937101e-05,2.028033577516908e-06,1.6488199694464356e-13,0.0
3491,2.0248149667168036e-05,2.0247960037522716e-06,1.8835280557460976e-13,0.0
3492,2.0215809854562394e-05,2.021567979682004e-06,1.299039001367852e-13,0.0
3493,2.0183497326797806e-05,2.0183390461170347e-06,1.0746958878371515e-13,0.0
3494,2.0151230273768306e-05,2.0151035187154775e-06,1.9405397427840754e-13,0.0
3495,2.0118974134675227e-05,2.011880724239745e-06,1.6715882150686312e-13,0.0
3496,2.0086807126062922e-05,2.0086695258214604e-06,1.1116454978754575e-13,0.0
3497,2.0054678316228092e-05,2.005454462050693e-06,1.3396315307057094e-13,0.0
3498,2.0022514945594594e-05,2.0022316675749607e-06,1.990083445257973e-13,0.0
3499,1.9990447981399484e-05,1.9990309283457464e-06,1.3739356874431508e-13,0.0
3500,1.9958406483056024e-05,1.9958304164902074e-06,1.0145009832207563e-13,0.0
3501,1.9926426830352284e-05,1.992623992919107e-06,1.8754529179654256e-13,0.0
3502,1.9894461729563773e-05,1.9894289380317787e-06,1.7253212747370128e-13,0.0
3503,1.986248571483884e-05,1.9862402496073628e-06,8.443246102274315e-14,0.0
3504,1.983059337362647e-05,1.9830406472465256e-06,1.8673951274195133e-13,0.0
3505,1.9798719222308137e-05,1.9798533230641624e-06,1.851331588031968e-13,0.0
3506,1.976691055460833e-05,1.9766821424127556e-06,8.881784197001252e-14,0.0
3507,1.9735103705897927e-05,1.9734952729777433e-06,1.5010215292932116e-13,0.0
3508,1.970336052181665e-05,1.970316134247696e-06,1.990083445257973e-13,0.0
3509,1.9671635527629405e-05,1.9671526843012543e-06,1.0869430355775478e-13,0.0
3510,1.9639954189187847e-05,1.963983322639251e-06,1.2132309046286593e-13,0.0
3511,1.9608311049523763e-05,1.9608125967351953e-06,1.851331588031968e-13,0.0
3512,1.9576713384594768e-05,1.957655513251666e-06,1.5740533876318352e-13,0.0
3513,1.9545135728549212e-05,1.9545045688573737e-06,9.105216580707065e-14,0.0
3514,1.9513581719365902e-05,1.9513418010319583e-06,1.6337278752054374e-13,0.0
3515,1.9482075003907084e-05,1.948189265021938e-06,1.8194126760739948e-13,0.0
3516,1.9450611944193952e-05,1.9450501440587686e-06,1.1178644815368344e-13,0.0
3517,1.94191907212371e-05,1.9419064756220905e-06,1.2590709724813465e-13,0.0
3518,1.938778041221667e-05,1.9387607608223334e-06,1.7330668150572492e-13,0.0
3519,1.9356388293090276e-05,1.9356239135959186e-06,1.493813753250528e-13,0.0
3520,1.932511804625392e-05,1.932502073032083e-06,9.792167077193881e-14,0.0
3521,1.929384598042816e-05,1.9293668174213963e-06,1.7877713198721779e-13,0.0
3522,1.926257937157061e-05,1.926243612615508e-06,1.443845043525016e-13,0.0
3523,1.923137460835278e-05,1.9231258647778304e-06,1.1555426754350506e-13,0.0
3524,1.9200188035028987e-05,1.9200037968403194e-06,1.5154891230828582e-13,0.0
3525,1.9169045117450878e-05,1.9168899143551243e-06,1.4580350815585064e-13,0.0
3526,1.913795313157607e-05,1.913782625706517e-06,1.265688942542198e-13,0.0
3527,1.910690843942575e-05,1.910674882310559e-06,1.5963012162112378e-13,0.0
3528,1.907585101434961e-05,1.9075741874985397e-06,1.0992595722569831e-13,0.0
3529,1.9044844520976767e-05,1.9044693999603624e-06,1.5154891230828582e-13,0.0
3530,1.90138762263814e-05,1.9013717746929615e-06,1.5888679261166772e-13,0.0
3531,1.8982940673595294e-05,1.8982827896252275e-06,1.124100812432971e-13,0.0
3532,1.8952096070279367e-05,1.8951958509205724e-06,1.3877787807814457e-13,0.0
3533,1.8921207811217755e-05,1.8921047058029217e-06,1.5963012162112378e-13,0.0
3534,1.8890397768700495e-05,1.8890267483584466e-06,1.3057610548372622e-13,0.0
3535,1.8859629562939517e-05,1.88595186045859e-06,1.1054438614488404e-13,0.0
3536,1.8828894098987803e-05,1.8828749261956546e-06,1.4580350815585064e-13,0.0
3537,1.879818046290893e-05,1.8798014025378507e-06,1.6488199694464356e-13,0.0
3538,1.876750320661813e-05,1.8767375422612531e-06,1.2789769243681803e-13,0.0
3539,1.8736855054157786e-05,1.873675500974059e-06,9.967807829136532e-14,0.0
3540,1.8706250557443127e-05,1.8706083437791676e-06,1.6792123247455493e-13,0.0
3541,1.867567334556952e-05,1.867550622591807e-06,1.6715882150686312e-13,0.0
3542,1.8645148884388618e-05,1.8645059753907844e-06,8.826359781943793e-14,0.0
3543,1.861465716501698e-05,1.861453483797959e-06,1.2262413306984854e-13,0.0
3544,1.8584187273518182e-05,1.8583973542263266e-06,2.1252530985060858e-13,0.0
3545,1.8553768313722685e-05,1.8553669178800192e-06,9.909087439474717e-14,0.0
3546,1.852337118180003e-05,1.8523268181525054e-06,1.0383707782501972e-13,0.0
3547,1.8493030438548885e-05,1.8492862636776408e-06,1.6792123247455493e-13,0.0
3548,1.8462718799128197e-05,1.8462562820786843e-06,1.566672139241554e-13,0.0
3549,1.8432427168590948e-05,1.8432324395689648e-06,1.0145009832207563e-13,0.0
3550,1.840217737480998e-05,1.8402070054435171e-06,1.0808107880899698e-13,0.0
3551,1.8371960322838277e-05,1.837175659602508e-06,2.0402516481832222e-13,0.0
3552,1.83417578227818e-05,1.8341651184528018e-06,1.068598334819093e-13,0.0
3553,1.8311651729163714e-05,1.8311545773030957e-06,1.0504097591734762e-13,0.0
3554,1.8281538359588012e-05,1.8281363054484245e-06,1.7486099374020014e-13,0.0
3555,1.8251472283736803e-05,1.8251348592457362e-06,1.232772564585538e-13,0.0
3556,1.8221448044641875e-05,1.8221338677903987e-06,1.0869430355775478e-13,0.0
3557,1.819142562453635e-05,1.8191285562352277e-06,1.3947263483027328e-13,0.0
3558,1.8161479601985775e-05,1.8161326806875877e-06,1.5300261058115439e-13,0.0
3559,1.8131522665498778e-05,1.813141125239781e-06,1.1178644815368344e-13,0.0
3560,1.810165667848196e-05,1.8101535488312948e-06,1.2197274440461925e-13,0.0
3561,1.8071805243380368e-05,1.8071646081807557e-06,1.5963012162112378e-13,0.0
3562,1.8041946532321163e-05,1.804183739295695e-06,1.0869430355775478e-13,0.0
3563,1.8012164218816906e-05,1.8012044620263623e-06,1.206751712445886e-13,0.0
3564,1.7982478311751038e-05,1.7982301869778894e-06,1.772054725179828e-13,0.0
3565,1.7952783309738152e-05,1.7952686448552413e-06,9.560408020803379e-14,0.0
3566,1.792305920389481e-05,1.7922960751093342e-06,9.733967104574859e-14,0.0
3567,1.7893402400659397e-05,1.78931986738462e-06,2.0402516481832222e-13,0.0
3568,1.7863811081042513e-05,1.7863694665720686e-06,1.1682408512792009e-13,0.0
3569,1.7834241589298472e-05,1.7834155414675479e-06,8.551839791870464e-14,0.0
3570,1.7804699382395484e-05,1.7804562730816542e-06,1.360161983043895e-13,0.0
3571,1.7775208107195795e-05,1.7775015521692694e-06,1.932343174360085e-13,0.0
3572,1.7745711375027895e-05,1.7745630884746788e-06,8.01581023779363e-14,0.0
3573,1.7716274669510312e-05,1.7716163256409345e-06,1.1178644815368344e-13,0.0
3574,1.768691072356887e-05,1.7686720639176201e-06,1.8916205407615294e-13,0.0
3575,1.765753586369101e-05,1.7657429225437227e-06,1.0746958878371515e-13,0.0
3576,1.762821375450585e-05,1.7628124169277726e-06,8.881784197001252e-14,0.0
3577,1.7598928025108762e-05,1.7598766817172873e-06,1.626207848937078e-13,0.0
3578,1.756965139065869e-05,1.756951178322197e-06,1.4086735250495863e-13,0.0
3579,1.754045661073178e-05,1.7540352246214752e-06,1.0323773086406973e-13,0.0
3580,1.7511265468783677e-05,1.7511155192551087e-06,1.1054438614488404e-13,0.0
3581,1.7482094335719012e-05,1.7481922895967728e-06,1.702188737184862e-13,0.0
3582,1.74530014191987e-05,1.7452905467507662e-06,9.618087576379608e-14,0.0
3583,1.7423939425498247e-05,1.7423823237550096e-06,1.1682408512792009e-13,0.0
3584,1.7394861060893163e-05,1.7394718270224985e-06,1.4156731342751527e-13,0.0
3585,1.736585545586422e-05,1.7365728126605973e-06,1.2723242598378093e-13,0.0
3586,1.7336900782538578e-05,1.7336788005195558e-06,1.1366255159295235e-13,0.0
3587,1.730795884213876e-05,1.7307839925706503e-06,1.1874182193061245e-13,0.0
3588,1.7279049643548205e-05,1.727891572045337e-06,1.3396315307057094e-13,0.0
3589,1.7250167729798704e-05,1.725004267427721e-06,1.2590709724813465e-13,0.0
3590,1.7221331290784292e-05,1.7221231018993421e-06,9.967807829136532e-14,0.0
3591,1.7192549421451986e-05,1.7192413679367746e-06,1.367040161626143e-13,0.0
3592,1.7163776647066697e-05,1.7163636130135274e-06,1.3947263483027328e-13,0.0
3593,1.7135069356299937e-05,1.7134964309661882e-06,1.0625181290357943e-13,0.0
3594,1.7106378436437808e-05,1.7106268614952569e-06,1.0930926302998856e-13,0.0
3595,1.7077725715353154e-05,1.7077568372769747e-06,1.5740533876318352e-13,0.0
3596,1.704905844235327e-05,1.7048979543687892e-06,7.910685995149436e-14,0.0
3597,1.7020493032759987e-05,1.7020335008055554e-06,1.5740533876318352e-13,0.0
3598,1.6991907614283264e-05,1.699178255876177e-06,1.2590709724813465e-13,0.0
3599,1.6963422240223736e-05,1.6963332427621935e-06,8.881784197001252e-14,0.0
3600,1.6934929590206593e-05,1.6934790210143547e-06,1.4016912630587797e-13,0.0
3601,1.690646786300931e-05,1.6906332120925072e-06,1.360161983043895e-13,0.0
3602,1.6878075257409364e-05,1.68779786235973e-06,9.675940604303435e-14,0.0
3603,1.6849706298671663e-05,1.6849601252033608e-06,1.0564552704872554e-13,0.0
3604,1.6821335520944558e-05,1.6821173858261318e-06,1.626207848937078e-13,0.0
3605,1.6793026588857174e-05,1.679290107858833e-06,1.2590709724813465e-13,0.0
3606,1.676479041634593e-05,1.6764734027674422e-06,5.640019701269594e-14,0.0
3607,1.6736525140004233e-05,1.6736350971768843e-06,1.7408297026122455e-13,0.0
3608,1.6708312614355236e-05,1.6708160046619014e-06,1.5300261058115439e-13,0.0
3609,1.668014192546252e-05,1.6680082808306906e-06,5.953917914247597e-14,0.0
3610,1.6651989426463842e-05,1.6651860050842515e-06,1.2923342951332017e-13,0.0
3611,1.6623909687041305e-05,1.6623728242848301e-06,1.8194126760739948e-13,0.0
3612,1.6595804481767118e-05,1.6595728311585844e-06,7.650911154621909e-14,0.0
3613,1.6567802958888933e-05,1.6567714737902861e-06,8.716031368871668e-14,0.0
3614,1.653982326388359e-05,1.6539629541512113e-06,1.9241639531708543e-13,0.0
3615,1.651184356887825e-05,1.6511745570824132e-06,9.909087439474717e-14,0.0
3616,1.648389115871396e-05,1.6483811577927554e-06,7.963161380297734e-14,0.0
3617,1.6456013327115215e-05,1.6455860532005318e-06,1.5227489408298212e-13,0.0
3618,1.642811912461184e-05,1.6428001572421636e-06,1.1746159600534156e-13,0.0
3619,1.6400312233599834e-05,1.6400214235545718e-06,9.909087439474717e-14,0.0
3620,1.6372545360354707e-05,1.6372417803722783e-06,1.2789769243681803e-13,0.0
3621,1.6344765754183754e-05,1.6344646383004147e-06,1.1938453697846185e-13,0.0
3622,1.6317080735461786e-05,1.6316978417307837e-06,1.0264011862659572e-13,0.0
3623,1.6289359336951748e-05,1.6289257018797798e-06,1.0204424111259769e-13,0.0
3624,1.6261708879028447e-05,1.626156404199719e-06,1.4509313889243813e-13,0.0
3625,1.623406569706276e-05,1.6233956330324872e-06,1.0930926302998856e-13,0.0
3626,1.620649709366262e-05,1.6206411146413302e-06,8.551839791870464e-14,0.0
3627,1.617894486116711e-05,1.617882162463502e-06,1.2458870740639227e-13,0.0
3628,1.615140718058683e-05,1.6151249155882397e-06,1.5740533876318352e-13,0.0
3629,1.6123922250699252e-05,1.6123842669912847e-06,7.963161380297734e-14,0.0
3630,1.6096464605652727e-05,1.6096370245577418e-06,9.502901937574748e-14,0.0
3631,1.6069065168267116e-05,1.6068920558609534e-06,1.4509313889243813e-13,0.0
3632,1.604169483471196e-05,1.6041565231716959e-06,1.2856469361333112e-13,0.0
3633,1.6014353604987264e-05,1.601428493813728e-06,6.995792833919268e-14,0.0
3634,1.5987012375262566e-05,1.598689095771988e-06,1.2262413306984854e-13,0.0
3635,1.595975481905043e-05,1.5959592474246165e-06,1.626207848937078e-13,0.0
3636,1.593249362485949e-05,1.593242927810934e-06,6.417089082333405e-14,0.0
3637,1.5905266991467215e-05,1.5905163763818564e-06,1.0323773086406973e-13,0.0
3638,1.587812766956631e-05,1.5877940313657746e-06,1.8673951274195133e-13,0.0
3639,1.5850975614739582e-05,1.5850905583647545e-06,6.848775019330233e-14,0.0
3640,1.5823907233425416e-05,1.5823818557691993e-06,8.826359781943793e-14,0.0
3641,1.579680792929139e-05,1.5796639445397886e-06,1.6945125858036647e-13,0.0
3642,1.5769765013828874e-05,1.5769666106280056e-06,9.909087439474717e-14,0.0
3643,1.5742787581984885e-05,1.574270754645113e-06,7.963161380297734e-14,0.0
3644,1.571577558934223e-05,1.5715653489678516e-06,1.2197274440461925e-13,0.0
3645,1.5688827261328697e-05,1.568869492984959e-06,1.3192572034803618e-13,0.0
3646,1.5661966244806536e-05,1.566186028867378e-06,1.0564552704872554e-13,0.0
3647,1.5635079762432724e-05,1.563501314194582e-06,6.751630504675532e-14,0.0
3648,1.5608255125698633e-05,1.5608087551299832e-06,1.6715882150686312e-13,0.0
3649,1.558149597258307e-05,1.5581384786855779e-06,1.1178644815368344e-13,0.0
3650,1.5554700439679436e-05,1.5554649053228786e-06,5.121684326647724e-14,0.0
3651,1.5527954019489698e-05,1.5527774621659773e-06,1.8035573035035668e-13,0.0
3652,1.5501265806960873e-05,1.550114916426537e-06,1.1555426754350506e-13,0.0
3653,1.5474643078050576e-05,1.5474586234631715e-06,5.640019701269594e-14,0.0
3654,1.54479803313734e-05,1.54478516378731e-06,1.2923342951332017e-13,0.0
3655,1.542137579235714e-05,1.5421220496136812e-06,1.5446324774792686e-13,0.0
3656,1.5394809452118352e-05,1.5394742831631447e-06,6.751630504675532e-14,0.0
3657,1.5368295862572268e-05,1.5368199228760204e-06,9.560408020803379e-14,0.0
3658,1.5341802281909622e-05,1.5341641983468435e-06,1.6037518535405582e-13,0.0
3659,1.5315328710130416e-05,1.5315257542170002e-06,7.094672072049946e-14,0.0
3660,1.5288915165001526e-05,1.5288812846847577e-06,1.0264011862659572e-13,0.0
3661,1.5262541637639515e-05,1.5262395436366205e-06,1.4580350815585064e-13,0.0
3662,1.5236172657751013e-05,1.5236103081406327e-06,7.045145716810808e-14,0.0
3663,1.5209855519060511e-05,1.5209747061817325e-06,1.0808107880899698e-13,0.0
3664,1.5183544746832922e-05,1.5183413779595867e-06,1.3125004555414321e-13,0.0
3665,1.5157302186707966e-05,1.5157210100369412e-06,9.217973606645558e-14,0.0
3666,1.513108054496115e-05,1.5130991641854052e-06,8.881784197001252e-14,0.0
3667,1.5104880731087178e-05,1.510475044597115e-06,1.299039001367852e-13,0.0
3668,1.507872457295889e-05,1.507862975813623e-06,9.502901937574748e-14,0.0
3669,1.505260843259748e-05,1.5052521575853461e-06,8.716031368871668e-14,0.0
3670,1.5026533219497651e-05,1.5026399751150166e-06,1.3396315307057094e-13,0.0
3671,1.5000507119111717e-05,1.5000417761257268e-06,8.881784197001252e-14,0.0
3672,1.4974436453485396e-05,1.497434595876257e-06,9.049098276259215e-14,0.0
3673,1.4948453099350445e-05,1.4948317357266205e-06,1.3533011516964066e-13,0.0
3674,1.4922507943992969e-05,1.4922429727448616e-06,7.806255641895632e-14,0.0
3675,1.4896591892465949e-05,1.4896497759764316e-06,9.445569326693715e-14,0.0
3676,1.4870721315674018e-05,1.48705714764219e-06,1.5010215292932116e-13,0.0
3677,1.4844870747765526e-05,1.484480321778392e-06,6.703318455869578e-14,0.0
3678,1.4819032003288157e-05,1.4818931504123611e-06,9.967807829136532e-14,0.0
3679,1.4793289665249176e-05,1.4793129139434313e-06,1.5963012162112378e-13,0.0
3680,1.4767515494895633e-05,1.4767471157028922e-06,4.4694282996804446e-14,0.0
3681,1.4741811355634127e-05,1.4741698350917432e-06,1.1303544905638674e-13,0.0
3682,1.4716139048687182e-05,1.4715968745804275e-06,1.702188737184862e-13,0.0
3683,1.4690466741740238e-05,1.4690415355289588e-06,5.206338832275392e-14,0.0
3684,1.4664838090538979e-05,1.4664763057226082e-06,7.446213784456646e-14,0.0
3685,1.4639266737503931e-05,1.463906073695398e-06,2.0571131603697168e-13,0.0
3686,1.4613716302847024e-05,1.4613656276196707e-06,5.999454405491988e-14,0.0
3687,1.4588214071409311e-05,1.4588160865969257e-06,5.334621633323877e-14,0.0
3688,1.456274821975967e-05,1.4562529031536542e-06,2.19450325966708e-13,0.0
3689,1.4537265997205395e-05,1.453720642530243e-06,5.908554895350804e-14,0.0
3690,1.4511814697470982e-05,1.4511757626678445e-06,5.77350667274601e-14,0.0
3691,1.4486468899121974e-05,1.448627244826639e-06,1.9652335314646052e-13,0.0
3692,1.446110491087893e-05,1.446102260160842e-06,8.281656610487076e-14,0.0
3693,1.4435806406254414e-05,1.4435764796871808e-06,4.159953631566182e-14,0.0
3694,1.4410510630114004e-05,1.4410344419957255e-06,1.663981452626473e-13,0.0
3695,1.4385253052751068e-05,1.4385121858140337e-06,1.3057610548372622e-13,0.0
3696,1.436003549315501e-05,1.4360006161950878e-06,2.936539900133539e-14,0.0
3697,1.4334835213958286e-05,1.4334698335005669e-06,1.360161983043895e-13,0.0
3698,1.4309709513327107e-05,1.4309523521660594e-06,1.8593546841083608e-13,0.0
3699,1.4284630196925718e-05,1.4284607914305525e-06,2.3044934016613894e-14,0.0
3700,1.4259523595683277e-05,1.4259419458539924e-06,1.0383707782501972e-13,0.0
3701,1.4234473383112345e-05,1.4234283298719674e-06,1.899730373011721e-13,0.0
3702,1.4209425899025518e-05,1.4209379060048377e-06,4.62832897007992e-14,0.0
3703,1.4184467545419466e-05,1.418439296685392e-06,7.446213784456646e-14,0.0
3704,1.4159514648781624e-05,1.415935116710898e-06,1.6412652487085566e-13,0.0
3705,1.4134572666080203e-05,1.4134492403172771e-06,8.01581023779363e-14,0.0
3706,1.4109687981544994e-05,1.4109638186710072e-06,4.9960036108132044e-14,0.0
3707,1.4084803297009785e-05,1.4084639587963466e-06,1.6412652487085566e-13,0.0
3708,1.4059978639124893e-05,1.4059874047234189e-06,1.0504097591734762e-13,0.0
3709,1.4035222193342634e-05,1.4035181266081054e-06,4.0843196880135935e-14,0.0
3710,1.4010461200086866e-05,1.4010317954671336e-06,1.4297243944305649e-13,0.0
3711,1.398574204358738e-05,1.398563767907035e-06,1.0504097591734762e-13,0.0
3712,1.3961045624455437e-05,1.3960982414573664e-06,6.323067069935462e-14,0.0
3713,1.3936383766122162e-05,1.3936274854131625e-06,1.0869430355775478e-13,0.0
3714,1.3911782843933906e-05,1.3911674159317045e-06,1.0808107880899698e-13,0.0
3715,1.3887203749618493e-05,1.3887130307921325e-06,7.3449059334596e-14,0.0
3716,1.3862628293281887e-05,1.3862526202501613e-06,1.0145009832207563e-13,0.0
3717,1.3838099221175071e-05,1.3838002814736683e-06,9.618087576379608e-14,0.0
3718,1.381361380481394e-05,1.3813527175443596e-06,8.606396845189934e-14,0.0
3719,1.378914930683095e-05,1.3789057220492396e-06,9.217973606645558e-14,0.0
3720,1.376471573166782e-05,1.3764620234724134e-06,9.560408020803379e-14,0.0
3721,1.3740325812250376e-05,1.3740227586822584e-06,9.8505405221605e-14,0.0
3722,1.3715962268179283e-05,1.37158815505245e-06,8.068632567637124e-14,0.0
3723,1.369168603559956e-05,1.3691585536435014e-06,1.0026701691145945e-13,0.0
3724,1.366736069030594e-05,1.3667264511241228e-06,9.618087576379608e-14,0.0
3725,1.3643107195093762e-05,1.364304239359626e-06,6.464360297053773e-14,0.0
3726,1.3618852790386882e-05,1.3618714547192212e-06,1.3808485604949183e-13,0.0
3727,1.3594683878181968e-05,1.3594622032542247e-06,6.18333509394553e-14,0.0
3728,1.3570504961535335e-05,1.3570411283581052e-06,9.331424521974441e-14,0.0
3729,1.3546403351938352e-05,1.3546285799748148e-06,1.1746159600534156e-13,0.0
3730,1.3522289918910246e-05,1.3522219433070859e-06,7.045145716810808e-14,0.0
3731,1.34982064992073e-05,1.3498130329026026e-06,7.650911154621909e-14,0.0
3732,1.3474177649186458e-05,1.3474045772454701e-06,1.3192572034803618e-13,0.0
3733,1.3450209735310636e-05,1.34501397042186e-06,7.045145716810808e-14,0.0
3734,1.3426207260636147e-05,1.342613927590719e-06,6.800116025829084e-14,0.0
3735,1.3402292097453028e-05,1.3402160448094946e-06,1.3192572034803618e-13,0.0
3736,1.3378391486185137e-05,1.3378316907619592e-06,7.497127918476565e-14,0.0
3737,1.3354511793295387e-05,1.3354446082303184e-06,6.511804984121738e-14,0.0
3738,1.3330678484635428e-05,1.3330538877198705e-06,1.4016912630587797e-13,0.0
3739,1.3306907021615189e-05,1.3306840855875635e-06,6.655179879411222e-14,0.0
3740,1.3283089174365159e-05,1.3283018915899447e-06,6.995792833919268e-14,0.0
3741,1.325936864304822e-05,1.3259239040053217e-06,1.2923342951332017e-13,0.0
3742,1.3235656297183596e-05,1.3235579672254971e-06,7.650911154621909e-14,0.0
3743,1.3211970326665323e-05,1.321192257819348e-06,4.7900051980409586e-14,0.0
3744,1.3188351658754982e-05,1.3188165439714794e-06,1.8673951274195133e-13,0.0
3745,1.3164730262360536e-05,1.3164680012778263e-06,4.9960036108132044e-14,0.0
3746,1.3141147064743564e-05,1.3141093404556159e-06,5.377729511701901e-14,0.0
3747,1.3117602065904066e-05,1.3117428352416027e-06,1.7330668150572492e-13,0.0
3748,1.3094069799990393e-05,1.3094003179503488e-06,6.655179879411222e-14,0.0
3749,1.3070622117083985e-05,1.3070579143459327e-06,4.274705589502048e-14,0.0
3750,1.3047160791757051e-05,1.3047012998868013e-06,1.4866233244426041e-13,0.0
3751,1.3023724932281766e-05,1.3023633300690562e-06,9.161508357502512e-14,0.0
3752,1.3000352737435605e-05,1.3000305898458464e-06,4.668487818548783e-14,0.0
3753,1.2977017831872217e-05,1.2976906873518601e-06,1.1116454978754575e-13,0.0
3754,1.2953694749739952e-05,1.2953585155628389e-06,1.0869430355775478e-13,0.0
3755,1.2930391676491126e-05,1.2930349839734845e-06,4.198030811863873e-14,0.0
3756,1.2907159543829039e-05,1.2907025848107878e-06,1.3396315307057094e-13,0.0
3757,1.2883943782071583e-05,1.2883866702395608e-06,7.702519178032219e-14,0.0
3758,1.286075985262869e-05,1.2860699598604697e-06,5.999454405491988e-14,0.0
3759,1.2837565918744076e-05,1.2837455187764135e-06,1.1116454978754575e-13,0.0
3760,1.2814464753319044e-05,1.2814372212233138e-06,9.2746123281362e-14,0.0
3761,1.2791354492946994e-05,1.27913062897278e-06,4.8308579359002124e-14,0.0
3762,1.2768285159836523e-05,1.2768161923304433e-06,1.232772564585538e-13,0.0
3763,1.2745274034386966e-05,1.2745177855322254e-06,9.618087576379608e-14,0.0
3764,1.272227837034734e-05,1.272224039894354e-06,3.8615811936981714e-14,0.0
3765,1.2699331819021609e-05,1.269919607693737e-06,1.3533011516964066e-13,0.0
3766,1.2676377991738264e-05,1.267630977963563e-06,6.800116025829084e-14,0.0
3767,1.2653451449295972e-05,1.265337118638854e-06,7.963161380297734e-14,0.0
3768,1.2630554920178838e-05,1.263047352040303e-06,8.174797644366905e-14,0.0
3769,1.2607750250026584e-05,1.2607646340256906e-06,1.0383707782501972e-13,0.0
3770,1.2584950127347838e-05,1.258488964595017e-06,6.091047805023564e-14,0.0
3771,1.2562170923047233e-05,1.2562086340039968e-06,8.443246102274315e-14,0.0
3772,1.2539405361167155e-05,1.253931827704946e-06,8.771108839233932e-14,0.0
3773,1.2516705282905605e-05,1.2516622973635094e-06,8.281656610487076e-14,0.0
3774,1.2494014299591072e-05,1.2493936765167746e-06,7.754300673790127e-14,0.0
3775,1.2471376976463944e-05,1.2471299442040618e-06,7.702519178032219e-14,0.0
3776,1.2448745110305026e-05,1.2448648476492963e-06,9.675940604303435e-14,0.0
3777,1.2426177818269935e-05,1.2426112334651407e-06,6.511804984121738e-14,0.0
3778,1.2403606888256036e-05,1.2403526170601253e-06,8.068632567637124e-14,0.0
3779,1.238109416590305e-05,1.2380983207549434e-06,1.1116454978754575e-13,0.0
3780,1.2358605999907013e-05,1.235855620507209e-06,4.9960036108132044e-14,0.0
3781,1.2336147847236134e-05,1.2336064401097246e-06,8.389209465997638e-14,0.0
3782,1.231373789778445e-05,1.231364308296179e-06,9.502901937574748e-14,0.0
3783,1.2291317943891045e-05,1.2291239954720368e-06,7.858384082348735e-14,0.0
3784,1.2268971659068484e-05,1.226891299666022e-06,5.953917914247597e-14,0.0
3785,1.2246633559698239e-05,1.2246509868418798e-06,1.2393211457073505e-13,0.0
3786,1.2224356396473013e-05,1.2224307965880143e-06,4.8308579359002124e-14,0.0
3787,1.2202061952848453e-05,1.2201977597214864e-06,8.443246102274315e-14,0.0
3788,1.2179838449810632e-05,1.2179743862361647e-06,9.445569326693715e-14,0.0
3789,1.2157608580309898e-05,1.2157538549217861e-06,7.045145716810808e-14,0.0
3790,1.2135506040067412e-05,1.2135428733017761e-06,7.754300673790127e-14,0.0
3791,1.2113314369344153e-05,1.2113250704715028e-06,6.369991339960634e-14,0.0
3792,1.2091209100617561e-05,1.2091098824384972e-06,1.0992595722569831e-13,0.0
3793,1.2069142940163147e-05,1.2069081094523426e-06,6.18333509394553e-14,0.0
3794,1.2047094060108066e-05,1.2047030395478942e-06,6.323067069935462e-14,0.0
3795,1.2025055184494704e-05,1.2024943316646386e-06,1.1178644815368344e-13,0.0
3796,1.2003065421595238e-05,1.2002990388282342e-06,7.446213784456646e-14,0.0
3797,1.198112022393616e-05,1.1981072702837992e-06,4.708820139365244e-14,0.0
3798,1.1959222320001572e-05,1.1959109542658553e-06,1.124100812432971e-13,0.0
3799,1.1937320778088178e-05,1.1937250974369817e-06,6.995792833919268e-14,0.0
3800,1.1915444702026434e-05,1.1915379900528933e-06,6.417089082333405e-14,0.0
3801,1.1893649570993148e-05,1.1893555438291514e-06,9.445569326693715e-14,0.0
3802,1.1871849892486352e-05,1.187177417705243e-06,7.548215524844082e-14,0.0
3803,1.1850064765894786e-05,1.185001565318089e-06,4.913083828661513e-14,0.0
3804,1.1828307833638974e-05,1.1828191190943471e-06,1.1682408512792009e-13,0.0
3805,1.1806630936916918e-05,1.1806561133198556e-06,7.045145716810808e-14,0.0
3806,1.1784955859184265e-05,1.1784902653744211e-06,5.248926293610623e-14,0.0
3807,1.1763316251744982e-05,1.1763215752580436e-06,1.0085769025502955e-13,0.0
3808,1.1741709386114962e-05,1.1741642538254382e-06,6.751630504675532e-14,0.0
3809,1.1720124348357785e-05,1.1720055681507802e-06,6.800116025829084e-14,0.0
3810,1.1698567504936364e-05,1.1698479056576616e-06,8.826359781943793e-14,0.0
3811,1.1677051588776521e-05,1.1676985423036967e-06,6.655179879411222e-14,0.0
3812,1.1655573871394154e-05,1.1655494063234073e-06,8.01581023779363e-14,0.0
3813,1.1634121619863436e-05,1.1634053862508154e-06,6.751630504675532e-14,0.0
3814,1.1612686648732051e-05,1.1612609114308725e-06,7.702519178032219e-14,0.0
3815,1.1591318980208598e-05,1.1591243946895702e-06,7.446213784456646e-14,0.0
3816,1.1569959497137461e-05,1.1569877642614301e-06,8.228140391253191e-14,0.0
3817,1.1548618203960359e-05,1.1548570455488516e-06,4.7493259325293025e-14,0.0
3818,1.152733511844417e-05,1.1527215519890888e-06,1.1938453697846185e-13,0.0
3819,1.1506032024044544e-05,1.150599473476177e-06,3.752553823233029e-14,0.0
3820,1.1484804417705163e-05,1.1484711421871907e-06,9.2746123281362e-14,0.0
3821,1.1463601367722731e-05,1.1463504279163317e-06,9.733967104574859e-14,0.0
3822,1.1442398317740299e-05,1.144236534855736e-06,3.2644026370931556e-14,0.0
3823,1.1421275303291623e-05,1.1421168437664164e-06,1.0625181290357943e-13,0.0
3824,1.140015956480056e-05,1.1400076118661673e-06,8.389209465997638e-14,0.0
3825,1.1379078387108166e-05,1.1379038369341288e-06,3.972169815291693e-14,0.0
3826,1.135800721385749e-05,1.1357915354892612e-06,9.217973606645558e-14,0.0
3827,1.1337009709677659e-05,1.1336915122228675e-06,9.502901937574748e-14,0.0
3828,1.1316012205497827e-05,1.1315976280457107e-06,3.574310986076412e-14,0.0
3829,1.1295041076664347e-05,1.1294948762952117e-06,9.161508357502512e-14,0.0
3830,1.127412269852357e-05,1.127403038481134e-06,9.217973606645558e-14,0.0
3831,1.1253215234319214e-05,1.1253176808168064e-06,3.8250652645288596e-14,0.0
3832,1.1232342330913525e-05,1.12322527456854e-06,8.993153444158963e-14,0.0
3833,1.1211495802854188e-05,1.1211398032173747e-06,9.8505405221605e-14,0.0
3834,1.1190698387508746e-05,1.1190674058525474e-06,2.4772718598686794e-14,0.0
3835,1.1169920981046744e-05,1.116980342885654e-06,1.1746159600534156e-13,0.0
3836,1.1149182682856917e-05,1.1149096508233924e-06,8.661127370857002e-14,0.0
3837,1.1128476216981653e-05,1.1128453252240433e-06,2.2482883610397408e-14,0.0
3838,1.1107773389085196e-05,1.1107650834674132e-06,1.2262413306984854e-13,0.0
3839,1.1087095117545687e-05,1.1087022357969545e-06,7.244291971852945e-14,0.0
3840,1.1066502338508144e-05,1.1066452998420573e-06,4.871884146107064e-14,0.0
3841,1.104587772715604e-05,1.1045817700505722e-06,6.045164369083977e-14,0.0
3842,1.1025324056390673e-05,1.1025205139958416e-06,1.1874182193061245e-13,0.0
3843,1.1004780390067026e-05,1.1004740372300148e-06,4.0467629247586956e-14,0.0
3844,1.098429402190959e-05,1.098424263545894e-06,5.206338832275392e-14,0.0
3845,1.0963832210109103e-05,1.0963696013277513e-06,1.360161983043895e-13,0.0
3846,1.0943374036287423e-05,1.0943340384983458e-06,3.3661441689591953e-14,0.0
3847,1.0922967703663744e-05,1.0922898354692734e-06,6.89760748517898e-14,0.0
3848,1.0902592293859925e-05,1.0902507483478985e-06,8.443246102274315e-14,0.0
3849,1.0882232345466036e-05,1.0882176866289228e-06,5.508093980921558e-14,0.0
3850,1.0861910595849622e-05,1.0861840564757586e-06,6.995792833919268e-14,0.0
3851,1.0841617950063664e-05,1.084153836927726e-06,7.910685995149436e-14,0.0
3852,1.0821338946698233e-05,1.0821280511663645e-06,5.81834927460001e-14,0.0
3853,1.0801129974424839e-05,1.0801082908074022e-06,4.7493259325293025e-14,0.0
3854,1.078091827366734e-05,1.0780796628750977e-06,1.2197274440461925e-13,0.0
3855,1.0760774785012472e-05,1.0760734312498244e-06,4.0843196880135935e-14,0.0
3856,1.0740606740000658e-05,1.0740562856881297e-06,4.3520742565306136e-14,0.0
3857,1.0720531463448424e-05,1.0720374348238693e-06,1.5740533876318352e-13,0.0
3858,1.0700443453970365e-05,1.070042571882368e-06,1.848868280696081e-14,0.0
3859,1.0680355444492307e-05,1.068029291673156e-06,6.276316272257887e-14,0.0
3860,1.0660347470548004e-05,1.0660215821189922e-06,1.3192572034803618e-13,0.0
3861,1.0640366781444754e-05,1.0640331993272412e-06,3.434839218607877e-14,0.0
3862,1.0620396096783224e-05,1.0620352668411215e-06,4.391018798566293e-14,0.0
3863,1.0600470886856783e-05,1.0600325595078175e-06,1.4509313889243813e-13,0.0
3864,1.0580566595308483e-05,1.0580538400972728e-06,2.7791137446886438e-14,0.0
3865,1.0560675946180709e-05,1.056062501447741e-06,5.0796172823552865e-14,0.0
3866,1.0540877156017814e-05,1.0540750281506917e-06,1.265688942542198e-13,0.0
3867,1.0521059266466182e-05,1.0521016520215198e-06,4.313303186842532e-14,0.0
3868,1.0501269571250305e-05,1.0501238421056769e-06,3.098302864268376e-14,0.0
3869,1.0481504432391375e-05,1.0481361414349522e-06,1.4297243944305649e-13,0.0
3870,1.0461774763825815e-05,1.0461726560606621e-06,4.8308579359002124e-14,0.0
3871,1.04420678326278e-05,1.0442043958391878e-06,2.3613923316734287e-14,0.0
3872,1.0422469131299295e-05,1.0422315881442046e-06,1.5300261058115439e-13,0.0
3873,1.0402804946352262e-05,1.0402762882222305e-06,4.198030811863873e-14,0.0
3874,1.0383213520981371e-05,1.0383182598161511e-06,3.098302864268376e-14,0.0
3875,1.0363640285504516e-05,1.0363507954025408e-06,1.3192572034803618e-13,0.0
3876,1.0344073416490573e-05,1.0344034535592073e-06,3.935133469079588e-14,0.0
3877,1.0324554750695825e-05,1.0324508821213385e-06,4.588343593958655e-14,0.0
3878,1.0305085197614972e-05,1.030497401188768e-06,1.1054438614488404e-13,0.0
3879,1.0285632924933452e-05,1.0285590406056144e-06,4.313303186842532e-14,0.0
3880,1.0266198842145968e-05,1.0266154504279257e-06,4.4694282996804446e-14,0.0
3881,1.0246855708828662e-05,1.0246737929264782e-06,1.1746159600534156e-13,0.0
3882,1.0227450729871634e-05,1.022742253553588e-06,2.7791137446886438e-14,0.0
3883,1.0208123057964258e-05,1.0208053708993248e-06,6.946613423375325e-14,0.0
3884,1.0188817213929724e-05,1.0188733767790836e-06,8.389209465997638e-14,0.0
3885,1.0169535016757436e-05,1.0169494544243207e-06,4.0093796338513954e-14,0.0
3886,1.0150286470889114e-05,1.015021780403913e-06,6.946613423375325e-14,0.0
3887,1.0131089766218793e-05,1.0131010412806063e-06,7.910685995149436e-14,0.0
3888,1.0111885785590857e-05,1.0111855317518348e-06,3.098302864268376e-14,0.0
3889,1.0092730008182116e-05,1.0092636557601509e-06,9.331424521974441e-14,0.0
3890,1.0073604244098533e-05,1.0073546263811295e-06,5.81834927460001e-14,0.0
3891,1.0054506674350705e-05,1.0054465064968099e-06,4.159953631566182e-14,0.0
3892,1.0035450031864457e-05,1.003535658128385e-06,9.331424521974441e-14,0.0
3893,1.0016367923526559e-05,1.0016326541517628e-06,4.0843196880135935e-14,0.0
3894,9.997364031733014e-06,9.997297638619784e-07,6.655179879411222e-14,0.0
3895,9.978385605791118e-06,9.97831762106216e-07,6.848775019330233e-14,0.0
3896,9.959429007722065e-06,9.959386488844757e-07,4.274705589502048e-14,0.0
3897,9.940488780557644e-06,9.94042011370766e-07,6.848775019330233e-14,0.0
3898,9.921610399032943e-06,9.92152422440995e-07,8.661127370857002e-14,0.0
3899,9.90275111689698e-06,9.902728379529435e-07,2.3044934016613894e-14,0.0
3900,9.88393003353849e-06,9.883846132652252e-07,8.335346302068558e-14,0.0
3901,9.86512350209523e-06,9.865040055956342e-07,8.335346302068558e-14,0.0
3902,9.846367902355269e-06,9.84633288680925e-07,3.434839218607877e-14,0.0
3903,9.827617759583518e-06,9.827577969190315e-07,4.0093796338513954e-14,0.0
3904,9.808898539631628e-06,9.80875825007388e-07,1.4016912630587797e-13,0.0
3905,9.790213880478404e-06,9.79019318947394e-07,2.0838365755171395e-14,0.0
3906,9.771540135261603e-06,9.77149738901062e-07,4.236281464509162e-14,0.0
3907,9.7529173217481e-06,9.752776577443e-07,1.4086735250495863e-13,0.0
3908,9.734329978527967e-06,9.734311561260256e-07,1.7985612998927536e-14,0.0
3909,9.715716259961482e-06,9.71566691987391e-07,4.95445698356356e-14,0.0
3910,9.697193490865175e-06,9.697060932012391e-07,1.3260312986540512e-13,0.0
3911,9.678687092673499e-06,9.678673222879297e-07,1.3770234952303895e-14,0.0
3912,9.660175237513613e-06,9.660105888542603e-07,6.946613423375325e-14,0.0
3913,9.641720680519938e-06,9.641616998123936e-07,1.0323773086406973e-13,0.0
3914,9.62329977483023e-06,9.623280448067817e-07,1.951563910473908e-14,0.0
3915,9.604912520444486e-06,9.604839306120994e-07,7.395473122784324e-14,0.0
3916,9.586512533132918e-06,9.586448186382768e-07,6.417089082333405e-14,0.0
3917,9.568187124386895e-06,9.568129826220684e-07,5.77350667274601e-14,0.0
3918,9.549848982715048e-06,9.549809192321845e-07,4.0093796338513954e-14,0.0
3919,9.531563591735903e-06,9.531489695291384e-07,7.395473122784324e-14,0.0
3920,9.513324584986549e-06,9.513267400507175e-07,5.77350667274601e-14,0.0
3921,9.49510376813123e-06,9.495069548393076e-07,3.434839218607877e-14,0.0
3922,9.476910236116964e-06,9.476814284425927e-07,9.560408020803379e-14,0.0
3923,9.458721251576208e-06,9.45868521284865e-07,3.645087703896266e-14,0.0
3924,9.440570465812925e-06,9.440519193049113e-07,5.121684326647724e-14,0.0
3925,9.42247424973175e-06,9.422395237379533e-07,7.910685995149436e-14,0.0
3926,9.404385309608188e-06,9.404353136233112e-07,3.164222356355495e-14,0.0
3927,9.386323654325679e-06,9.386249075760134e-07,7.497127918476565e-14,0.0
3928,9.36830838327296e-06,9.368256428388122e-07,5.206338832275392e-14,0.0
3929,9.350315849587787e-06,9.350262644147733e-07,5.334621633323877e-14,0.0
3930,9.332324225397315e-06,9.332273407380853e-07,5.121684326647724e-14,0.0
3931,9.314390808867756e-06,9.314334192822571e-07,5.640019701269594e-14,0.0
3932,9.296475582232233e-06,9.296411462855758e-07,6.417089082333405e-14,0.0
3933,9.278613106289413e-06,9.278575134885614e-07,3.8615811936981714e-14,0.0
3934,9.260750630346593e-06,9.260692763746192e-07,5.863365348801608e-14,0.0
3935,9.242935448128264e-06,9.242862688552123e-07,7.294512216482474e-14,0.0
3936,9.22513754630927e-06,9.225109351973515e-07,2.841563789823809e-14,0.0
3937,9.207366929331329e-06,9.207295192936726e-07,7.144371899636681e-14,0.0
3938,9.189595402858686e-06,9.189525371766649e-07,6.995792833919268e-14,0.0
3939,9.171903002425097e-06,9.171869805868482e-07,3.2308357378330044e-14,0.0
3940,9.15421151148621e-06,9.154168765235227e-07,4.274705589502048e-14,0.0
3941,9.13658004719764e-06,9.136464313996839e-07,1.1555426754350506e-13,0.0
3942,9.118925845541526e-06,9.118914476857753e-07,1.1470858984896637e-14,0.0
3943,9.101323485083412e-06,9.101244700104871e-07,7.910685995149436e-14,0.0
3944,9.083738405024633e-06,9.083664167519601e-07,7.497127918476565e-14,0.0
3945,9.066208804142661e-06,9.066187658390845e-07,2.057035097813298e-14,0.0
3946,9.048681931744795e-06,9.048598030858557e-07,8.335346302068558e-14,0.0
3947,9.031204172060825e-06,9.031159606820438e-07,4.43013681294957e-14,0.0
3948,9.013715498440433e-06,9.013671160573722e-07,4.43013681294957e-14,0.0
3949,8.996286851470359e-06,8.996211136036436e-07,7.548215524844082e-14,0.0
3950,8.978882760857232e-06,8.978852861218911e-07,3.000724668744681e-14,0.0
3951,8.961507774074562e-06,8.961457069744938e-07,5.121684326647724e-14,0.0
3952,8.944174624048173e-06,8.944081173467566e-07,9.331424521974441e-14,0.0
3953,8.92686421138933e-06,8.926843406698026e-07,2.0838365755171395e-14,0.0
3954,8.909567441151012e-06,8.909523216971138e-07,4.4694282996804446e-14,0.0
3955,8.892293408280239e-06,8.892184268916026e-07,1.0869430355775478e-13,0.0
3956,8.875060302671045e-06,8.87503858848504e-07,2.1652818427142506e-14,0.0
3957,8.857853572408203e-06,8.857816737872781e-07,3.752553823233029e-14,0.0
3958,8.840695954859257e-06,8.840577834234864e-07,1.1810084160623902e-13,0.0
3959,8.823533789836802e-06,8.823518555800547e-07,1.5112910922709943e-14,0.0
3960,8.806380719761364e-06,8.806334790278925e-07,4.508893258758917e-14,0.0
3961,8.7893167801667e-06,8.7892010469659e-07,1.1555426754350506e-13,0.0
3962,8.772255569056142e-06,8.77224920259323e-07,5.975255013002112e-15,0.0
3963,8.75518253451446e-06,8.755087606004963e-07,9.502901937574748e-14,0.0
3964,8.738164069654886e-06,8.738097676541656e-07,6.655179879411222e-14,0.0
3965,8.721181984583382e-06,8.721167432668153e-07,1.4433766681865023e-14,0.0
3966,8.704245374246966e-06,8.704166134521074e-07,7.910685995149436e-14,0.0
3967,8.687278750585392e-06,8.687210311109084e-07,6.848775019330233e-14,0.0
3968,8.670397619425785e-06,8.670384090692096e-07,1.3770234952303895e-14,0.0
3969,8.65353831613902e-06,8.653440772832255e-07,9.733967104574859e-14,0.0
3970,8.636684469820466e-06,8.636644110993075e-07,4.0467629247586956e-14,0.0
3971,8.619874279247597e-06,8.61984517541714e-07,2.936539900133539e-14,0.0
3972,8.603088645031676e-06,8.603006449448003e-07,8.174797644366905e-14,0.0
3973,8.586304829805158e-06,8.586268904764438e-07,3.645087703896266e-14,0.0
3974,8.569569217797834e-06,8.56952851790993e-07,4.0843196880135935e-14,0.0
3975,8.552839972253423e-06,8.552783015147725e-07,5.728837543239607e-14,0.0
3976,8.536187124263961e-06,8.536123914382188e-07,6.276316272257887e-14,0.0
3977,8.519520633853972e-06,8.519500624970533e-07,2.030407092457054e-14,0.0
3978,8.502887794747949e-06,8.502817649969074e-07,6.995792833919268e-14,0.0
3979,8.48625768412603e-06,8.486190949952288e-07,6.655179879411222e-14,0.0
3980,8.469702152069658e-06,8.469687031720241e-07,1.5574347367319774e-14,0.0
3981,8.4531538959709e-06,8.453080226900056e-07,7.3449059334596e-14,0.0
3982,8.436654752586037e-06,8.436583129878272e-07,7.144371899636681e-14,0.0
3983,8.420164704148192e-06,8.420153676524933e-07,1.1272233146897292e-14,0.0
3984,8.403699212067295e-06,8.403620768149267e-07,7.806255641895632e-14,0.0
3985,8.387252819375135e-06,8.387186767322419e-07,6.655179879411222e-14,0.0
3986,8.370871910301503e-06,8.370861337425595e-07,1.1272233146897292e-14,0.0
3987,8.354477358807344e-06,8.354386409337167e-07,9.105216580707065e-14,0.0
3988,8.338131010532379e-06,8.33808257993951e-07,4.8308579359002124e-14,0.0
3989,8.321781024278607e-06,8.321763971252949e-07,1.748948208479817e-14,0.0
3990,8.30550015962217e-06,8.305403298436431e-07,9.618087576379608e-14,0.0
3991,8.289215656986926e-06,8.289186439469631e-07,2.936539900133539e-14,0.0
3992,8.27298208605498e-06,8.272944000964344e-07,3.8250652645288596e-14,0.0
3993,8.256752153101843e-06,8.256688488472719e-07,6.323067069935462e-14,0.0
3994,8.240530405601021e-06,8.240500619649538e-07,3.000724668744681e-14,0.0
3995,8.22439596959157e-06,8.224329235417827e-07,6.607214775300463e-14,0.0
3996,8.208265171560925e-06,8.20822549485456e-07,4.0093796338513954e-14,0.0
3997,8.19213983049849e-06,8.192112659344275e-07,2.7481489306424578e-14,0.0
3998,8.176049050234724e-06,8.175963444045919e-07,8.551839791870464e-14,0.0
3999,8.159983735822607e-06,8.159962590070791e-07,2.110811525568579e-14,0.0
4000,8.143958439177368e-06,8.143913987623819e-07,4.43013681294957e-14,0.0
4001,8.127966793836094e-06,8.127875616992242e-07,9.105216580707065e-14,0.0
4002,8.111987881420646e-06,8.111982765512948e-07,5.690760362941916e-15,0.0
4003,8.096018973446917e-06,8.095927341855713e-07,9.217973606645558e-14,0.0
4004,8.080100997176487e-06,8.080045859060192e-07,5.551895748689972e-14,0.0
4005,8.06421030574711e-06,8.064204735092062e-07,5.551115123125783e-15,0.0
4006,8.048370546021033e-06,8.04824594524689e-07,1.2458870740639227e-13,0.0
4007,8.032516234379727e-06,8.032484970499354e-07,3.098302864268376e-14,0.0
4008,8.016708306968212e-06,8.016698984647519e-07,9.201840678318973e-15,0.0
4009,8.000911293493118e-06,8.00075952156476e-07,1.5154891230828582e-13,0.0
4010,7.985149750311393e-06,7.985139518495998e-07,1.0305124809040223e-14,0.0
4011,7.969406397023704e-06,7.969383091221971e-07,2.3901020052008448e-14,0.0
4012,7.953705789986998e-06,7.953560157147876e-07,1.4509313889243813e-13,0.0
4013,7.93802519183373e-06,7.93802371390484e-07,2.168404344971009e-15,0.0
4014,7.922336408228148e-06,7.922278655314585e-07,5.77350667274601e-14,0.0
4015,7.906724931672215e-06,7.906627956799639e-07,9.733967104574859e-14,0.0
4016,7.891122550063301e-06,7.891115956226713e-07,6.716849298982197e-15,0.0
4017,7.875522896938492e-06,7.875481742303236e-07,4.122049923616089e-14,0.0
4018,7.860001460358035e-06,7.859861739234475e-07,1.4016912630587797e-13,0.0
4019,7.844488209229894e-06,7.844487868169381e-07,2.8102520310824275e-16,0.0
4020,7.828976777091157e-06,7.828872412574128e-07,1.0504097591734762e-13,0.0
4021,7.813484444341157e-06,7.813416686985875e-07,6.848775019330233e-14,0.0
4022,7.798065780662e-06,7.798063847985759e-07,1.835337437583462e-15,0.0
4023,7.782618013152387e-06,7.782516604493139e-07,1.0085769025502955e-13,0.0
4024,7.767220267851371e-06,7.767162060190458e-07,5.81834927460001e-14,0.0
4025,7.751887096674182e-06,7.751884254503238e-07,2.4364191220094256e-15,0.0
4026,7.736531188129447e-06,7.736417728665401e-07,1.1366255159295235e-13,0.0
4027,7.721205292909872e-06,7.721162660345726e-07,4.313303186842532e-14,0.0
4028,7.705949428782333e-06,7.705945108682499e-07,4.496403249731884e-15,0.0
4029,7.690674465266056e-06,7.690538836868654e-07,1.3533011516964066e-13,0.0
4030,7.67545043345308e-06,7.675440656385035e-07,9.930424538229232e-15,0.0
4031,7.660217306693085e-06,7.660172514079022e-07,4.43013681294957e-14,0.0
4032,7.64503602113109e-06,7.644970310138888e-07,6.511804984121738e-14,0.0
4033,7.629882929904852e-06,7.629857350366365e-07,2.5362524580518908e-14,0.0
4034,7.6147371146362275e-06,7.614707442371582e-07,2.936539900133539e-14,0.0
4035,7.599626769660972e-06,7.599534228575067e-07,9.2746123281362e-14,0.0
4036,7.584583272546297e-06,7.584577588204411e-07,5.975255013002112e-15,0.0
4037,7.569520221295534e-06,7.569443596366909e-07,7.702519178032219e-14,0.0
4038,7.5544853643805254e-06,7.554441481261165e-07,4.391018798566293e-14,0.0
4039,7.539490979979746e-06,7.539480293417e-07,1.068676397375512e-14,0.0
4040,7.524546163040213e-06,7.524428156102658e-07,1.1810084160623902e-13,0.0
4041,7.509575880249031e-06,7.509567581109877e-07,7.993605777301127e-15,0.0
4042,7.494632427551551e-06,7.494599003621261e-07,3.332056852656251e-14,0.0
4043,7.479764917661669e-06,7.479649752895057e-07,1.1492196083651152e-13,0.0
4044,7.464892860298278e-06,7.464890359187848e-07,2.168404344971009e-15,0.0
4045,7.4500385380815715e-06,7.449975782947149e-07,6.276316272257887e-14,0.0
4046,7.435192401317181e-06,7.435124302901386e-07,6.800116025829084e-14,0.0
4047,7.420438578265021e-06,7.420431415994244e-07,7.18262255228197e-15,0.0
4048,7.4056551966350526e-06,7.405581641251047e-07,7.3449059334596e-14,0.0
4049,7.390896371362032e-06,7.390856922029343e-07,3.972169815291693e-14,0.0
4050,7.376191661023768e-06,7.376175972240162e-07,1.5807667674838655e-14,0.0
4051,7.361494681390468e-06,7.361413167927822e-07,8.121628369828215e-14,0.0
4052,7.346821803366765e-06,7.346796451201953e-07,2.566002965664893e-14,0.0
4053,7.332164841500344e-06,7.332144491556392e-07,2.030407092457054e-14,0.0
4054,7.317581548704766e-06,7.317491395042452e-07,8.993153444158963e-14,0.0
4055,7.302982794499258e-06,7.302971312128648e-07,1.1272233146897292e-14,0.0
4056,7.288420874829171e-06,7.288370511560061e-07,5.0377237104104466e-14,0.0
4057,7.2738921517157e-06,7.273837923094106e-07,5.421010862427522e-14,0.0
4058,7.259373887791298e-06,7.259364451783767e-07,9.745676488037702e-15,0.0
4059,7.244891548907617e-06,7.244805715345137e-07,8.606396845189934e-14,0.0
4060,7.230411938508041e-06,7.230389655887848e-07,2.220446049250313e-14,0.0
4061,7.215980531327659e-06,7.215950859063014e-07,2.936539900133539e-14,0.0
4062,7.201559128588997e-06,7.201495009212522e-07,6.417089082333405e-14,0.0
4063,7.187178653111914e-06,7.187164783317712e-07,1.3989677472014961e-14,0.0
4064,7.1728263719705865e-06,7.172773166530533e-07,5.334621633323877e-14,0.0
4065,7.158470907597803e-06,7.158417361097236e-07,5.377729511701901e-14,0.0
4066,7.144180926843546e-06,7.144171831896529e-07,9.02403152203135e-15,0.0
4067,7.129874120437307e-06,7.129802384042705e-07,7.194245199571014e-14,0.0
4068,7.115622793207876e-06,7.115575613170222e-07,4.708820139365244e-14,0.0
4069,7.101412393240025e-06,7.101411938492674e-07,6.800116025829084e-16,0.0
4070,7.087237008818192e-06,7.087059543664509e-07,1.772054725179828e-13,0.0
4071,7.07301069269306e-06,7.073010124258872e-07,5.421010862427522e-16,0.0
4072,7.058836217765929e-06,7.058790174596652e-07,4.588343593958655e-14,0.0
4073,7.0447199504997116e-06,7.044632752695179e-07,8.716031368871668e-14,0.0
4074,7.03062733009574e-06,7.030625965853687e-07,1.3877787807814457e-15,0.0
4075,7.0165187935344875e-06,7.016439553808596e-07,7.910685995149436e-14,0.0
4076,7.002458460192429e-06,7.002417419244011e-07,4.0843196880135935e-14,0.0
4077,6.988430868659634e-06,6.988420864217915e-07,9.930424538229232e-15,0.0
4078,6.974409188842401e-06,6.974335633458395e-07,7.3449059334596e-14,0.0
4079,6.960426162549993e-06,6.960388532206707e-07,3.7887228077071455e-14,0.0
4080,6.946479970793007e-06,6.94647383170377e-07,5.8321403262340255e-15,0.0
4081,6.932539690751582e-06,6.932426117600698e-07,1.1366255159295235e-13,0.0
4082,6.918633516761474e-06,6.918625672369672e-07,7.664008316865534e-15,0.0
4083,6.904731890244875e-06,6.90470471909066e-07,2.7481489306424578e-14,0.0
4084,6.890907570777927e-06,6.890820145599719e-07,8.716031368871668e-14,0.0
4085,6.877058240206679e-06,6.877048690512311e-07,9.562663161322149e-15,0.0
4086,6.86323846821324e-06,6.863205612717138e-07,3.2644026370931556e-14,0.0
4087,6.849473265901906e-06,6.849394367236528e-07,7.858384082348735e-14,0.0
4088,6.835711246822029e-06,6.835707608843222e-07,3.4425587380759737e-15,0.0
4089,6.821966053394135e-06,6.821907163612195e-07,5.908554895350804e-14,0.0
4090,6.8082299549132586e-06,6.808172656747047e-07,5.728837543239607e-14,0.0
4091,6.7945843511552084e-06,6.794579689994862e-07,4.6221707017402025e-15,0.0
4092,6.780900093872333e-06,6.780827561669867e-07,7.244291971852945e-14,0.0
4093,6.767246759409318e-06,6.767213562852703e-07,3.332056852656251e-14,0.0
4094,6.7536539063439704e-06,6.753641059731308e-07,1.2909812108219398e-14,0.0
4095,6.7400555963104125e-06,6.739997502336337e-07,5.81834927460001e-14,0.0
4096,6.726492756570224e-06,6.726444325977354e-07,4.8308579359002124e-14,0.0
4097,6.71296857035486e-06,6.712966751365457e-07,1.6037518535405582e-15,0.0
4098,6.6994539338338654e-06,6.699333425785881e-07,1.206751712445886e-13,0.0
4099,6.685941571049625e-06,6.685934295092011e-07,7.501811671861702e-15,0.0
4100,6.672481049463386e-06,6.672452741440793e-07,2.8102520310824275e-14,0.0
4101,6.659050086454954e-06,6.658967208750255e-07,8.281656610487076e-14,0.0
4102,6.6456423155614175e-06,6.645641406066716e-07,8.881784197001252e-16,0.0
4103,6.6322527345619164e-06,6.632153599639423e-07,9.909087439474717e-14,0.0
4104,6.618865882046521e-06,6.618851671191806e-07,1.3989677472014961e-14,0.0
4105,6.605510407098336e-06,6.605486646549252e-07,2.3613923316734287e-14,0.0
4106,6.592207682842854e-06,6.592140380234923e-07,6.751630504675532e-14,0.0
4107,6.578917236765847e-06,6.578908937626693e-07,8.330142131640628e-15,0.0
4108,6.565645435330225e-06,6.565595072061114e-07,5.0377237104104466e-14,0.0
4109,6.552383183588972e-06,6.552339755216963e-07,4.313303186842532e-14,0.0
4110,6.539161404361948e-06,6.539150376738689e-07,1.0880185641326534e-14,0.0
4111,6.525980552396504e-06,6.525927460643288e-07,5.334621633323877e-14,0.0
4112,6.512798790936358e-06,6.5127687776112e-07,3.000724668744681e-14,0.0
4113,6.499642950075213e-06,6.499622031697072e-07,2.110811525568579e-14,0.0
4114,6.486523489002138e-06,6.48646903300687e-07,5.464465685500741e-14,0.0
4115,6.473416760854889e-06,6.473406415352656e-07,1.0305124809040223e-14,0.0
4116,6.460333679569885e-06,6.46026705908298e-07,6.655179879411222e-14,0.0
4117,6.4472869780729525e-06,6.447276064136531e-07,1.1075342032373925e-14,0.0
4118,6.434261194954161e-06,6.434215151784883e-07,4.588343593958655e-14,0.0
4119,6.421240868803579e-06,6.421207672246965e-07,3.332056852656251e-14,0.0
4120,6.4082632889039814e-06,6.408241119970626e-07,2.2482883610397408e-14,0.0
4121,6.395297532435507e-06,6.395267178049835e-07,3.0330772615716484e-14,0.0
4122,6.382359515555436e-06,6.382317110364966e-07,4.236281464509162e-14,0.0
4123,6.369442417053506e-06,6.369421612362203e-07,2.110811525568579e-14,0.0
4124,6.356568064802559e-06,6.356535209306458e-07,3.2644026370931556e-14,0.0
4125,6.343688710330753e-06,6.343655627460976e-07,3.2981430087009045e-14,0.0
4126,6.330842552415561e-06,6.330820951916394e-07,2.192777209808483e-14,0.0
4127,6.31805323791923e-06,6.317993666016264e-07,5.953917914247597e-14,0.0
4128,6.305263013928197e-06,6.305259603323066e-07,3.778227730677486e-15,0.0
4129,6.292491889325902e-06,6.292418106568221e-07,7.3449059334596e-14,0.0
4130,6.279743502091151e-06,6.279723834268225e-07,1.951563910473908e-14,0.0
4131,6.2670233091921546e-06,6.267003982429742e-07,1.899869150889799e-14,0.0
4132,6.254328127397457e-06,6.254276172512618e-07,5.1639248432877594e-14,0.0
4133,6.241630217118654e-06,6.241608616619487e-07,2.192777209808483e-14,0.0
4134,6.228995061974274e-06,6.228973461475107e-07,2.137959947967616e-14,0.0
4135,6.216379460965982e-06,6.216330348252086e-07,4.913083828661513e-14,0.0
4136,6.203762950462988e-06,6.203750331224001e-07,1.2699043205888216e-14,0.0
4137,6.191197371663293e-06,6.191147008394182e-07,5.0377237104104466e-14,0.0
4138,6.178619514685124e-06,6.17860223428579e-07,1.748948208479817e-14,0.0
4139,6.166086222947342e-06,6.166051775835513e-07,3.434839218607877e-14,0.0
4140,6.153576578071807e-06,6.153543381515192e-07,3.2981430087009045e-14,0.0
4141,6.141101039247587e-06,6.141085009403469e-07,1.6042722705833512e-14,0.0
4142,6.12863686910714e-06,6.128590825937863e-07,4.588343593958655e-14,0.0
4143,6.116192707850132e-06,6.116167696745833e-07,2.5066754227864863e-14,0.0
4144,6.103789019107353e-06,6.103771283960668e-07,1.7736680180124864e-14,0.0
4145,6.091380328143714e-06,6.091324848966906e-07,5.551895748689972e-14,0.0
4146,6.079019385651918e-06,6.079010859139089e-07,8.847957089219705e-15,0.0
4147,6.066662081138929e-06,6.066612741051358e-07,4.95445698356356e-14,0.0
4148,6.054351615603082e-06,6.054327172932972e-07,2.4772718598686794e-14,0.0
4149,6.042036147846375e-06,6.042021709617984e-07,1.4433766681865023e-14,0.0
4150,6.029773885529721e-06,6.029719656908128e-07,5.421010862427522e-14,0.0
4151,6.017517534928629e-06,6.017498890287243e-07,1.848868280696081e-14,0.0
4152,6.005269824527204e-06,6.00525254412787e-07,1.748948208479817e-14,0.0
4153,5.99308441451285e-06,5.993024387862533e-07,5.999454405491988e-14,0.0
4154,5.980878995615058e-06,5.980869559607527e-07,9.381384558082573e-15,0.0
4155,5.968705409031827e-06,5.968678919998638e-07,2.656295322589486e-14,0.0
4156,5.9565791161730886e-06,5.956527502348763e-07,5.206338832275392e-14,0.0
4157,5.944461918261368e-06,5.944451118011784e-07,1.068676397375512e-14,0.0
4158,5.93235154155991e-06,5.932315048085002e-07,3.645087703896266e-14,0.0
4159,5.920288913330296e-06,5.920259695813002e-07,2.9047077243493646e-14,0.0
4160,5.908260391151998e-06,5.908242997065827e-07,1.724401871294745e-14,0.0
4161,5.896204584132647e-06,5.896167181163037e-07,3.7165583111065104e-14,0.0
4162,5.884214715479175e-06,5.884186862203933e-07,2.7791137446886438e-14,0.0
4163,5.8722393987409305e-06,5.872224733138864e-07,1.4433766681865023e-14,0.0
4164,5.860278179170564e-06,5.860222245246405e-07,5.5958709888059843e-14,0.0
4165,5.848346518178005e-06,5.848338560099364e-07,7.993605777301127e-15,0.0
4166,5.836441232531797e-06,5.836405989612103e-07,3.539182835687882e-14,0.0
4167,5.824533673148835e-06,5.824494451189821e-07,3.898270595215081e-14,0.0
4168,5.812688868900295e-06,5.812680115013791e-07,8.501012394024343e-15,0.0
4169,5.800837698188843e-06,5.800789040222298e-07,4.871884146107064e-14,0.0
4170,5.789016086055199e-06,5.788999146716378e-07,1.6758296139673945e-14,0.0
4171,5.777212209068239e-06,5.777181399935216e-07,3.098302864268376e-14,0.0
4172,5.765434252680279e-06,5.765411970060086e-07,2.220446049250313e-14,0.0
4173,5.753674486186355e-06,5.753650498263596e-07,2.4189851510758587e-14,0.0
4174,5.74196519664838e-06,5.741931659031252e-07,3.3661441689591953e-14,0.0
4175,5.730248176405439e-06,5.730228735956189e-07,1.951563910473908e-14,0.0
4176,5.71855252928799e-06,5.718525244446937e-07,2.7173575889438695e-14,0.0
4177,5.706892807211261e-06,5.706868364541151e-07,2.4772718598686794e-14,0.0
4178,5.69525764149148e-06,5.695235358871287e-07,2.220446049250313e-14,0.0
4179,5.683639756171033e-06,5.683596100425348e-07,4.3520742565306136e-14,0.0
4180,5.672046881954884e-06,5.672044380844454e-07,2.345346139520643e-15,0.0
4181,5.660488568537403e-06,5.660393753714743e-07,9.445569326693715e-14,0.0
4182,5.648936166835483e-06,5.648935257340781e-07,1.0026701691145945e-15,0.0
4183,5.637375124933897e-06,5.637337494590611e-07,3.7887228077071455e-14,0.0
4184,5.625874564429978e-06,5.62582556540292e-07,4.913083828661513e-14,0.0
4185,5.6144008340197615e-06,5.614400038211897e-07,1.0625181290357943e-15,0.0
4186,5.602943019766826e-06,5.602867076959228e-07,7.599476603559197e-14,0.0
4187,5.591481567535084e-06,5.591473382082768e-07,8.330142131640628e-15,0.0
4188,5.580064225796377e-06,5.580045012720802e-07,1.899869150889799e-14,0.0
4189,5.568681899603689e-06,5.568609822148574e-07,7.244291971852945e-14,0.0
4190,5.5573291319888085e-06,5.557328677241458e-07,3.131175874138137e-16,0.0
4191,5.545967724174261e-06,5.545883823288023e-07,8.389209465997638e-14,0.0
4192,5.534620413527591e-06,5.534596425604832e-07,2.3901020052008448e-14,0.0
4193,5.523326763068326e-06,5.523326649381488e-07,8.673617379884035e-19,0.0
4194,5.5120813158282544e-06,5.511920448952878e-07,1.6112198381046383e-13,0.0
4195,5.500828592630569e-06,5.500822339854494e-07,6.5650609948342264e-15,0.0
4196,5.489522209245479e-06,5.489446266437881e-07,7.599476603559197e-14,0.0
4197,5.478303137351759e-06,5.478266871250526e-07,3.645087703896266e-14,0.0
4198,5.467135451908689e-06,5.467135224535014e-07,1.951563910473908e-16,0.0
4199,5.455984592117602e-06,5.455847826851823e-07,1.367040161626143e-13,0.0
4200,5.444804628496058e-06,5.444804287435545e-07,5.863365348801608e-16,0.0
4201,5.433660135167884e-06,5.433606133919966e-07,5.421010862427522e-14,0.0
4202,5.422525646281429e-06,5.422498361440375e-07,2.7173575889438695e-14,0.0
4203,5.4114475460664835e-06,5.411443453340326e-07,4.250072516143177e-15,0.0
4204,5.400402642408153e-06,5.400315217229945e-07,8.716031368871668e-14,0.0
4205,5.389377292885911e-06,5.38937683813856e-07,2.5066754227864863e-16,0.0
4206,5.37832693225937e-06,5.378241780817916e-07,8.497456210898591e-14,0.0
4207,5.367312041926198e-06,5.367306243897474e-07,5.975255013002112e-15,0.0
4208,5.356322617444675e-06,5.356302494874399e-07,2.0039525594484076e-14,0.0
4209,5.34537275598268e-06,5.345324325389811e-07,4.871884146107064e-14,0.0
4210,5.3344451771408785e-06,5.334439947546343e-07,4.87890977618477e-15,0.0
4211,5.323523964761989e-06,5.323491905073752e-07,3.2308357378330044e-14,0.0
4212,5.3126282182347495e-06,5.312595021678135e-07,3.332056852656251e-14,0.0
4213,5.301738383423071e-06,5.301732812768023e-07,5.4132046067856265e-15,0.0
4214,5.290913122735219e-06,5.290849003358744e-07,6.417089082333405e-14,0.0
4215,5.280081950331805e-06,5.280081154523941e-07,8.335346302068558e-16,0.0
4216,5.269272151053883e-06,5.269214966574509e-07,5.728837543239607e-14,0.0
4217,5.25847190147033e-06,5.25845791798929e-07,1.3989677472014961e-14,0.0
4218,5.247712579148356e-06,5.247698595667316e-07,1.3989677472014961e-14,0.0
4219,5.236973265709821e-06,5.236925630924816e-07,4.7900051980409586e-14,0.0
4220,5.226237135502743e-06,5.226233952271286e-07,3.3341385208274232e-15,0.0
4221,5.215526925894665e-06,5.215484861764708e-07,4.236281464509162e-14,0.0
4222,5.2048530960746575e-06,5.204830131333438e-07,2.3044934016613894e-14,0.0
4223,5.194204277358949e-06,5.194196432967146e-07,7.664008316865534e-15,0.0
4224,5.183555913390592e-06,5.183505891181994e-07,4.9960036108132044e-14,0.0
4225,5.1729384722420946e-06,5.172929036234564e-07,9.381384558082573e-15,0.0
4226,5.162349225429352e-06,5.162335128261475e-07,1.4210854715202004e-14,0.0
4227,5.151772711542435e-06,5.151713935447333e-07,5.863365348801608e-14,0.0
4228,5.141229394212132e-06,5.141229166838457e-07,5.863365348801608e-16,0.0
4229,5.13069153385004e-06,5.130634121996991e-07,5.728837543239607e-14,0.0
4230,5.12017004439258e-06,5.12015958520351e-07,1.0495077029659683e-14,0.0
4231,5.109685844217893e-06,5.109673679726257e-07,1.2077144839750531e-14,0.0
4232,5.099226655147504e-06,5.099153099763498e-07,7.3449059334596e-14,0.0
4233,5.088812031317502e-06,5.088808734399208e-07,3.0192862099376327e-15,0.0
4234,5.078379217593465e-06,5.078264280200528e-07,1.1492196083651152e-13,0.0
4235,5.067936399427708e-06,5.067936399427708e-07,8.673617379884035e-17,0.0
4236,5.057540420239093e-06,5.057502789895807e-07,3.752553823233029e-14,0.0
4237,5.047175363870338e-06,5.047147055847745e-07,2.8102520310824275e-14,0.0
4238,5.036830771132372e-06,5.036825996285188e-07,4.6221707017402025e-15,0.0
4239,5.026529379392741e-06,5.02646855693456e-07,6.091047805023564e-14,0.0
4240,5.0162188927060924e-06,5.016218551645579e-07,3.131175874138137e-16,0.0
4241,5.0059247769240756e-06,5.005865091334272e-07,5.953917914247597e-14,0.0
4242,4.995669769414235e-06,4.995656013306871e-07,1.3552527156068805e-14,0.0
4243,4.9854256758408155e-06,4.985421355740982e-07,4.010680676458378e-15,0.0
4244,4.975213869329309e-06,4.97513099162461e-07,8.281656610487076e-14,0.0
4245,4.965027983416803e-06,4.96502764235629e-07,5.863365348801608e-16,0.0
4246,4.954836185788736e-06,4.954763426212594e-07,7.294512216482474e-14,0.0
4247,4.944676675222581e-06,4.944671445628046e-07,5.009881398621019e-15,0.0
4248,4.934532626066357e-06,4.934505568598979e-07,2.7173575889438695e-14,0.0
4249,4.924419954477344e-06,4.924404493067414e-07,1.534276178327687e-14,0.0
4250,4.9143231990456115e-06,4.914303985970037e-07,1.9256297945080547e-14,0.0
4251,4.904259185423143e-06,4.904228489976958e-07,3.098302864268376e-14,0.0
4252,4.894186531601008e-06,4.894183689430065e-07,2.5292268279741847e-15,0.0
4253,4.884169811703032e-06,4.884105351266044e-07,6.464360297053773e-14,0.0
4254,4.8741421778686345e-06,4.874140699939744e-07,1.3877787807814457e-15,0.0
4255,4.864145921601448e-06,4.864104994339868e-07,4.0843196880135935e-14,0.0
4256,4.854171947954455e-06,4.854161943512736e-07,9.930424538229232e-15,0.0
4257,4.844209342991235e-06,4.844185923502664e-07,2.3044934016613894e-14,0.0
4258,4.834282208321383e-06,4.834265041608887e-07,1.724401871294745e-14,0.0
4259,4.824366897082655e-06,4.824348707188619e-07,1.7985612998927536e-14,0.0
4260,4.8144747779588215e-06,4.814447720491444e-07,2.7481489306424578e-14,0.0
4261,4.804603122465778e-06,4.804596756002866e-07,6.266688556966216e-15,0.0
4262,4.794746928382665e-06,4.79471225389716e-07,3.434839218607877e-14,0.0
4263,4.784922566614114e-06,4.784906195709482e-07,1.6518036938251157e-14,0.0
4264,4.775108209287282e-06,4.775102979692747e-07,5.551115123125783e-15,0.0
4265,4.765327503264416e-06,4.7652582679802435e-07,6.89760748517898e-14,0.0
4266,4.755574082082603e-06,4.755574138926022e-07,1.249000902703301e-16,0.0
4267,4.745806108985562e-06,4.7457515961468744e-07,5.464465685500741e-14,0.0
4268,4.736051778309047e-06,4.7360401822515996e-07,1.1873314831323256e-14,0.0
4269,4.726348834083183e-06,4.726340137040097e-07,8.501012394024343e-15,0.0
4270,4.7166568037937395e-06,4.716616217592673e-07,4.0467629247586956e-14,0.0
4271,4.70697705168277e-06,4.706969036760711e-07,8.330142131640628e-15,0.0
4272,4.6973314056231175e-06,4.697320150626183e-07,1.1272233146897292e-14,0.0
4273,4.687705768446904e-06,4.6876539272489026e-07,5.206338832275392e-14,0.0
4274,4.678092409449164e-06,4.678092295762326e-07,1.700029006457271e-16,0.0
4275,4.668499514082214e-06,4.668450515055156e-07,4.913083828661513e-14,0.0
4276,4.658928901335457e-06,4.65892128431733e-07,7.664008316865534e-15,0.0
4277,4.649365564546315e-06,4.6493411787196237e-07,2.4772718598686794e-14,0.0
4278,4.639849521481665e-06,4.6398415065596055e-07,8.330142131640628e-15,0.0
4279,4.6303380258905236e-06,4.6302983491841587e-07,3.935133469079588e-14,0.0
4280,4.620838808477856e-06,4.6208378989831544e-07,1.0026701691145945e-15,0.0
4281,4.611372332874453e-06,4.611313784153026e-07,5.863365348801608e-14,0.0
4282,4.601908131007804e-06,4.601905914114468e-07,2.2560078805078376e-15,0.0
4283,4.592484401655383e-06,4.592461380070745e-07,2.3044934016613894e-14,0.0
4284,4.583031113725156e-06,4.583001214086835e-07,3.000724668744681e-14,0.0
4285,4.573657861328684e-06,4.573656156026118e-07,1.835337437583462e-15,0.0
4286,4.564284154184861e-06,4.5642406121260137e-07,4.3520742565306136e-14,0.0
4287,4.554919087240705e-06,4.5549100491371064e-07,9.201840678318973e-15,0.0
4288,4.545601314021042e-06,4.5455900021806883e-07,1.1470858984896637e-14,0.0
4289,4.53629490948515e-06,4.5362523337644234e-07,4.274705589502048e-14,0.0
4290,4.526987595454557e-06,4.5269877091413946e-07,4.2500725161431774e-17,0.0
4291,4.517726210906403e-06,4.517627019140491e-07,9.909087439474717e-14,0.0
4292,4.508491656451952e-06,4.5084794919603155e-07,1.2282709571653783e-14,0.0
4293,4.499261194723658e-06,4.499115107137186e-07,1.4580350815585064e-13,0.0
4294,4.490025730774505e-06,4.4900207285536453e-07,5.009881398621019e-15,0.0
4295,4.480801180761773e-06,4.4807512722400133e-07,4.9960036108132044e-14,0.0
4296,4.471602551348042e-06,4.471587828902557e-07,1.4433766681865023e-14,0.0
4297,4.46244985141675e-06,4.4624459860642673e-07,4.129509234562789e-15,0.0
4298,4.453293513506651e-06,4.453245594504551e-07,4.7900051980409586e-14,0.0
4299,4.4441749196266755e-06,4.4441725322030834e-07,2.345346139520643e-15,0.0
4300,4.435083610587753e-06,4.435053142515244e-07,3.0656033267462135e-14,0.0
4301,4.425989573064726e-06,4.4259778064770217e-07,1.1873314831323256e-14,0.0
4302,4.416910542204278e-06,4.416902186221705e-07,8.330142131640628e-15,0.0
4303,4.407870164868655e-06,4.407832818742463e-07,3.7165583111065104e-14,0.0
4304,4.398832516017137e-06,4.3988302422803827e-07,2.345346139520643e-15,0.0
4305,4.389825335238129e-06,4.3897867385567224e-07,3.8615811936981714e-14,0.0
4306,4.38082815890084e-06,4.3808239524878445e-07,3.8935868418299435e-15,0.0
4307,4.3718791857827455e-06,4.37184752399844e-07,3.197442310920451e-14,0.0
4308,4.3629274841805454e-06,4.362923959888576e-07,3.552713678800501e-15,0.0
4309,4.35398851550417e-06,4.35394412079404e-07,4.4694282996804446e-14,0.0
4310,4.345090928836726e-06,4.3450910425235634e-07,7.025630077706069e-17,0.0
4311,4.336198799137492e-06,4.336140193572646e-07,5.863365348801608e-14,0.0
4312,4.327308943175012e-06,4.3273084315842425e-07,4.996003610813204e-16,0.0
4313,4.318445917306235e-06,4.3184155629205634e-07,3.0656033267462135e-14,0.0
4314,4.309608812036458e-06,4.3095940327475546e-07,1.4433766681865023e-14,0.0
4315,4.300774889998138e-06,4.3007656813642825e-07,9.02403152203135e-15,0.0
4316,4.291981895221397e-06,4.2919600673485547e-07,2.1652818427142506e-14,0.0
4317,4.283197995391674e-06,4.2831857172132004e-07,1.2490009027033011e-14,0.0
4318,4.27443910666625e-06,4.2744247252812784e-07,1.465841337200402e-14,0.0
4319,4.26570795752923e-06,4.2656938603613526e-07,1.4210854715202004e-14,0.0
4320,4.256970896676648e-06,4.2569581637508236e-07,1.2699043205888216e-14,0.0
4321,4.248274308338296e-06,4.248253446803574e-07,2.0838365755171395e-14,0.0
4322,4.239573172526434e-06,4.2395689092700195e-07,4.010680676458378e-15,0.0
4323,4.230912963976152e-06,4.230869024013373e-07,4.43013681294957e-14,0.0
4324,4.222246843710309e-06,4.222245877372188e-07,1.0026701691145945e-15,0.0
4325,4.213603915559361e-06,4.2135721400882176e-07,3.197442310920451e-14,0.0
4326,4.205000095680589e-06,4.20499304709665e-07,6.8703723266061445e-15,0.0
4327,4.1964062802435365e-06,4.196390079869161e-07,1.6279512460304346e-14,0.0
4328,4.187826107227011e-06,4.187811271094688e-07,1.5112910922709943e-14,0.0
4329,4.179261395620415e-06,4.17924866269459e-07,1.2699043205888216e-14,0.0
4330,4.17071760239196e-06,4.1707028231030563e-07,1.5112910922709943e-14,0.0
4331,4.1621924538048916e-06,4.1621774471423123e-07,1.4884794785618993e-14,0.0
4332,4.153695499553578e-06,4.1536839034961304e-07,1.1272233146897292e-14,0.0
4333,4.1452058212598786e-06,4.14518979141576e-07,1.5807667674838655e-14,0.0
4334,4.136740699323127e-06,4.1367277958670456e-07,1.2909812108219398e-14,0.0
4335,4.12829331253306e-06,4.12828484286365e-07,8.847957089219705e-15,0.0
4336,4.119860932405572e-06,4.1198256894858787e-07,3.539182835687882e-14,0.0
4337,4.111460384592647e-06,4.111460327749228e-07,1.249000902703301e-16,0.0
4338,4.103072569705546e-06,4.1029943531611934e-07,7.806255641895632e-14,0.0
4339,4.094696123502217e-06,4.094692087619478e-07,4.250072516143177e-15,0.0
4340,4.086334683961468e-06,4.0862465766622336e-07,8.826359781943793e-14,0.0
4341,4.077997346030315e-06,4.077994333329116e-07,3.0192862099376327e-15,0.0
4342,4.069675014761742e-06,4.069610497481335e-07,6.464360297053773e-14,0.0
4343,4.0613626879348885e-06,4.061361664753349e-07,7.294512216482474e-16,0.0
4344,4.053054908581544e-06,4.053040072449221e-07,1.4884794785618993e-14,0.0
4345,4.044801244162954e-06,4.0447554283673526e-07,4.588343593958655e-14,0.0
4346,4.036590780742699e-06,4.036577934130037e-07,1.2909812108219398e-14,0.0
4347,4.0284312490257435e-06,4.0282188251694606e-07,2.1252530985060858e-13,0.0
4348,4.020285814476665e-06,4.0201888396040886e-07,9.675940604303435e-14,0.0
4349,4.012087174487533e-06,4.011787382296461e-07,2.998851167390626e-13,0.0
4350,4.003858066425892e-06,4.0037915027824056e-07,6.655179879411222e-14,0.0
4351,3.995638508058619e-06,3.995512258825329e-07,1.265688942542198e-13,0.0
4352,3.987422132922802e-06,3.9874211665846815e-07,9.445569326693715e-16,0.0
4353,3.97930534745683e-06,3.9793053474568296e-07,1.951563910473908e-16,0.0
4354,3.9712708712613676e-06,3.971118474055402e-07,1.5227489408298212e-13,0.0
4355,3.963283688790398e-06,3.9631788695260184e-07,1.0504097591734762e-13,0.0
4356,3.955301053792937e-06,3.954892520141584e-07,4.0817696445039076e-13,0.0
4357,3.9472715798183344e-06,3.947084223909769e-07,1.8754529179654256e-13,0.0
4358,3.939188900403678e-06,3.938814643333899e-07,3.743958268409564e-13,0.0
4359,3.931088031094987e-06,3.930988725642237e-07,9.909087439474717e-14,0.0
4360,3.923028998542577e-06,3.922839084680163e-07,1.899730373011721e-13,0.0
4361,3.914979515684536e-06,3.9149705344243557e-07,9.201840678318973e-15,0.0
4362,3.9069659578672145e-06,3.9069345803000033e-07,3.131175874138137e-14,0.0
4363,3.899020157405175e-06,3.8989870176919794e-07,3.332056852656251e-14,0.0
4364,3.891121650667628e-06,3.891116477916512e-07,4.87890977618477e-15,0.0
4365,3.883227236656239e-06,3.883110650804156e-07,1.1618830897397459e-13,0.0
4366,3.87534282708657e-06,3.8753262288082624e-07,1.6758296139673945e-14,0.0
4367,3.867440682370216e-06,3.8673354652019043e-07,1.0504097591734762e-13,0.0
4368,3.859576736431336e-06,3.8595720752709894e-07,4.6221707017402025e-15,0.0
4369,3.851710971503053e-06,3.851661460885225e-07,4.95445698356356e-14,0.0
4370,3.8438697629317176e-06,3.843866807073937e-07,3.0192862099376327e-15,0.0
4371,3.836057203443488e-06,3.8360451526386896e-07,1.2490009027033011e-14,0.0
4372,3.828259195870487e-06,3.828237140623969e-07,2.2482883610397408e-14,0.0
4373,3.82049938707496e-06,3.820499046014447e-07,4.198030811863873e-16,0.0
4374,3.812745944742346e-06,3.8126972867758013e-07,4.871884146107064e-14,0.0
4375,3.8050131934141973e-06,3.8050123407629144e-07,1.0026701691145945e-15,0.0
4376,3.7973188682371983e-06,3.7972469613123394e-07,7.194245199571014e-14,0.0
4377,3.789597712966497e-06,3.7895893001405057e-07,8.330142131640628e-15,0.0
4378,3.781949089898262e-06,3.7818116993548756e-07,1.3739356874431508e-13,0.0
4379,3.7743241136922734e-06,3.7742677250207635e-07,5.640019701269594e-14,0.0
4380,3.7666945900127757e-06,3.766461702525703e-07,2.327339709840004e-13,0.0
4381,3.7590416468447074e-06,3.7589754242617346e-07,6.607214775300463e-14,0.0
4382,3.7514073483180255e-06,3.7512276662710065e-07,1.7956556380704924e-13,0.0
4383,3.7437612263602205e-06,3.7437354194480577e-07,2.595926945625493e-14,0.0
4384,3.7361526210588636e-06,3.736045073310379e-07,1.0746958878371515e-13,0.0
4385,3.728591309481999e-06,3.728579827111389e-07,1.1470858984896637e-14,0.0
4386,3.721033408510266e-06,3.720933818840422e-07,9.967807829136532e-14,0.0
4387,3.713492560564191e-06,3.713481930844864e-07,1.068676397375512e-14,0.0
4388,3.7059724036225816e-06,3.7058796920064196e-07,9.2746123281362e-14,0.0
4389,3.6984642974857707e-06,3.698455941503198e-07,8.330142131640628e-15,0.0
4390,3.690974835990346e-06,3.6908929246237676e-07,8.174797644366905e-14,0.0
4391,3.68351788893051e-06,3.683510954033409e-07,7.025630077706069e-15,0.0
4392,3.676070946312393e-06,3.675984885376238e-07,8.606396845189934e-14,0.0
4393,3.6686280964204343e-06,3.668619683594443e-07,8.501012394024343e-15,0.0
4394,3.661211167127476e-06,3.661116920739005e-07,9.445569326693715e-14,0.0
4395,3.6538303902489133e-06,3.653815383586334e-07,1.5112910922709943e-14,0.0
4396,3.6464709864958422e-06,3.6463484320847783e-07,1.2262413306984854e-13,0.0
4397,3.639094074969762e-06,3.6390665059116145e-07,2.7481489306424578e-14,0.0
4398,3.6317539979791036e-06,3.6316095020083594e-07,1.443845043525016e-13,0.0
4399,3.6244362036086386e-06,3.6243946510694514e-07,4.159953631566182e-14,0.0
4400,3.617164338720613e-06,3.616956121277326e-07,2.082535532910157e-13,0.0
4401,3.6098954296903685e-06,3.609787881941884e-07,1.0746958878371515e-13,0.0
4402,3.602691776904976e-06,3.6023286043018743e-07,3.630854297775876e-13,0.0
4403,3.5955076782556716e-06,3.5952749044554366e-07,2.327339709840004e-13,0.0
4404,3.588354275052552e-06,3.587778110158979e-07,5.761233504153473e-13,0.0
4405,3.581216560633038e-06,3.580821328341699e-07,3.9519169187096637e-13,0.0
4406,3.5740783914661733e-06,3.573305491499923e-07,7.72937269744034e-13,0.0
4407,3.5669274893734837e-06,3.56641322696305e-07,5.142587744533245e-13,0.0
4408,3.5597588521341095e-06,3.558908758805046e-07,8.501012394024343e-13,0.0
4409,3.5525554267223924e-06,3.552058274181036e-07,4.970407765925167e-13,0.0
4410,3.5453458622214384e-06,3.5445972912384605e-07,7.485687417152498e-13,0.0
4411,3.5381517591304146e-06,3.53774481709479e-07,4.0698781150760865e-13,0.0
4412,3.531013817337225e-06,3.530351193603565e-07,6.625568149676297e-13,0.0
4413,3.523905661495519e-06,3.523526572735136e-07,3.7896855792363127e-13,0.0
4414,3.516822971505462e-06,3.5161664868610387e-07,6.565060994834226e-13,0.0
4415,3.5097725685773185e-06,3.5093702877020405e-07,4.0224854697124e-13,0.0
4416,3.5027985632041236e-06,3.50202583376813e-07,7.72937269744034e-13,0.0
4417,3.495877990644658e-06,3.495286193810898e-07,5.91780097147776e-13,0.0
4418,3.4890863389591686e-06,3.4879212762461975e-07,1.1651105427668007e-12,0.0
4419,3.482372449070681e-06,3.481311523501063e-07,1.0609881029299828e-12,0.0
4420,3.4756981222017203e-06,3.473859351288411e-07,1.8387513733841843e-12,0.0
4421,3.4690792745095678e-06,3.467396254563937e-07,1.6830712171178597e-12,0.0
4422,3.462605036474997e-06,3.459900028701668e-07,2.7050896245217615e-12,0.0
4423,3.456329977780115e-06,3.453578756307252e-07,2.7512376057914345e-12,0.0
4424,3.450369149504695e-06,3.44595093793032e-07,4.418383194038089e-12,0.0
4425,3.444740514169098e-06,3.439856186560064e-07,4.884225836276901e-12,0.0
4426,3.4394497561152093e-06,3.432044195506023e-07,7.40560737733098e-12,0.0
4427,3.4346103348070756e-06,3.426226555802714e-07,8.383815343349088e-12,0.0
4428,3.430488277444965e-06,3.418160474666365e-07,1.232772564585538e-11,0.0
4429,3.4274628433195176e-06,3.4127182857446314e-07,1.4744393206367334e-11,0.0
4430,3.4260551728948485e-06,3.404327912903682e-07,2.172743235329122e-11,0.0
4431,3.427207502681995e-06,3.3993916304098093e-07,2.781591623701729e-11,0.0
4432,3.4318284178880276e-06,3.390473466424737e-07,4.1354961122230804e-11,0.0
4433,3.4411571050441125e-06,3.386323896847898e-07,5.483322129684609e-11,0.0
4434,3.457750608504284e-06,3.37664459948428e-07,8.110603855193688e-11,0.0
4435,3.4855158901336836e-06,3.373642414317146e-07,1.118735729055409e-10,0.0
4436,3.5297002796141896e-06,3.362839890996838e-07,1.6686035886337436e-10,0.0
4437,3.5979032873001415e-06,3.361620883879368e-07,2.3628238254858047e-10,0.0
4438,3.703061338455882e-06,3.349213102410431e-07,3.538482007403587e-10,0.0
4439,3.865459802909754e-06,3.350843371663359e-07,5.146162940228294e-10,0.0
4440,4.115418050787412e-06,3.336196812142589e-07,7.792210765522611e-10,0.0
4441,4.501541297941003e-06,3.342513252846402e-07,1.1590277626538636e-09,0.0
4442,5.1001343308598734e-06,3.325020259126177e-07,1.775114055746485e-09,0.0
4443,6.031683369656093e-06,3.3394459819646727e-07,2.6922373219662177e-09,0.0
4444,7.493679731851444e-06,3.3190420367645856e-07,4.1746375245566014e-09,0.0
4445,9.800556654226966e-06,3.348497159549879e-07,6.452058887163048e-09,0.0
4446,1.346975113847293e-05,3.327724016344291e-07,1.0142027662141118e-08,0.0
4447,1.9338565834914334e-05,3.3865430282276066e-07,1.5952021925613735e-08,0.0
4448,2.8806949558202177e-05,3.377340362931136e-07,2.5429608641047707e-08,0.0
4449,4.4159220124129206e-05,3.49726406057016e-07,4.0661955580389986e-08,0.0
4450,6.924759509274736e-05,3.543123625604494e-07,6.570447652620715e-08,0.0
4451,0.0001103526446968317,3.7946043107695004e-07,1.0655804061343588e-07,0.0
4452,0.00017829763237386942,4.0436475501337554e-07,1.7425398368686729e-07,0.0
4453,0.0002905029396060854,4.5766796574753243e-07,2.859262338006374e-07,0.0
4454,0.0004772293323185295,5.532363616111979e-07,4.716969499440893e-07,0.0
4455,0.0007852737326174974,6.589376084775722e-07,7.786843525536824e-07,0.0
4456,0.001295145251788199,9.98581981548341e-07,1.2851593282903195e-06,0.0
4457,0.002116308081895113,1.1440573643994867e-06,2.1048674625490094e-06,0.0
4458,0.0034213063772767782,2.316449126738007e-06,3.3981418710027356e-06,0.0
4459,0.0053435335867106915,2.0985419268981786e-06,5.322548076946987e-06,0.0
4460,0.007983158342540264,5.859287284692982e-06,7.924564670247491e-06,0.0
4461,0.01086296048015356,3.000089463967015e-06,1.0832959560502786e-05,0.0
4462,0.013048559427261353,1.2541787327791099e-05,1.2923142094223294e-05,0.0
4463,0.012602482922375202,1.7363114466206753e-06,1.2585119293362368e-05,0.0
4464,0.008927312679588795,1.5655170500394888e-05,8.77076126926113e-06,0.0
4465,0.0035582727286964655,1.3558264981838875e-06,3.5447144455247326e-06,0.0
4466,0.00025163087411783636,6.871423920529196e-06,1.8291663650416012e-07,0.0
4467,0.000950256478972733,7.722856935288291e-06,8.730278864277352e-07,0.0
4468,0.0038135198410600424,8.479016742057865e-07,3.8050409330026014e-06,0.0
4469,0.005255898926407099,7.84713301982265e-06,5.177427738090046e-06,0.0
4470,0.003613934386521578,1.1618772077781614e-06,3.602315700845793e-06,0.0
4471,0.000900557788554579,1.3640789120472618e-06,8.86917007392185e-07,0.0
4472,5.8658675698097795e-05,7.228737786135753e-07,5.142993941831264e-08,0.0
4473,0.0014541875571012497,2.5716135496622883e-06,1.4284713643064606e-06,0.0
4474,0.00277923047542572,9.008923598230467e-07,2.7702214993041707e-06,0.0
4475,0.0022052619606256485,4.095060376130277e-06,2.164311581509537e-06,0.0
4476,0.0006076977588236332,9.398859219800215e-07,5.982989250696846e-07,0.0
4477,3.8810780097264796e-05,1.1710842500178842e-06,2.7099934740704157e-08,0.0
4478,0.0008843627874739468,2.0110360310354736e-06,8.642524562674225e-07,0.0
4479,0.0015899036079645157,1.4287184058048297e-06,1.5756164657432237e-06,0.0
4480,0.0010729964124038815,1.3996993857290363e-06,1.0589994872134412e-06,0.0
4481,0.00016927480464801192,1.431703140042373e-06,1.5495777461183025e-07,0.0
4482,0.0001309674553340301,1.6568986893616966e-06,1.1439846048233449e-07,0.0
4483,0.0007519196951761842,1.1613079777816893e-06,7.403066319966456e-07,0.0
4484,0.0009123373311012983,2.7562671220948687e-06,8.847746926221589e-07,0.0
4485,0.0003832171205431223,1.2115781373722712e-06,3.7110135053808335e-07,0.0
4486,1.499596874054987e-05,1.4271539612309425e-06,7.244291833075067e-10,0.0
4487,0.0002646523353178054,1.607978902029572e-06,2.4857254743437807e-07,0.0
4488,0.0005829841829836369,1.2492275800468633e-06,5.704918635274225e-07,0.0
4489,0.0004287465999368578,1.3083712246952928e-06,4.156628961027309e-07,0.0
4490,7.748165808152407e-05,1.215239763041609e-06,6.532926022373431e-08,0.0
4491,5.518295074580237e-05,1.2685844694715342e-06,4.249710272574703e-08,0.0
4492,0.0002973809896502644,1.1032291240553604e-06,2.8634869408961094e-07,0.0
4493,0.0003579725744202733,1.6644792140141362e-06,3.413277624986222e-07,0.0
4494,0.0001515196927357465,1.1021230648111668e-06,1.4049847152364237e-07,0.0
4495,1.1864016414619982e-05,1.1748768429242773e-06,1.1524785292760242e-10,0.0
4496,0.00011205607006559148,1.2514964282672736e-06,9.954110424814644e-08,0.0
4497,0.00023368638358078897,1.1042280902984203e-06,2.2264410404204682e-07,0.0
4498,0.00016935571329668164,1.1320873909426155e-06,1.5803485098331294e-07,0.0
4499,3.3863794669741765e-05,1.082055973711249e-06,2.3043236652142696e-08,0.0
4500,2.9520731914089993e-05,1.100265649256471e-06,1.851807418518092e-08,0.0
4501,0.0001239857083419338,1.0269135373164318e-06,1.1371656682968023e-07,0.0
4502,0.00014337801258079708,1.2328974889896926e-06,1.3104903473504237e-07,0.0
4503,6.121856858953834e-05,1.0042186886494164e-06,5.117638224305665e-08,0.0
4504,1.019725368678337e-05,1.0192038644163404e-06,5.214842446754631e-12,0.0
4505,5.1612012612167746e-05,1.0424407719256124e-06,4.118760443816427e-08,0.0
4506,9.741434041643515e-05,9.642009217714076e-07,8.777232807233304e-08,0.0
4507,7.087356061674654e-05,9.67589926403889e-07,6.119766737811005e-08,0.0
4508,1.8255079339724034e-05,9.320006029156502e-07,8.93507312582642e-09,0.0
4509,1.6290619896608405e-05,9.281997677135223e-07,7.008622571191836e-09,0.0
4510,5.285498627927154e-05,8.937381039686443e-07,4.3917605552223904e-08,0.0
4511,6.211229629116133e-05,9.62772674029111e-07,5.248456957929193e-08,0.0
4512,3.129813921987079e-05,8.674273317410552e-07,2.2623865447712888e-08,0.0
4513,8.8154793047579e-06,8.676133234075678e-07,1.3934654818914538e-10,0.0
4514,2.2005355276633054e-05,8.646419473734568e-07,1.3358934403129297e-08,0.0
4515,4.16382281400729e-05,8.29657437861897e-07,3.334165299406777e-08,0.0
4516,3.5114586353302e-05,8.249323855125112e-07,2.686526023865099e-08,0.0
4517,1.4062494301469997e-05,8.044545438679052e-07,6.017949694125946e-09,0.0
4518,8.971497663878836e-06,7.919578024484508e-07,1.051919551464664e-09,0.0
4519,2.1907748305238783e-05,7.731066489213845e-07,1.4176680274147202e-08,0.0
4520,2.90660718746949e-05,7.956603553793684e-07,2.1109467951418992e-08,0.0
4521,1.9592476746765897e-05,7.492805593756202e-07,1.20996723751432e-08,0.0
4522,8.399491889576893e-06,7.471803655789699e-07,9.276881485220656e-10,0.0
4523,1.0060728527605534e-05,7.348932626882743e-07,2.7117954548572243e-09,0.0
4524,1.8438458937453106e-05,7.155149432946928e-07,1.1283310286103188e-08,0.0
4525,1.934061583597213e-05,7.110490969353123e-07,1.2230125356893495e-08,0.0
4526,1.1818226994364522e-05,6.962447969272034e-07,4.855778890089368e-09,0.0
4527,6.858546839794144e-06,6.835640533608967e-07,2.2906433694291906e-11,0.0
4528,9.893400601868052e-06,6.728811854372907e-07,3.164588813220348e-09,0.0
4529,1.4444135558733251e-05,6.750420880052843e-07,7.693714998424639e-09,0.0
4530,1.3284779015521053e-05,6.534456815643352e-07,6.7503225231746455e-09,0.0
4531,8.382426130992826e-06,6.497685376416484e-07,1.884740807867047e-09,0.0
4532,6.4241280597343575e-06,6.366628895193571e-07,5.749928658205228e-11,0.0
4533,8.891844117897563e-06,6.262156375669292e-07,2.629688022892651e-09,0.0
4534,1.1112160791526549e-05,6.204585361047066e-07,4.9075747909910206e-09,0.0
4535,9.697075256553944e-06,6.113876338531554e-07,3.5831988487444733e-09,0.0
4536,6.777328508178471e-06,6.013112852087943e-07,7.642155241960324e-10,0.0
4537,6.093599040468689e-06,5.939455149928108e-07,1.5414368392807631e-10,0.0
4538,7.759886102576274e-06,5.896674224459275e-07,1.8632120291073306e-09,0.0
4539,8.821480150800198e-06,5.788053840660723e-07,3.0334268430465272e-09,0.0
4540,7.703418305027299e-06,5.748904072788719e-07,1.9545136620280346e-09,0.0
4541,5.983697064948501e-06,5.648141154779296e-07,3.3555586087530287e-10,0.0
4542,5.732014415116282e-06,5.580174615715805e-07,1.518397907407376e-10,0.0
4543,6.750666670995997e-06,5.520770400835318e-07,1.2298966289847613e-09,0.0
4544,7.277762506419094e-06,5.464145260702935e-07,1.8136174784189052e-09,0.0
4545,6.534733529406367e-06,5.3903079333395e-07,1.1444256653447837e-09,0.0
4546,5.513511950994143e-06,5.340018560673343e-07,1.7349355285745105e-10,0.0
4547,5.378989953896962e-06,5.283436053105106e-07,9.555378710501827e-11,0.0
4548,5.972848612145754e-06,5.218589649302885e-07,7.542587665554379e-10,0.0
4549,6.269577625062084e-06,5.185764280213334e-07,1.0838133723822807e-09,0.0
4550,5.819384114147397e-06,5.113187171446043e-07,7.061965456856001e-10,0.0
4551,5.188254363019951e-06,5.068585551271099e-07,1.196686083559939e-10,0.0
4552,5.061876436229795e-06,5.017584499000804e-07,4.429210123668703e-11,0.0
4553,5.384933956520399e-06,4.970077611687884e-07,4.148564269890187e-10,0.0
4554,5.576400326390285e-06,4.927119903186394e-07,6.49280629261284e-10,0.0
4555,5.333281023922609e-06,4.883933115706895e-07,4.4934814202868267e-10,0.0
4556,4.939958671457134e-06,4.838414611185726e-07,1.0154412033447358e-10,0.0
4557,4.80934932056698e-06,4.797126393896178e-07,1.2223309170389385e-11,0.0
4558,4.965552761859726e-06,4.758484237754601e-07,2.0706822367877464e-10,0.0
4559,5.0942421694344375e-06,4.718661728020379e-07,3.755802058247326e-10,0.0
4560,4.979016011930071e-06,4.6798464836683706e-07,2.9916968902199415e-10,0.0
4561,4.734527010441525e-06,4.643364377443504e-07,9.116275789811112e-11,0.0
4562,4.606953552865889e-06,4.606723678080016e-07,2.3004601695797433e-13,0.0
4563,4.663168510887772e-06,4.571149929688545e-07,9.201840678318973e-11,0.0
4564,4.74929356641951e-06,4.5431625039782375e-07,2.061311676904154e-10,0.0
4565,4.709641871158965e-06,4.504819344219868e-07,2.048228670004093e-10,0.0
4566,4.5635938477062155e-06,4.4781538122151687e-07,8.54400092342722e-11,0.0
4567,4.4489211177278776e-06,4.4445960156735964e-07,4.324916293152459e-12,0.0
4568,4.443415491550695e-06,4.414217471548909e-07,2.919817512769818e-11,0.0
4569,4.4897515181219205e-06,4.3883574107894674e-07,1.0139401818154425e-10,0.0
4570,4.486357738642255e-06,4.3570054231167887e-07,1.2935220949916726e-10,0.0
4571,4.40825760961161e-06,4.3322359033481916e-07,7.602168894393913e-11,0.0
4572,4.318717856222065e-06,4.3042581410190905e-07,1.4459691256851759e-11,0.0
4573,4.2827168726944365e-06,4.278847995919932e-07,3.8689051962137455e-12,0.0
4574,4.295789040043019e-06,4.2546736267468077e-07,4.11157427548936e-11,0.0
4575,4.302666638977826e-06,4.229555941037688e-07,7.31105800899634e-11,0.0
4576,4.266700216248864e-06,4.2069331129823695e-07,5.976694833487173e-11,0.0
4577,4.2053220568050165e-06,4.1827001950878184e-07,2.2622050066534172e-11,0.0
4578,4.160792286711512e-06,4.160580715506512e-07,2.1166748909173805e-13,0.0
4579,4.150590484641725e-06,4.1391487570763275e-07,1.1441736447181938e-11,0.0
4580,4.153579084231751e-06,4.1166958908434026e-07,3.68832048236456e-11,0.0
4581,4.139915745327016e-06,4.097984174222802e-07,4.193191627255288e-11,0.0
4582,4.103432274860097e-06,4.0758027353149373e-07,2.7629579180121766e-11,0.0
4583,4.062831521878252e-06,4.0573715409664146e-07,5.460112396937777e-12,0.0
4584,4.038333372591296e-06,4.0378770904681005e-07,4.559070135301546e-13,0.0
4585,4.030757281725528e-06,4.018390598048427e-07,1.2366996315904544e-11,0.0
4586,4.024119334644638e-06,4.001532545316877e-07,2.2586627013154725e-11,0.0
4587,4.005023129138863e-06,3.982063390139956e-07,2.2959953382972742e-11,0.0
4588,3.975918389187427e-06,3.9657732031628257e-07,1.0145009832207563e-11,0.0
4589,3.949247002310585e-06,3.9480434566030453e-07,1.2036240060186998e-12,0.0
4590,3.9331603147729766e-06,3.931361618469964e-07,1.7985612998927536e-12,0.0
4591,3.924298653146252e-06,3.9156321918198955e-07,8.666609964402827e-12,0.0
4592,3.913140517397551e-06,3.898892373399576e-07,1.424798560384355e-11,0.0
4593,3.894756900990615e-06,3.8841011473778053e-07,1.0655560635230987e-11,0.0
4594,3.872705747198779e-06,3.868128999329201e-07,4.576381808230057e-12,0.0
4595,3.853547241305932e-06,3.8534304280801734e-07,1.1682408512792009e-13,0.0
4596,3.840184490400134e-06,3.838880786588561e-07,1.3037106116886577e-12,0.0
4597,3.829812612821115e-06,3.824007990260725e-07,5.804878279447312e-12,0.0
4598,3.817774086201098e-06,3.8106642819002445e-07,7.1095638057294686e-12,0.0
4599,3.8022658372938167e-06,3.796054670601734e-07,6.211156589053246e-12,0.0
4600,3.785153694479959e-06,3.7830858445886406e-07,2.067734872213123e-12,0.0
4601,3.769637260120362e-06,3.769462466607365e-07,1.7486099374020014e-13,0.0
4602,3.7571010125247994e-06,3.756324815640255e-07,7.762158971136301e-13,0.0
4603,3.746167521967436e-06,3.743868717265286e-07,2.298841672576657e-12,0.0
4604,3.7345878354244633e-06,3.73067848613573e-07,3.909311242777935e-12,0.0
4605,3.721456096172915e-06,3.718830043908383e-07,2.6260243979336906e-12,0.0
4606,3.7075749332871055e-06,3.706191478158871e-07,1.3835885562252237e-12,0.0
4607,3.6944372823199956e-06,3.694393342357216e-07,4.391018798566293e-14,0.0
4608,3.68283826901461e-06,3.68262419669918e-07,2.1424615553877757e-13,0.0
4609,3.6722171898873057e-06,3.670755859275232e-07,1.4613345256098142e-12,0.0
4610,3.6614674172597006e-06,3.659673950551223e-07,1.7935687657288923e-12,0.0
4611,3.6500257465377217e-06,3.6480295761975867e-07,1.9960500266535952e-12,0.0
4612,3.6380668007041095e-06,3.6372370004755794e-07,8.296176245981002e-13,0.0
4613,3.62632977157773e-06,3.62607778470192e-07,2.51986799482129e-13,0.0
4614,3.6153633118374273e-06,3.6153068094790797e-07,5.640019701269594e-14,0.0
4615,3.6051239931111922e-06,3.6047862295163213e-07,3.377298440909726e-13,0.0
4616,3.595057478378294e-06,3.5940269071943476e-07,1.0305124809040223e-12,0.0
4617,3.584727437555557e-06,3.5839627798850415e-07,7.647710589808732e-13,0.0
4618,3.5741231840802357e-06,3.5734453263103205e-07,6.778050343214659e-13,0.0
4619,3.56362443199032e-06,3.5635187600746576e-07,1.0564552704872554e-13,0.0
4620,3.5534599192033056e-06,3.553449516857654e-07,1.0495077029659683e-14,0.0
4621,3.5437224141787738e-06,3.543548245943384e-07,1.7408297026122455e-13,0.0
4622,3.5342161481821677e-06,3.533937444899493e-07,2.7884725778415387e-13,0.0
4623,3.524734665916185e-06,3.5240842066741607e-07,6.504831395748312e-13,0.0
4624,3.5151467727700947e-06,3.514765580803214e-07,3.8126533180582456e-13,0.0
4625,3.5054845284321345e-06,3.5051348845627217e-07,3.49741936800374e-13,0.0
4626,3.495941655273782e-06,3.4959194294970075e-07,2.220446049250313e-14,0.0
4627,3.486668902041856e-06,3.4866678788603167e-07,8.881784197001252e-16,0.0
4628,3.477663767625927e-06,3.477456402833923e-07,2.0740440614952504e-13,0.0
4629,3.4687391234911047e-06,3.4685308492043987e-07,2.082535532910157e-13,0.0
4630,3.4597862850205274e-06,3.459399238181504e-07,3.870376241721374e-13,0.0
4631,3.450810254435055e-06,3.4506564361436176e-07,1.5373206180280263e-13,0.0
4632,3.4419053918099962e-06,3.4417399774611113e-07,1.6563920374190744e-13,0.0
4633,3.4330835205764743e-06,3.4330776088609127e-07,5.975255013002112e-15,0.0
4634,3.4244114885950694e-06,3.4244078506162623e-07,3.552713678800501e-15,0.0
4635,3.415853143451386e-06,3.415797209527227e-07,5.5958709888059843e-14,0.0
4636,3.407381655051722e-06,3.40735880399734e-07,2.3044934016613894e-14,0.0
4637,3.398940407350892e-06,3.398847070457123e-07,9.331424521974441e-14,0.0
4638,3.3905510008480633e-06,3.3905365626196726e-07,1.4433766681865023e-14,0.0
4639,3.3822318528109463e-06,3.3821663691924186e-07,6.559423143537302e-14,0.0
4640,3.3739815989974886e-06,3.373978074705519e-07,3.552713678800501e-15,0.0
4641,3.3657722724456107e-06,3.3657548215160205e-07,1.748948208479817e-14,0.0
4642,3.3576529858692084e-06,3.3576370128685085e-07,1.5807667674838655e-14,0.0
4643,3.3496062314952724e-06,3.349603900915099e-07,2.2560078805078376e-15,0.0
4644,3.3416026781196706e-06,3.3415491884625226e-07,5.334621633323877e-14,0.0
4645,3.3336493743263418e-06,3.3336442584186443e-07,5.142587744533245e-15,0.0
4646,3.3257331324421102e-06,3.3256876008636027e-07,4.548531690184987e-14,0.0
4647,3.317878054076573e-06,3.3178741887240903e-07,3.778227730677486e-15,0.0
4648,3.310069814688177e-06,3.3100303653554874e-07,3.935133469079588e-14,0.0
4649,3.3023100058926502e-06,3.302309323771624e-07,7.806255641895632e-16,0.0
4650,3.2946036299108528e-06,3.2946033456937585e-07,1.249000902703301e-16,0.0
4651,3.2869629649212584e-06,3.286905609911628e-07,5.728837543239607e-14,0.0
4652,3.2793482205306645e-06,3.2793352033877454e-07,1.2909812108219398e-14,0.0
4653,3.271756213507615e-06,3.2717062481424364e-07,4.9960036108132044e-14,0.0
4654,3.26420240526204e-06,3.264201495767338e-07,1.0026701691145945e-15,0.0
4655,3.2567170364927733e-06,3.2567166385888413e-07,4.198030811863873e-16,0.0
4656,3.249279643569025e-06,3.2492391710547963e-07,4.0467629247586956e-14,0.0
4657,3.241870899728383e-06,3.241864305891795e-07,6.5650609948342264e-15,0.0
4658,3.2344978535547853e-06,3.2344470923817426e-07,5.0796172823552865e-14,0.0
4659,3.2271354939439334e-06,3.2271350391965825e-07,4.198030811863873e-16,0.0
4660,3.2198361168411793e-06,3.219825259748177e-07,1.0880185641326534e-14,0.0
4661,3.2125815323524876e-06,3.2125652182912745e-07,1.6279512460304346e-14,0.0
4662,3.205357870683656e-06,3.2053551990429696e-07,2.6237692574149207e-15,0.0
4663,3.198178092134185e-06,3.198113631697197e-07,6.464360297053773e-14,0.0
4664,3.191017185599776e-06,3.191000814695144e-07,1.6279512460304346e-14,0.0
4665,3.1838981158216484e-06,3.183813817031478e-07,8.443246102274315e-14,0.0
4666,3.176794962200802e-06,3.17678058081583e-07,1.4210854715202004e-14,0.0
4667,3.169702949890052e-06,3.1696598057351366e-07,4.313303186842532e-14,0.0
4668,3.1626418603991624e-06,3.1626410645912983e-07,8.335346302068558e-16,0.0
4669,3.155635340590379e-06,3.1556328394799493e-07,2.4364191220094256e-15,0.0
4670,3.1486697480431758e-06,3.1486482043874275e-07,2.1652818427142506e-14,0.0
4671,3.1417180252901744e-06,3.141718138977012e-07,4.2500725161431774e-17,0.0
4672,3.1348015454568667e-06,3.1347792628366733e-07,2.220446049250313e-14,0.0
4673,3.127899844912463e-06,3.127899788069044e-07,5.551115123125783e-17,0.0
4674,3.121048848697683e-06,3.121028271380055e-07,2.057035097813298e-14,0.0
4675,3.11421695187164e-06,3.114217008715059e-07,8.673617379884035e-17,0.0
4676,3.107394604739966e-06,3.107378176991915e-07,1.6279512460304346e-14,0.0
4677,3.10060727315431e-06,3.1006041467662726e-07,3.1225022567582528e-15,0.0
4678,3.093850637014839e-06,3.09384859065176e-07,2.082535532910157e-15,0.0
4679,3.087124468947877e-06,3.0870970135765674e-07,2.7481489306424578e-14,0.0
4680,3.080425813095644e-06,3.0804179118604225e-07,7.993605777301127e-15,0.0
4681,3.0737803626834648e-06,3.0736882195014914e-07,9.217973606645558e-14,0.0
4682,3.0671299100504257e-06,3.067090972308506e-07,3.898270595215081e-14,0.0
4683,3.060482640648843e-06,3.0603663958572724e-07,1.1618830897397459e-13,0.0
4684,3.0538649298250675e-06,3.053846455713938e-07,1.848868280696081e-14,0.0
4685,3.0472392609226517e-06,3.0472017442662036e-07,3.752553823233029e-14,0.0
4686,3.040658157260623e-06,3.04065281397925e-07,5.4132046067856265e-15,0.0
4687,3.034126848433516e-06,3.034125199974369e-07,1.6792123247455493e-15,0.0
4688,3.027618504347629e-06,3.027552395451494e-07,6.607214775300463e-14,0.0
4689,3.0211203920771368e-06,3.021100667410792e-07,1.977671498787359e-14,0.0
4690,3.0146500193950487e-06,3.014559979419573e-07,8.993153444158963e-14,0.0
4691,3.0081873774179257e-06,3.008167368534487e-07,2.0039525594484076e-14,0.0
4692,3.001727918672259e-06,3.001671586844168e-07,5.640019701269594e-14,0.0
4693,2.99529551739397e-06,2.995295460550551e-07,3.469446951953614e-18,0.0
4694,2.9889074539823923e-06,2.9889054076193133e-07,2.082535532910157e-15,0.0
4695,2.982545765917166e-06,2.9825096703461895e-07,3.60961260881254e-14,0.0
4696,2.976225232487195e-06,2.9762091457996576e-07,1.6042722705833512e-14,0.0
4697,2.9699037895625224e-06,2.9697963555008755e-07,1.0746958878371515e-13,0.0
4698,2.9636057661264203e-06,2.9635592113663733e-07,4.668487818548783e-14,0.0
4699,2.957325023089652e-06,2.9571876325462654e-07,1.3739356874431508e-13,0.0
4700,2.951038823084673e-06,2.95099255254172e-07,4.62832897007992e-14,0.0
4701,2.9447630822687643e-06,2.944648826996854e-07,1.1429138885299395e-13,0.0
4702,2.9385189463937422e-06,2.9384935373855114e-07,2.5362524580518908e-14,0.0
4703,2.9322893624339486e-06,2.9322265504561074e-07,6.276316272257887e-14,0.0
4704,2.9260791052365676e-06,2.9260766609695565e-07,2.4364191220094256e-15,0.0
4705,2.919895678132889e-06,2.9198778861427854e-07,1.7736680180124864e-14,0.0
4706,2.913724983955035e-06,2.91372174388016e-07,3.1225022567582528e-15,0.0
4707,2.907588623202173e-06,2.9075863494654186e-07,2.2560078805078376e-15,0.0
4708,2.9014643132541096e-06,2.901441291669471e-07,2.3044934016613894e-14,0.0
4709,2.8953929813724244e-06,2.895385478041135e-07,7.501811671861702e-15,0.0
4710,2.889323013732792e-06,2.889235872771678e-07,8.716031368871668e-14,0.0
4711,2.883286697397125e-06,2.8832477028117864e-07,3.898270595215081e-14,0.0
4712,2.877232418541098e-06,2.8771052029696875e-07,1.2723242598378093e-13,0.0
4713,2.871210881494335e-06,2.87115824448847e-07,5.248926293610623e-14,0.0
4714,2.865198212020914e-06,2.8650501349147817e-07,1.47945024286944e-13,0.0
4715,2.8592132821358973e-06,2.859149219602841e-07,6.417089082333405e-14,0.0
4716,2.8532108444778714e-06,2.853068394870206e-07,1.422690090735479e-13,0.0
4717,2.8472341000451706e-06,2.847193627530942e-07,4.0467629247586956e-14,0.0
4718,2.841253945007338e-06,2.8411733410393936e-07,8.068632567637124e-14,0.0
4719,2.8353044854156906e-06,2.8352960157462803e-07,8.501012394024343e-15,0.0
4720,2.8293691229919204e-06,2.8293368359300075e-07,3.2308357378330044e-14,0.0
4721,2.8234737783350283e-06,2.823473437274515e-07,1.249000902703301e-16,0.0
4722,2.817590029735584e-06,2.8175853117318184e-07,4.749672877224498e-15,0.0
4723,2.811728791130008e-06,2.811713386563497e-07,1.5574347367319774e-14,0.0
4724,2.8059141641278984e-06,2.805911378800374e-07,2.7200464103316335e-15,0.0
4725,2.8000881684420165e-06,2.800024958560243e-07,6.323067069935462e-14,0.0
4726,2.7942953693127492e-06,2.794274962525378e-07,2.057035097813298e-14,0.0
4727,2.78849120149971e-06,2.7884186692972435e-07,7.244291971852945e-14,0.0
4728,2.782685214697267e-06,2.782675778689736e-07,9.381384558082573e-15,0.0
4729,2.7769101507146843e-06,2.776882581656537e-07,2.7481489306424578e-14,0.0
4730,2.7711510028893827e-06,2.7711482175618585e-07,2.6237692574149207e-15,0.0
4731,2.7654191399051342e-06,2.765418400940689e-07,5.863365348801608e-16,0.0
4732,2.7597404823609395e-06,2.759669541774201e-07,7.094672072049946e-14,0.0
4733,2.7540991140995175e-06,2.75404659078049e-07,5.248926293610623e-14,0.0
4734,2.748465249169385e-06,2.7482511200105364e-07,2.1424615553877757e-13,0.0
4735,2.742908918662579e-06,2.742718834269908e-07,1.899730373011721e-13,0.0
4736,2.7373798729968257e-06,2.73691512120422e-07,4.647532358958983e-13,0.0
4737,2.73192131317046e-06,2.7314462158756214e-07,4.749672877224498e-13,0.0
4738,2.7265493827144383e-06,2.7256112389295595e-07,9.381384558082573e-13,0.0
4739,2.7212081477046013e-06,2.7202662522540777e-07,9.41750150085241e-13,0.0
4740,2.7159060209669406e-06,2.7143900638293417e-07,1.515874231694525e-12,0.0
4741,2.71063481704914e-06,2.7091465426565264e-07,1.4884794785618993e-12,0.0
4742,2.7053429221268743e-06,2.7032322691411537e-07,2.110811525568579e-12,0.0
4743,2.7001265152648557e-06,2.6980643497154233e-07,2.0623815155662584e-12,0.0
4744,2.695002876862418e-06,2.6921424023385043e-07,2.8604341117954846e-12,0.0
4745,2.6899183467321564e-06,2.687054916350462e-07,2.8635852369895964e-12,0.0
4746,2.685017534531653e-06,2.681093462797435e-07,3.924056392323738e-12,0.0
4747,2.680410943867173e-06,2.676136432455678e-07,4.274705589502048e-12,0.0
4748,2.6762329525809037e-06,2.670086587386322e-07,6.146336911649897e-12,0.0
4749,2.6726752366812434e-06,2.6652949713934504e-07,7.380284751390409e-12,0.0
4750,2.669922878340003e-06,2.659114670677809e-07,1.0808107880899698e-11,0.0
4751,2.668039542186307e-06,2.654602155871544e-07,1.3437251311643195e-11,0.0
4752,2.6673048978409497e-06,2.648185670750536e-07,1.911927560716009e-11,0.0
4753,2.6685509055823786e-06,2.644002563556569e-07,2.4548418853242993e-11,0.0
4754,2.67246582552616e-06,2.6372819661446556e-07,3.518380031763968e-11,0.0
4755,2.67994505520619e-06,2.633571227761422e-07,4.6373793693987864e-11,0.0
4756,2.692934458536911e-06,2.626451021114917e-07,6.648329803349284e-11,0.0
4757,2.714018364713411e-06,2.623423824843485e-07,9.059454575410797e-11,0.0
4758,2.746972313616425e-06,2.6156638455177017e-07,1.3130851961307144e-10,0.0
4759,2.7983624022454023e-06,2.6137033160011924e-07,1.8465895479380379e-10,0.0
4760,2.8775953069271054e-06,2.605060558380501e-07,2.725346615051194e-10,0.0
4761,2.9975776669743937e-06,2.6048030576930614e-07,3.927747016518879e-10,0.0
4762,3.1795168524695328e-06,2.5949830728677625e-07,5.845338102439257e-10,0.0
4763,3.457521643213113e-06,2.597483046429261e-07,8.60038706917976e-10,0.0
4764,3.883512817992596e-06,2.586218670330709e-07,1.2972941609845634e-09,0.0
4765,4.5390770537778735e-06,2.593529018213303e-07,1.9455481670149766e-09,0.0
4766,5.55422138859285e-06,2.5810197712416993e-07,2.973201906897316e-09,0.0
4767,7.133977305784356e-06,2.5971405648306245e-07,4.5368366841103125e-09,0.0
4768,9.608696927898563e-06,2.5852526164271694e-07,7.023444492659792e-09,0.0
4769,1.3513287740352098e-05,2.618525343223155e-07,1.0894762425550653e-08,0.0
4770,1.9728729967027903e-05,2.614834215819428e-07,1.7113896078058133e-08,0.0
4771,2.9669776267837733e-05,2.6837884092856257e-07,2.698598855488399e-08,0.0
4772,4.569019438349642e-05,2.713692026645731e-07,4.297650235685069e-08,0.0
4773,7.165141141740605e-05,2.8596411993930815e-07,6.879177050223007e-08,0.0
4774,0.00011404322867747396,3.006570068464498e-07,1.1103665542577801e-07,0.0
4775,0.00018345141143072397,3.3202476856786234e-07,1.8013115266057866e-07,0.0
4776,0.00029789755353704095,3.856955004266638e-07,2.9404060342130833e-07,0.0
4777,0.0004864195070695132,4.50919429795249e-07,4.819103196496144e-07,0.0
4778,0.0007983617833815515,6.355018626891251e-07,7.920068014755088e-07,0.0
4779,0.001309097628109157,7.47469073303364e-07,1.301623001381813e-06,0.0
4780,0.002141616540029645,1.3792091522191186e-06,2.1278242456901353e-06,0.0
4781,0.003452862147241831,1.4113953739069984e-06,3.4387480809527915e-06,0.0
4782,0.0054512592032551765,3.5455443594401004e-06,5.415803570940625e-06,0.0
4783,0.00820241030305624,2.474206894476083e-06,8.17766795080388e-06,0.0
4784,0.011519120074808598,8.988626177597325e-06,1.1429233381932136e-05,0.0
4785,0.014253922738134861,2.6712066301115556e-06,1.4227210158423986e-05,0.0
4786,0.01473174337297678,1.7046066204784438e-05,1.4561282114300411e-05,0.0
4787,0.011289499700069427,7.656353204765765e-07,1.128184339904692e-05,0.0
4788,0.005312667228281498,1.571364191477187e-05,5.155530743650161e-06,0.0
4789,0.0007156574283726513,4.296307452023029e-06,6.726943411194952e-07,0.0
4790,0.000595584511756897,3.728765250343713e-06,5.582968469752814e-07,0.0
4791,0.003713539568707347,9.93286357697798e-06,3.614210982050281e-06,0.0
4792,0.005931046791374683,9.685752502264222e-07,5.921361207583686e-06,0.0
4793,0.004693166818469763,4.669521786127007e-06,4.6464715524052735e-06,0.0
4794,0.0015138369053602219,1.225281835104397e-06,1.5015840517662582e-06,0.0
4795,8.883173904905561e-06,8.498989245708799e-07,3.841841011986702e-10,0.0
4796,0.0013064906233921647,7.367670491476019e-07,1.299122914133477e-06,0.0
4797,0.0030489093624055386,4.89558306071558e-06,2.9999534945091e-06,0.0
4798,0.002766233403235674,8.475925596940215e-07,2.7577573291637236e-06,0.0
4799,0.00093858438776806,2.869707259378629e-06,9.098873192669998e-07,0.0
4800,1.3825685527990572e-05,1.2742914350383217e-06,1.082771206029065e-09,0.0
4801,0.0008518665563315153,1.082769017557439e-06,8.410389114033023e-07,0.0
4802,0.0017891456373035908,1.7632632989261765e-06,1.7715129843054456e-06,0.0
4803,0.0013356591807678342,2.2249523681239225e-06,1.3134095979694393e-06,0.0
4804,0.0002563023008406162,1.2330211802691338e-06,2.4397209585913515e-07,0.0
4805,0.00011685172648867592,1.464259298700199e-06,1.022091282720794e-07,0.0
4806,0.000830182689242065,2.9929242373327725e-06,8.002534741535783e-07,0.0
4807,0.0010641306871548295,1.2498061323640286e-06,1.0516325801290805e-06,0.0
4808,0.000465040240669623,2.235595047750394e-06,4.426842679094989e-07,0.0
4809,1.592366970726289e-05,1.343669964626315e-06,2.486969963300112e-09,0.0
4810,0.000298352912068367,1.2179605164419627e-06,2.861733037207159e-07,0.0
4811,0.0006763042183592916,1.4094506468609325e-06,6.622096861974569e-07,0.0
4812,0.0004949945723637938,1.585257791703043e-06,4.791419883076742e-07,0.0
4813,8.525425801053643e-05,1.1788033589255065e-06,7.34662251034024e-08,0.0
4814,6.925514026079327e-05,1.2148960877311765e-06,5.71061775644921e-08,0.0
4815,0.00035452930023893714,1.7861597143564723e-06,3.366677105987037e-07,0.0
4816,0.0004092578310519457,1.1296723414488952e-06,3.979611165050301e-07,0.0
4817,0.00015760405221953988,1.4225640825316077e-06,1.4337840070766106e-07,0.0
4818,1.1785132301156409e-05,1.1521894975885516e-06,2.632366824517618e-10,0.0
4819,0.00014666518836747855,1.1330952247590176e-06,1.3533423270928324e-07,0.0
4820,0.0002746933023445308,1.162801936516189e-06,2.630652886637108e-07,0.0
4821,0.00017628961359150708,1.2663758752751164e-06,1.636258559756243e-07,0.0
4822,2.6012059606728144e-05,1.0980099887092365e-06,1.5031959677003215e-08,0.0
4823,4.808104858966544e-05,1.0800472409755457e-06,3.7280578624176997e-08,0.0
4824,0.0001589782623341307,1.311856294705649e-06,1.4585970120606362e-07,0.0
4825,0.0001551723398733884,1.0179918490393902e-06,1.4499241274279484e-07,0.0
4826,5.0537590141175315e-05,1.0935705176962074e-06,3.960188266205478e-08,0.0
4827,1.2743667866743635e-05,9.978555226552999e-07,2.765112361302613e-09,0.0
4828,7.596822979394346e-05,9.813231827138225e-07,6.61550032532432e-08,0.0
4829,0.00011452483158791438,9.66548554970359e-07,1.0485934609505421e-07,0.0
4830,6.551424303324893e-05,9.980360573536018e-07,5.553388149337479e-08,0.0
4831,1.1982671821897384e-05,9.264664981856185e-07,2.718006708590792e-09,0.0
4832,2.853944170055911e-05,9.021980531542795e-07,1.95174614248117e-08,0.0
4833,7.048590487102047e-05,9.791294814931462e-07,6.069461022661926e-08,0.0
4834,6.413429946405813e-05,8.626315661786066e-07,5.5507985763370016e-08,0.0
4835,2.2709722543368116e-05,8.711011219020293e-07,1.399871152329979e-08,0.0
4836,9.762190529727377e-06,8.315158765981323e-07,1.4470317166725977e-09,0.0
4837,3.471788659226149e-05,8.260774393420434e-07,2.6457110280375673e-08,0.0
4838,4.934871321893297e-05,7.999157674021262e-07,4.134955489121239e-08,0.0
4839,3.0408533348236233e-05,8.171030572157179e-07,2.2237502506072815e-08,0.0
4840,9.095563655137084e-06,7.737804708085605e-07,1.3577586832624888e-09,0.0
4841,1.4402226952370256e-05,7.549753036073525e-07,6.852474587759616e-09,0.0
4842,3.087945151492022e-05,7.794347425260639e-07,2.308510360649052e-08,0.0
4843,2.9927599825896323e-05,7.218764608296624e-07,2.270883570076876e-08,0.0
4844,1.405742295901291e-05,7.210343824226584e-07,6.847079347949148e-09,0.0
4845,7.127075150492601e-06,6.965395300539967e-07,1.6168005823047338e-10,0.0
4846,1.5675599570386112e-05,6.871216555737192e-07,8.804383888616485e-09,0.0
4847,2.2914593500900082e-05,6.727872232659138e-07,1.6186721296662654e-08,0.0
4848,1.732095370243769e-05,6.725649086547492e-07,1.0595305077742978e-08,0.0
4849,7.996571184776258e-06,6.481081982201431e-07,1.515489067571707e-09,0.0
4850,7.680005182919558e-06,6.365074227687728e-07,1.3149308308868513e-09,0.0
4851,1.4029595149622764e-05,6.354331389957224e-07,7.675263979933789e-09,0.0
4852,1.5870708011789247e-05,6.126318226051808e-07,9.744389295462952e-09,0.0
4853,1.0571278835413978e-05,6.04873321208288e-07,4.522545449248128e-09,0.0
4854,6.0425109040807e-06,5.905397983951843e-07,1.371128349747508e-10,0.0
4855,7.682639989070594e-06,5.826175879519724e-07,1.8564643156082639e-09,0.0
4856,1.1391102816560306e-05,5.706804131477838e-07,5.684298809427446e-09,0.0
4857,1.1061594705097377e-05,5.69638586966903e-07,5.36520916583072e-09,0.0
4858,7.353024102485506e-06,5.52565779798897e-07,1.8273663693335607e-09,0.0
4859,5.461295131681254e-06,5.453045446301985e-07,8.249526062265033e-12,0.0
4860,7.143890798033681e-06,5.390682531469793e-07,1.753208467292211e-09,0.0
4861,9.01425755728269e-06,5.269159828458214e-07,3.745098009488856e-09,0.0
4862,8.118972800730262e-06,5.210115432419116e-07,2.9088571551483255e-09,0.0
4863,5.817304099764442e-06,5.115604722050193e-07,7.016993097685997e-10,0.0
4864,5.114568466524361e-06,5.042077759753738e-07,7.249076339199689e-11,0.0
4865,6.336657861538697e-06,4.967137101630215e-07,1.3695204970076702e-09,0.0
4866,7.2286084105144255e-06,4.932612682750914e-07,2.2959953938084254e-09,0.0
4867,6.430153007386252e-06,4.831618412026728e-07,1.5985346379920884e-09,0.0
4868,5.070097358839121e-06,4.781275038112653e-07,2.8882235492133645e-10,0.0
4869,4.80455810247804e-06,4.712503880455188e-07,9.205414208679485e-11,0.0
4870,5.5682476158835925e-06,4.6454886160063324e-07,9.227589803373348e-10,0.0
4871,5.995891115162522e-06,4.596430756009795e-07,1.3994605474465516e-09,0.0
4872,5.432019861473236e-06,4.5370003931566316e-07,8.950193919332605e-10,0.0
4873,4.62645266452455e-06,4.4791912046093785e-07,1.472614530317884e-10,0.0
4874,4.500588602240896e-06,4.428303839176806e-07,7.228474763198989e-11,0.0
4875,4.946977696818067e-06,4.3869056298717624e-07,5.60071877764301e-10,0.0
4876,5.168999905436067e-06,4.3298089735799294e-07,8.391907169169599e-10,0.0
4877,4.813792656932492e-06,4.289412061098119e-07,5.243806500132564e-10,0.0
4878,4.325072495703353e-06,4.237292330344644e-07,8.77801303866832e-11,0.0
4879,4.233320396451745e-06,4.1933785155379155e-07,3.9941831092571434e-11,0.0
4880,4.481486030272208e-06,4.151231678406475e-07,3.3025421286581036e-10,0.0
4881,4.61266881757183e-06,4.115397018722433e-07,4.972716127760179e-10,0.0
4882,4.406192147143884e-06,4.0700902559365204e-07,3.361020073366916e-10,0.0
4883,4.100341811863473e-06,4.0364000142290024e-07,6.394137996856841e-11,0.0
4884,4.013143552583642e-06,3.998867157406494e-07,1.4276122818623893e-11,0.0
4885,4.14068199461326e-06,3.960326182550489e-07,1.8035607729505188e-10,0.0
4886,4.225374595989706e-06,3.931912146981631e-07,2.934625042971817e-10,0.0
4887,4.114123385079438e-06,3.892855318099464e-07,2.2126812881939628e-10,0.0
4888,3.919043592759408e-06,3.862696758005768e-07,5.634694100198345e-11,0.0
4889,3.83314454666106e-06,3.830811579064175e-07,2.33285613049361e-12,0.0
4890,3.886586000589887e-06,3.801008290338359e-07,8.557780178941599e-11,0.0
4891,3.943092906411039e-06,3.772652803490928e-07,1.704403285174294e-10,0.0
4892,3.891830147040309e-06,3.744794696558529e-07,1.4703550876848936e-10,0.0
4893,3.7703259749832796e-06,3.7168632616157993e-07,5.3462616278476816e-11,0.0
4894,3.690493713293108e-06,3.690166749947821e-07,3.269919057746762e-13,0.0
4895,3.696440671774326e-06,3.6643669432123716e-07,3.207378806990846e-11,0.0
4896,3.7277579849614995e-06,3.6401871739144553e-07,8.757083946875355e-11,0.0
4897,3.7094289382366696e-06,3.6148375670563837e-07,9.459121680377436e-11,0.0
4898,3.638799171312712e-06,3.592792268136691e-07,4.6006677634213844e-11,0.0
4899,3.5736081827053567e-06,3.5690197819349123e-07,4.588343593958655e-12,0.0
4900,3.5555015074351104e-06,3.5469605563775986e-07,8.540949197888281e-12,0.0
4901,3.56672558154969e-06,3.527042338191677e-07,3.968327055847709e-11,0.0
4902,3.562070560292341e-06,3.5043026969105995e-07,5.7767957084564614e-11,0.0
4903,3.523496388879721e-06,3.4858172170970647e-07,3.7679304121240875e-11,0.0
4904,3.474656068647164e-06,3.464793678631395e-07,9.862236027835536e-12,0.0
4905,3.4464280815882375e-06,3.4458784625712724e-07,5.495742749772603e-13,0.0
4906,3.442636398176546e-06,3.427705337344378e-07,1.4930938430079976e-11,0.0
4907,3.4408942610753e-06,3.4089995892827574e-07,3.189470909603642e-11,0.0
4908,3.4215454434161074e-06,3.3920545661203505e-07,2.9490784814178994e-11,0.0
4909,3.3880621685966616e-06,3.3743157246135524e-07,1.3746261941227633e-11,0.0
4910,3.3586522931727814e-06,3.357741036325024e-07,9.112719259740665e-13,0.0
4911,3.3444794098613784e-06,3.3414332278880465e-07,3.0460668709597627e-12,0.0
4912,3.3395942864444805e-06,3.325148725252802e-07,1.4445528974393884e-11,0.0
4913,3.3299377264484065e-06,3.3101613894359616e-07,1.9776388859860106e-11,0.0
4914,3.3093067486333894e-06,3.2942386951617664e-07,1.5068002401363856e-11,0.0
4915,3.284248123236466e-06,3.27991926951654e-07,4.328790798036053e-12,0.0
4916,3.265180794187472e-06,3.265180055223027e-07,6.800116025829084e-16,0.0
4917,3.254862349422183e-06,3.2507929859093565e-07,4.0692761660299226e-12,0.0
4918,3.247010681661777e-06,3.2375365321968275e-07,9.474213948090782e-12,0.0
4919,3.2344933060812764e-06,3.223196074486623e-07,1.1297283421252136e-11,0.0
4920,3.2166408345801756e-06,3.210522265817417e-07,6.118661133314163e-12,0.0
4921,3.198486865585437e-06,3.197065723270498e-07,1.4210854715202004e-12,0.0
4922,3.184610932294163e-06,3.1843745773585397e-07,2.3634219581403215e-13,0.0
4923,3.17501917379559e-06,3.1720603033136285e-07,2.9589256392292818e-12,0.0
4924,3.1659199066780275e-06,3.1594365168530203e-07,6.483317355199247e-12,0.0
4925,3.1538404527964303e-06,3.1478273854190775e-07,6.013149179973087e-12,0.0
4926,3.1390586627821904e-06,3.135654935704224e-07,3.4038405774539093e-12,0.0
4927,3.124671138721169e-06,3.1242376508089365e-07,4.335498973717655e-13,0.0
4928,3.1130184652283788e-06,3.112825197604252e-07,1.932343174360085e-13,0.0
4929,3.10358768729202e-06,3.1014633350423537e-07,2.1243640527246477e-12,0.0
4930,3.0940950637159403e-06,3.0907597192708636e-07,3.3354577780309036e-12,0.0
4931,3.082883040406159e-06,3.0795644079262274e-07,3.3184704983924007e-12,0.0
4932,3.070534376092837e-06,3.0691984420627705e-07,1.3358073328029185e-12,0.0
4933,3.058753463847097e-06,3.058554511881084e-07,1.990083445257973e-13,0.0
4934,3.048452072107466e-06,3.048235157621093e-07,2.1684043449710089e-13,0.0
4935,3.03917681776511e-06,3.0382332738554396e-07,9.435585993089468e-13,0.0
4936,3.0299081572593423e-06,3.027972184099781e-07,1.9359826242126843e-12,0.0
4937,3.019966698047938e-06,3.0183790045157366e-07,1.5878002038172134e-12,0.0
4938,3.0094820431258995e-06,3.0083998581176274e-07,1.0821976995090132e-12,0.0
4939,2.999102889589267e-06,2.9989348604431143e-07,1.6792123247455493e-13,0.0
4940,2.98944746646157e-06,2.9894394515395106e-07,7.993605777301127e-15,0.0
4941,2.9805412395944586e-06,2.980019075948803e-07,5.223044219349049e-13,0.0
4942,2.971894446091028e-06,2.9709545401601645e-07,9.399434355850111e-13,0.0
4943,2.962968892461504e-06,2.961641598631104e-07,1.3272100432559775e-12,0.0
4944,2.9536604415625334e-06,2.952835984615376e-07,8.245357521752261e-13,0.0
4945,2.944216021205648e-06,2.9437836701617925e-07,4.323243152359879e-13,0.0
4946,2.935093107225839e-06,2.9350832164709573e-07,9.930424538229232e-15,0.0
4947,2.9264629120007157e-06,2.92639583676646e-07,6.703318455869578e-14,0.0
4948,2.918191512435442e-06,2.917708741279057e-07,4.827006849783544e-13,0.0
4949,2.909902150349808e-06,2.909367537995422e-07,5.34489986991904e-13,0.0
4950,2.9013795028731693e-06,2.9007949819970236e-07,5.846373732354415e-13,0.0
4951,2.8927572657266865e-06,2.8925879291819e-07,1.6945125858036647e-13,0.0
4952,2.8843087420682423e-06,2.884278558212827e-07,3.0330772615716484e-14,0.0
4953,2.876177177313366e-06,2.8761095904883405e-07,6.751630504675532e-14,0.0
4954,2.8682477477559587e-06,2.8680946684289665e-07,1.5300261058115439e-13,0.0
4955,2.8603531063708942e-06,2.860003291971225e-07,3.49741936800374e-13,0.0
4956,2.8523691071313806e-06,2.8521682793325454e-07,2.0067367906273503e-13,0.0
4957,2.844386699507595e-06,2.8442065058698063e-07,1.8035573035035668e-13,0.0
4958,2.836508201653487e-06,2.8364834747662826e-07,2.4772718598686794e-14,0.0
4959,2.828744527505478e-06,2.8287368536439317e-07,7.827939685345342e-15,0.0
4960,2.82107907878526e-06,2.8210590130584023e-07,2.0039525594484076e-14,0.0
4961,2.813498440445983e-06,2.8134854801464826e-07,1.2909812108219398e-14,0.0
4962,2.805979647746426e-06,2.8059150736226e-07,6.464360297053773e-14,0.0
4963,2.7985188353341073e-06,2.79849075468519e-07,2.8102520310824275e-14,0.0
4964,2.791074166452745e-06,2.791014992453711e-07,5.908554895350804e-14,0.0
4965,2.7837043035106035e-06,2.7836969707095705e-07,7.341349750333848e-15,0.0
4966,2.776378096314147e-06,2.7763653065449034e-07,1.2699043205888216e-14,0.0
4967,2.7691180548572447e-06,2.769110949429887e-07,7.025630077706069e-15,0.0
4968,2.7619212232821155e-06,2.7619179832072405e-07,3.1225022567582528e-15,0.0
4969,2.754783281488926e-06,2.7547434910957236e-07,3.972169815291693e-14,0.0
4970,2.747689677562448e-06,2.7476764330458536e-07,1.3122315734026557e-14,0.0
4971,2.740635864029173e-06,2.7405857849771564e-07,4.9960036108132044e-14,0.0
4972,2.733601832005661e-06,2.7335946128914657e-07,7.18262255228197e-15,0.0
4973,2.7266280540061416e-06,2.72661964118015e-07,8.501012394024343e-15,0.0
4974,2.7197118015465094e-06,2.7196921337235835e-07,1.977671498787359e-14,0.0
4975,2.71286626229994e-06,2.7128379542773473e-07,2.8102520310824275e-14,0.0
4976,2.7060884804086527e-06,2.7059448370891914e-07,1.4367760453604106e-13,0.0
4977,2.6993332085112343e-06,2.699223955460184e-07,1.0930926302998856e-13,0.0
4978,2.692542693694122e-06,2.692392513381492e-07,1.5010215292932116e-13,0.0
4979,2.6857569537241943e-06,2.685734159513231e-07,2.2763041451767663e-14,0.0
4980,2.6790271476784255e-06,2.67902493078509e-07,2.345346139520643e-15,0.0
4981,2.672461050678976e-06,2.672381356205733e-07,7.963161380297734e-14,0.0
4982,2.6659488412406063e-06,2.6658204888008186e-07,1.2856469361333112e-13,0.0
4983,2.6594570954330266e-06,2.6591675350573496e-07,2.897716788741178e-13,0.0
4984,2.652915100043174e-06,2.6527322916081175e-07,1.8273663832113485e-13,0.0
4985,2.6463778795005055e-06,2.646148686835659e-07,2.2915350172958426e-13,0.0
4986,2.6398413410788635e-06,2.639755791733478e-07,8.551839791870464e-14,0.0
4987,2.6333475489082048e-06,2.63326995764146e-07,7.754300673790127e-14,0.0
4988,2.6268924102623714e-06,2.6268898523085227e-07,2.5292268279741847e-15,0.0
4989,2.620519353513373e-06,2.6205191261396976e-07,3.131175874138137e-16,0.0
4990,2.614219283714192e-06,2.6141765374632087e-07,4.274705589502048e-14,0.0
4991,2.607948999866494e-06,2.6079140980073134e-07,3.469446951953614e-14,0.0
4992,2.6016975880338578e-06,2.6015882781393884e-07,1.0930926302998856e-13,0.0
4993,2.5954739157896256e-06,2.5954008719963895e-07,7.294512216482474e-14,0.0
4994,2.589292080301675e-06,2.5891367272379284e-07,1.5519616841652706e-13,0.0
4995,2.583098648756277e-06,2.5830158278949966e-07,8.281656610487076e-14,0.0
4996,2.576906354079256e-06,2.576781810148532e-07,1.2458870740639227e-13,0.0
4997,2.5707549866638146e-06,2.570716048921895e-07,3.898270595215081e-14,0.0
4998,2.5646263566159178e-06,2.564579801855871e-07,4.668487818548783e-14,0.0
4999,2.558527967266855e-06,2.558527967266855e-07,7.025630077706069e-17,0.0
5000,2.5524943794152932e-06,2.5524943225718744e-07,0.0,0.0
