epoch,start_step,step_loss,loss_data,loss_haslach,loss_pako,loss_ic,loss_bc_base,loss_bc_tip
1,0,1.777794599533081,0.012302215211093426,0.046696990728378296,0.29386088252067566,0.0830426812171936,0.0,0.059450775384902954
2,0,0.5942927598953247,0.006517977919429541,0.029911424964666367,0.04805982857942581,0.038448091596364975,0.0,0.012532261200249195
3,0,0.3011682629585266,0.003759067039936781,0.024744480848312378,0.05275966599583626,0.017249535769224167,0.0,0.004740966949611902
4,0,0.20124778151512146,0.0034487589728087187,0.024198194965720177,0.03225621581077576,0.010344001464545727,0.0,0.003790458897128701
5,0,0.14767968654632568,0.004043440334498882,0.021760771051049232,0.008519384078681469,0.00908898375928402,0.0,0.002246623393148184
6,0,0.1317809671163559,0.0034124201629310846,0.016600675880908966,0.01175007689744234,0.008004626259207726,0.0,0.0019971532747149467
7,0,0.11257512122392654,0.0020809967536479235,0.012417325749993324,0.015218687243759632,0.006306804716587067,0.0,0.001979005988687277
8,0,0.08406892418861389,0.0010381515603512526,0.009694702923297882,0.011996003799140453,0.0047403788194060326,0.0,0.00139362714253366
9,0,0.06532971560955048,0.0005703331553377211,0.009023924358189106,0.009073330089449883,0.0035413559526205063,0.0,0.0011248566443100572
10,0,0.055123694241046906,0.0004391918773762882,0.00898854061961174,0.00974658876657486,0.0025801046285778284,0.0,0.0010148324072360992
11,0,0.04219210892915726,0.000430652464274317,0.007664868608117104,0.009006312116980553,0.0017826566472649574,0.0,0.0007263707811944187
12,0,0.033025309443473816,0.0005007344298064709,0.0063100955449044704,0.0057877167128026485,0.00132755097001791,0.0,0.0007151252939365804
13,0,0.031146857887506485,0.00047100181109271944,0.0064676981419324875,0.0034676038194447756,0.001219264231622219,0.0,0.0008547911420464516
14,0,0.029490696266293526,0.0004312226374167949,0.005988573655486107,0.002986359875649214,0.0011593231465667486,0.0,0.0008491307380609214
15,0,0.02610640600323677,0.00043879603617824614,0.004737076349556446,0.0038887758273631334,0.0010386839276179671,0.0,0.0006654917378909886
16,0,0.022274693474173546,0.00043533663847483695,0.0025910926051437855,0.004568800330162048,0.0009340612450614572,0.0,0.0005338851478882134
17,0,0.016308194026350975,0.00032073541660793126,0.0023653137031942606,0.003121023066341877,0.0006731869070790708,0.0,0.00037692527985200286
18,0,0.010011446662247181,0.0001799260644474998,0.0026587573811411858,0.001231676316820085,0.00038369387038983405,0.0,0.0002104148588841781
19,0,0.00988683756440878,0.0001957946369657293,0.0022018509916961193,0.0008938772953115404,0.0003832705260720104,0.0,0.00027626092196442187
20,0,0.013479238376021385,0.0002823299146257341,0.002581358887255192,0.0015477824490517378,0.0005080642877146602,0.0,0.0003987124655395746
21,0,0.014628914184868336,0.0002577951818238944,0.003007414285093546,0.0020801713690161705,0.0005373144522309303,0.0,0.0003910388913936913
22,0,0.009895162656903267,0.00014617975102737546,0.002248071599751711,0.0016942396759986877,0.000310011237161234,0.0,0.00027065598987974226
23,0,0.005739148706197739,9.08832807908766e-05,0.0012423457810655236,0.0006967242807149887,0.000207141216378659,0.0,0.00016377826977986842
24,0,0.005641995929181576,0.00010896545427385718,0.0013877574820071459,0.0005312728462740779,0.00021493274834938347,0.0,0.00014646720956079662
25,0,0.007340691518038511,0.0001409026444889605,0.0013089791173115373,0.00110375985968858,0.0003334622597321868,0.0,0.00014524268044624478
26,0,0.007737015839666128,0.0001295909023610875,0.0012006507022306323,0.0013068553525954485,0.00034906197106465697,0.0,0.00016092989244498312
27,0,0.0065414332784712315,9.153530118055642e-05,0.001575237256474793,0.0008800701471045613,0.00025075842859223485,0.0,0.0001487006520619616
28,0,0.005159636493772268,8.378371421713382e-05,0.0012801712146028876,0.0005130053032189608,0.00019128021085634828,0.0,0.0001369873934891075
29,0,0.004451122134923935,6.234255852177739e-05,0.0011806434486061335,0.00030988777871243656,0.00016119600331876427,0.0,0.0001286288461415097
30,0,0.004133526235818863,4.6781948185525835e-05,0.0011769960401579738,0.0004220726841595024,0.0001369933452224359,0.0,0.00011177421401953325
31,0,0.004085025750100613,3.8876190956216305e-05,0.0008653386612422764,0.0006906904745846987,0.00013540100189857185,0.0,0.00011361103679519147
32,0,0.0038807843811810017,4.443688158062287e-05,0.0008115359814837575,0.0006615407182835042,0.00012975535355508327,0.0,0.00010657173697836697
33,0,0.0035719622392207384,4.867544339504093e-05,0.000672964786645025,0.0005444844719022512,0.00013260554987937212,0.0,9.797821257961914e-05
34,0,0.0030754106119275093,4.480204006540589e-05,0.0006399653502739966,0.00043059774907305837,0.00011156938853673637,0.0,8.44351525302045e-05
35,0,0.00275858910754323,4.312408418627456e-05,0.000578934617806226,0.0005309792468324304,8.500953117618337e-05,0.0,7.554557669209316e-05
36,0,0.0027010859921574593,4.372194962343201e-05,0.0005483978311531246,0.00047483271919190884,7.819619349902496e-05,0.0,8.521714335074648e-05
37,0,0.0028922040946781635,4.2457872041268274e-05,0.0004980358062312007,0.00035344791831448674,0.00011260851169936359,0.0,8.721773338038474e-05
38,0,0.002679635537788272,2.9526729122153483e-05,0.0006116669974289834,0.0003879936703015119,9.486512863077223e-05,0.0,7.017968891886994e-05
39,0,0.0020082881674170494,2.1626799934892915e-05,0.0003616561007220298,0.0003701664973050356,6.56282136333175e-05,0.0,5.9855661675101146e-05
40,0,0.0017050054157152772,1.6955971659626812e-05,0.0003803728614002466,0.0003682585374917835,3.967561133322306e-05,0.0,5.4266198276309296e-05
41,0,0.0017294656718149781,2.0350193153717555e-05,0.0003682381648104638,0.00023734261048957705,4.9170441343449056e-05,0.0,6.118302553659305e-05
42,0,0.001687296899035573,1.954675099113956e-05,0.0003518315788824111,0.00021688509150408208,5.027598672313616e-05,0.0,5.962736759101972e-05
43,0,0.001676378771662712,1.4473043847829103e-05,0.00037258706288412213,0.0002794500906020403,4.523635652731173e-05,0.0,5.5750508181517944e-05
44,0,0.0015725429402664304,1.1812050615844782e-05,0.00031725617009215057,0.0002786763070616871,3.650840153568424e-05,0.0,5.997143671265803e-05
45,0,0.001349934726022184,1.1142574294353835e-05,0.0002736345923040062,0.00022835898562334478,3.35900804202538e-05,0.0,5.008977313991636e-05
46,0,0.0011115213856101036,1.1241788342886139e-05,0.0002581238513812423,0.0001452224823879078,2.6198227715212852e-05,0.0,4.3495092540979385e-05
47,0,0.0011205564951524138,9.213499652105384e-06,0.0003266691928729415,0.00014498444215860218,2.297174432897009e-05,0.0,4.0997194446390495e-05
48,0,0.0011442163959145546,9.234878234565258e-06,0.00033472059294581413,0.00014905340503901243,2.239730929431971e-05,0.0,4.272344085620716e-05
49,0,0.0010449958499521017,7.512911452067783e-06,0.00024276002659462392,0.0001598120288690552,1.8112041288986802e-05,0.0,4.537904533208348e-05
50,0,0.0009741820394992828,7.750446457066573e-06,0.00018198537873104215,0.00016388330550398678,1.838582829805091e-05,0.0,4.367046130937524e-05
51,0,0.0009273374453186989,8.597361556894612e-06,0.00018853181973099709,0.00013488795957528055,1.853946923802141e-05,0.0,4.099255602341145e-05
52,0,0.0009271535673178732,6.139462584542343e-06,0.0002993498928844929,0.00012350980250630528,1.7015905541484244e-05,0.0,3.2799540349515155e-05
53,0,0.000916439457796514,7.85246356826974e-06,0.00030451282509602606,0.00010074907913804054,1.545216036902275e-05,0.0,3.488034781184979e-05
54,0,0.0009382435819134116,8.046725270105526e-06,0.0002457934315316379,0.0001319538860116154,1.818066812120378e-05,0.0,3.7064288335386664e-05
55,0,0.000965470215305686,6.5839844864967745e-06,0.00024472607765346766,0.00010359336738474667,1.9101693396805786e-05,0.0,4.195499059278518e-05
56,0,0.00101231609005481,7.953195563459303e-06,0.0003033930261153728,0.00016409807722084224,1.6638392480672337e-05,0.0,3.704878326971084e-05
57,0,0.0011520728003233671,8.602804882684723e-06,0.00039451222983188927,9.16258359211497e-05,2.181219679187052e-05,0.0,4.392099435790442e-05
58,0,0.0013208318268880248,7.719606401224155e-06,0.000529340875800699,0.00013382514589466155,2.05327378353104e-05,0.0,4.446187449502759e-05
59,0,0.0013388893567025661,1.0928471965598874e-05,0.00044914131285622716,0.00010002135240938514,2.8448092052713037e-05,0.0,4.9431728257332e-05
60,0,0.0012110243551433086,8.231027095462196e-06,0.00042688226676546037,0.0001563462137710303,2.301972017448861e-05,0.0,3.893675602739677e-05
61,0,0.0009193303994834423,4.807908226212021e-06,0.0003294394991826266,9.608927211957052e-05,1.3355387636693195e-05,0.0,3.5543980629881844e-05
62,0,0.0006400239653885365,5.731189048674423e-06,0.00013672036584466696,9.744958515511826e-05,1.2100224921596237e-05,0.0,2.7912057703360915e-05
63,0,0.0005230994429439306,3.921422830899246e-06,0.00010258590918965638,7.67481469665654e-05,8.644859917694703e-06,0.0,2.5339535568491556e-05
64,0,0.0005796517943963408,4.650806204153923e-06,0.00014820178330410272,7.367472426267341e-05,9.091368156077806e-06,0.0,2.62210796790896e-05
65,0,0.0007083986420184374,3.7570168842648854e-06,0.00022043536591809243,8.533849904779345e-05,1.1042957339668646e-05,0.0,2.8843818654422648e-05
66,0,0.000846337410621345,5.8641644500312395e-06,0.00025052455021068454,6.26675901003182e-05,1.608323145774193e-05,0.0,3.664488031063229e-05
67,0,0.0009685049299150705,5.150325250724563e-06,0.00031997429323382676,0.00012425931345205754,1.5472081940970384e-05,0.0,3.644002208602615e-05
68,0,0.0009690040023997426,5.707036507374141e-06,0.00033187514054588974,8.268116653198376e-05,1.8135173377231695e-05,0.0,3.673889295896515e-05
69,0,0.0008630757220089436,4.767266545968596e-06,0.00031390099320560694,0.00010280968126608059,1.2117132428102195e-05,0.0,3.2042644306784496e-05
70,0,0.0006652709562331438,4.800862825504737e-06,0.00016911265265662223,5.8459281717659906e-05,1.3500939530786127e-05,0.0,2.9788874599034898e-05
71,0,0.0005083443829789758,3.2213083613896742e-06,0.0001120334054576233,7.18272858648561e-05,7.594069302285789e-06,0.0,2.4532166207791306e-05
72,0,0.0004365480854175985,3.055733031942509e-06,7.183099660323933e-05,6.011112782289274e-05,6.9416796577570494e-06,0.0,2.321334250154905e-05
73,0,0.00045778643107041717,3.0896917451173067e-06,8.171321678673849e-05,5.6191998737631366e-05,7.654466571693774e-06,0.0,2.4024684535106644e-05
74,0,0.0005500238039530814,4.0533000174036715e-06,0.00011877423821715638,7.469869160559028e-05,1.0260091585223563e-05,0.0,2.498966750863474e-05
75,0,0.0006596599705517292,3.4436134228599258e-06,0.00021918301354162395,5.3642175771528855e-05,1.0435205695102923e-05,0.0,2.7903906811843626e-05
76,0,0.0007610473548993468,4.284429451217875e-06,0.00022813903342466801,7.193462806753814e-05,1.3741042494075373e-05,0.0,3.1927887903293595e-05
77,0,0.0008179710130207241,3.5704681522474857e-06,0.0002751035208348185,5.389760190155357e-05,1.3808041330776177e-05,0.0,3.473190372460522e-05
78,0,0.0008402355597354472,3.861355253320653e-06,0.0002865894348360598,0.00010187474981648847,1.2351098121143878e-05,0.0,3.2439904316561297e-05
79,0,0.0007730028009973466,3.7726297250628704e-06,0.00024543103063479066,5.2944873459637165e-05,1.3293083611642942e-05,0.0,3.3792341127991676e-05
80,0,0.0006779802497476339,2.86688896267151e-06,0.0002021945547312498,7.537411875091493e-05,1.0364369700255338e-05,0.0,2.9390099371084943e-05
81,0,0.0005594418616965413,2.9781240300508216e-06,0.00014185515465214849,4.535462358035147e-05,1.04736682260409e-05,0.0,2.6451727535459213e-05
82,0,0.00045973615488037467,2.318645556442789e-06,0.00010931862198049203,5.248462548479438e-05,7.079298484313767e-06,0.0,2.248212695121765e-05
83,0,0.0003908792568836361,2.3769666768203024e-06,5.959658301435411e-05,3.784484579227865e-05,6.717039468639996e-06,0.0,2.2389047444448806e-05
84,0,0.00036345660919323564,2.1081941667944193e-06,4.9270813178736717e-05,4.111814632778987e-05,5.709942342946306e-06,0.0,2.1386005755630322e-05
85,0,0.0003680336521938443,2.0545896859403e-06,5.3161005780566484e-05,4.554008046397939e-05,5.314713234838564e-06,0.0,2.141308505088091e-05
86,0,0.00039671699050813913,2.0660850168496836e-06,6.421747093554586e-05,3.7447436625370756e-05,6.0468273659353144e-06,0.0,2.325177047168836e-05
87,0,0.0004471956635825336,2.4573712380515644e-06,8.568806515540928e-05,5.204186891205609e-05,6.594525075342972e-06,0.0,2.410630986560136e-05
88,0,0.0005173726240172982,2.452510443617939e-06,0.00013536903134081513,3.813052535406314e-05,8.361867003259249e-06,0.0,2.578019120846875e-05
89,0,0.000619561760686338,2.669381728992448e-06,0.00018398633983451873,6.184072844916955e-05,9.642191798775457e-06,0.0,2.7464340746519156e-05
90,0,0.0007587632862851024,3.2806590297695948e-06,0.00024594523711130023,5.1153670938219875e-05,1.270417487830855e-05,0.0,3.313419801997952e-05
91,0,0.0009745999122969806,3.36151151714148e-06,0.0003559317847248167,9.034116374095902e-05,1.5828602045075968e-05,0.0,3.666794509626925e-05
92,0,0.0012090846430510283,4.209732651361264e-06,0.00046399072743952274,7.30872925487347e-05,2.0438765204744413e-05,0.0,4.634092692867853e-05
93,0,0.0014843561220914125,5.384879386838293e-06,0.0006155724404379725,0.00012415702803991735,2.445258360239677e-05,0.0,4.9471585953142494e-05
94,0,0.0015235979808494449,4.646581601264188e-06,0.0006255777552723885,8.507988968631253e-05,2.5931803975254297e-05,0.0,5.489756949828006e-05
95,0,0.0013686349848285317,4.890837317361729e-06,0.0005554325762204826,0.0001177273879875429,2.230205063824542e-05,0.0,4.675636955653317e-05
96,0,0.0008966583991423249,3.397367891011527e-06,0.0003173364093527198,5.337806942407042e-05,1.541255187476054e-05,0.0,3.6842102417722344e-05
97,0,0.0004770601517520845,2.2465565052698366e-06,0.00010830454266397282,4.988538785255514e-05,7.20011394150788e-06,0.0,2.446225335006602e-05
98,0,0.0003231937007512897,1.6350867326764273e-06,3.6917481338605285e-05,3.2853753509698436e-05,4.567873475025408e-06,0.0,2.0610863430192694e-05
99,0,0.00047161622205749154,1.8924702089861967e-06,0.00010833847773028538,3.3182815968757495e-05,7.564151474070968e-06,0.0,2.5256093067582697e-05
100,0,0.0007575799245387316,2.558464530011406e-06,0.00024510553339496255,7.28929226170294e-05,1.1744034964067396e-05,0.0,3.195826502633281e-05
101,0,0.00031171669252216816,1.3468011275108438e-06,3.592537541408092e-05,3.016783739440143e-05,4.47681350124185e-06,0.0,1.9950855858041905e-05
102,0,0.00029264535987749696,1.2427616411514464e-06,3.8109188608359545e-05,2.28880817303434e-05,5.134233560966095e-06,0.0,1.7906297216541134e-05
103,0,0.00026483411784283817,7.625137072864163e-07,3.329390165163204e-05,1.6080550267361104e-05,3.5649256915348815e-06,0.0,1.7904789274325594e-05
104,0,0.0002579993160907179,6.692598049085063e-07,3.2023694075178355e-05,1.3107829545333516e-05,3.0067833449720638e-06,0.0,1.8213069779449143e-05
105,0,0.000249681033892557,4.938164011036861e-07,2.923416468547657e-05,1.3521887012757361e-05,2.5803130938584218e-06,0.0,1.806280306482222e-05
106,0,0.00024271319853141904,3.8227625509534846e-07,2.584903450042475e-05,1.4134881894278806e-05,2.410712568234885e-06,0.0,1.7823987946030684e-05
107,0,0.00023664494801778346,2.5630762934270024e-07,2.4419072360615246e-05,1.3889001820643898e-05,2.5100798666244373e-06,0.0,1.72979762282921e-05
108,0,0.00023080225219018757,1.9906093484678422e-07,2.3623615561518818e-05,1.3323142411536537e-05,2.174150267819641e-06,0.0,1.7191492588608526e-05
109,0,0.00022732399520464242,1.6382652745505766e-07,2.166078229492996e-05,1.334045737166889e-05,2.0630168364732526e-06,0.0,1.7152875443571247e-05
110,0,0.00022528323461301625,1.5657533936064283e-07,2.045587098109536e-05,1.2869470083387569e-05,2.238626393591403e-06,0.0,1.694150523690041e-05
111,0,0.00022184454428497702,1.6891490872694703e-07,1.8741542589850724e-05,1.216513555846177e-05,2.2209114831639454e-06,0.0,1.68559836311033e-05
112,0,0.00021946083870716393,1.9856507549320668e-07,1.7802751244744286e-05,1.2390531082928646e-05,2.2570040982827777e-06,0.0,1.664989576966036e-05
113,0,0.0002149820065824315,2.4866358216968365e-07,1.640122354729101e-05,1.3334247341845185e-05,2.176378529838985e-06,0.0,1.6323408999596722e-05
114,0,0.0002124305465258658,2.702846302327089e-07,1.569356390973553e-05,1.3587915418611374e-05,2.2402291506296024e-06,0.0,1.604765020601917e-05
115,0,0.0002104925224557519,2.7538010272110114e-07,1.578611772856675e-05,1.3222554116509855e-05,2.2762915250496008e-06,0.0,1.584455640113447e-05
116,0,0.0002067954046651721,3.0840479325888737e-07,1.5515390259679407e-05,1.1426321179897059e-05,2.0988200049032457e-06,0.0,1.5855708625167608e-05
117,0,0.00020348947145976126,2.392081341895391e-07,1.570575295772869e-05,9.379949005960952e-06,1.9911728941224283e-06,0.0,1.58252842084039e-05
118,0,0.00019993929890915751,2.2634685592493042e-07,1.5711140804341994e-05,9.414721716893837e-06,1.938614332175348e-06,0.0,1.5520094166276976e-05
119,0,0.00019593739125411958,3.0398774697459885e-07,1.455690016882727e-05,1.0091466720041353e-05,2.038913180513191e-06,0.0,1.5059590623422991e-05
120,0,0.00019223909475840628,3.415869116452086e-07,1.411464108969085e-05,1.0791648492158856e-05,1.9734975467144977e-06,0.0,1.4725625078426674e-05
121,0,0.0001886266254587099,3.5720822211260383e-07,1.4457196812145412e-05,1.1667836588458158e-05,1.9187659745512065e-06,0.0,1.4295671462605242e-05
122,0,0.00018457727856002748,3.6310225937086216e-07,1.4741609447810333e-05,1.0635074431775138e-05,1.97316012418014e-06,0.0,1.3910588677390479e-05
123,0,0.00018234332674182951,2.995181205278641e-07,1.4446602108364459e-05,1.0167635082325432e-05,1.98982206711662e-06,0.0,1.3753135135630146e-05
124,0,0.0001802084589144215,2.980495423798857e-07,1.4539804396918043e-05,1.0556108463788405e-05,2.0471766219998244e-06,0.0,1.343427265965147e-05
125,0,0.00017753466090653092,3.0017795893400034e-07,1.4199535144143738e-05,1.0104590728587937e-05,1.9755493667616975e-06,0.0,1.3317486263986211e-05
126,0,0.00017369468696415424,2.6095287353200547e-07,1.4400870895769913e-05,1.0365222806285601e-05,1.8606478988658637e-06,0.0,1.300611620536074e-05
127,0,0.0001696292747510597,3.0919898108550115e-07,1.3179199413571041e-05,1.1705828001140617e-05,1.908178091980517e-06,0.0,1.2535327186924405e-05
128,0,0.0001661686401348561,3.445912852839683e-07,1.3775369552604388e-05,1.2561396033561323e-05,1.8847631508833729e-06,0.0,1.2063965186825953e-05
129,0,0.0001622590352781117,3.539881845426862e-07,1.4812904737482313e-05,1.2693383723672014e-05,1.8410761413178989e-06,0.0,1.159879957413068e-05
130,0,0.00015862894360907376,3.8042620076339517e-07,1.4792769434279762e-05,1.286904989683535e-05,1.8031331592283095e-06,0.0,1.1255536264798138e-05
131,0,0.000155102155986242,3.541958619734942e-07,1.5513774997089058e-05,1.3647031664731912e-05,1.840145387177472e-06,0.0,1.07185696833767e-05
132,0,0.00015021390572655946,3.574115794435784e-07,1.723177956591826e-05,1.4783699953113683e-05,1.7820766515797004e-06,0.0,1.0002024282584898e-05
133,0,0.00014514793292619288,3.601514038109599e-07,1.8144288333132863e-05,1.538321521366015e-05,1.7630972024562652e-06,0.0,9.36293145059608e-06
134,0,0.00013816726277582347,3.5058019420830533e-07,2.082243372569792e-05,1.701814471744001e-05,1.6769045032560825e-06,0.0,8.320706911035813e-06
135,0,0.000128516650875099,3.326362616462575e-07,2.317724829481449e-05,1.802540646167472e-05,1.6101893152153934e-06,0.0,7.087946869432926e-06
136,0,0.00012070008961018175,3.347041399592854e-07,2.3093150957720354e-05,1.8152573829866014e-05,1.3758931345364545e-06,0.0,6.5360727603547275e-06
137,0,0.00010925513925030828,3.5209311022299516e-07,2.0074958229088224e-05,1.9156101188855246e-05,1.4026915096110315e-06,0.0,5.5645068641752005e-06
138,0,9.918931755237281e-05,2.82471916079885e-07,1.9203558622393757e-05,1.8562674085842445e-05,1.1370425454515498e-06,0.0,4.977019216312328e-06
139,0,9.313142800237983e-05,2.5103761913669587e-07,1.939728099387139e-05,1.9719573174370453e-05,1.0650176136550726e-06,0.0,4.311335942475125e-06
140,0,8.583141607232392e-05,2.6605218295117083e-07,1.7133472283603624e-05,2.19913235923741e-05,1.083046299754642e-06,0.0,3.5610109989647754e-06
141,0,8.071753109106794e-05,2.3815957206352323e-07,1.7234115148312412e-05,2.1200090486672707e-05,1.1082429409725592e-06,0.0,3.0962737582740374e-06
142,0,7.460048072971404e-05,2.6065089286930743e-07,1.7516724255983718e-05,2.1258194465190172e-05,9.52059963310603e-07,0.0,2.6044310743600363e-06
143,0,6.986311927903444e-05,2.8363626825012034e-07,1.7162026779260486e-05,2.1768542865174823e-05,9.520254593553545e-07,0.0,2.112865331582725e-06
144,0,6.632606528000906e-05,2.615756500290445e-07,1.6289715858874843e-05,2.0393208615132608e-05,8.090640903901658e-07,0.0,2.1290920813044067e-06
145,0,6.12522053415887e-05,2.725944625581178e-07,1.5238661035255063e-05,2.111297544615809e-05,8.14541635918431e-07,0.0,1.648255533837073e-06
146,0,5.7062588894041255e-05,2.97194873155604e-07,1.4930139514035545e-05,1.986742063309066e-05,7.987036383383384e-07,0.0,1.3980796893520164e-06
147,0,5.304671503836289e-05,2.7027442683902336e-07,1.47546734297066e-05,1.817475822463166e-05,7.284341450031206e-07,0.0,1.256266955351748e-06
148,0,4.943530075252056e-05,2.7679698177962564e-07,1.4356479368871078e-05,1.6169959053513594e-05,6.50320430395368e-07,0.0,1.2128863318139338e-06
149,0,4.628149690688588e-05,2.789177244721941e-07,1.4312328858068213e-05,1.5618445104337297e-05,6.565378498635255e-07,0.0,9.506427431915654e-07
150,0,4.334350524004549e-05,2.8020116360494285e-07,1.4536679373122752e-05,1.5082590834936127e-05,5.753830123467196e-07,0.0,7.690203460697376e-07
151,10,0.0029939746018499136,1.9291085209260928e-06,0.0010834467830136418,0.0015034961979836226,2.4332341126864776e-05,0.0,1.6177920770132914e-05
152,10,0.009718764573335648,4.8450797294208314e-06,0.0018763832049444318,0.0023536200169473886,0.00025314115919172764,0.0,0.0002952503855340183
153,10,0.023422472178936005,1.4163212654239032e-05,0.0008888195152394474,0.0034043791238218546,0.0007171658799052238,0.0,0.0011943451827391982
154,10,0.003575867973268032,4.792679646925535e-06,0.0009775115177035332,0.0012485400075092912,6.605227827094495e-05,0.0,6.845008465461433e-05
155,10,0.05154938995838165,2.3560414774692617e-05,0.0007526280242018402,0.00416178721934557,0.0016934744780883193,0.0,0.002967667067423463
156,10,0.04377279430627823,7.20800380804576e-05,0.0010009240359067917,0.005151035264134407,0.0012666000984609127,0.0,0.0024882752913981676
157,10,0.02159123308956623,8.558874105801806e-05,0.004208361264318228,0.00988007616251707,0.00048373849131166935,0.0,0.00025798234855756164
158,10,0.027762282639741898,7.702339644310996e-05,0.004236631561070681,0.0051052989438176155,0.0012540480820462108,0.0,0.0005802846280857921
159,10,0.008489467203617096,8.742258796701208e-05,0.002269166521728039,0.0009317611111328006,0.000370864465367049,0.0,0.00014924726565368474
160,10,0.026263907551765442,5.370808867155574e-05,0.0015027840854600072,0.006224597804248333,0.0007953325402922928,0.0,0.001052949228323996
161,10,0.022376205772161484,3.309717430965975e-05,0.0036872997879981995,0.005105084739625454,0.0008049738244153559,0.0,0.0005500984261743724
162,10,0.018134627491235733,7.015343726379797e-05,0.004904620815068483,0.005948714911937714,0.0002613042888697237,0.0,0.00045980961294844747
163,10,0.014245291240513325,6.0238849982852116e-05,0.0022079895716160536,0.0020895968191325665,0.0005293090362101793,0.0,0.0004594375495798886
164,10,0.008493533357977867,5.790726572740823e-05,0.0006161882192827761,0.0027328284922987223,0.0001903963857330382,0.0,0.00031826458871364594
165,10,0.005476710386574268,7.258599362103269e-05,0.0007248692563734949,0.001474123215302825,0.00013794522965326905,0.0,0.00018256796465720981
166,10,0.012101536616683006,5.863565456820652e-05,0.0009352006600238383,0.003408019198104739,0.00044228797196410596,0.0,0.00032768011442385614
167,10,0.005874104332178831,5.059305112808943e-05,0.0008194083929993212,0.002363777020946145,0.0001896984758786857,0.0,7.433412247337401e-05
168,10,0.01976601779460907,5.7966815802501515e-05,0.0013769000070169568,0.004840071778744459,0.00046487481449730694,0.0,0.0008842331008054316
169,10,0.018965406343340874,5.5333206546492875e-05,0.003154042409732938,0.0043617249466478825,0.0003777378879021853,0.0,0.0007616926450282335
170,10,0.009998943656682968,2.8384545657900162e-05,0.0016775168478488922,0.0018461571307852864,0.0004686657339334488,0.0,0.0001760227169143036
171,10,0.012808188796043396,3.4592470910865813e-05,0.0013555805198848248,0.004721181467175484,0.00035548117011785507,0.0,0.00031420227605849504
172,10,0.007259336765855551,4.009292388218455e-05,0.0018047067569568753,0.001473412150517106,0.0002531576610635966,0.0,0.00014095479855313897
173,10,0.008047186769545078,2.3519234673585743e-05,0.0004876582825090736,0.0012402194552123547,0.00022811847156845033,0.0,0.0004014604492112994
174,10,0.0063662342727184296,1.7533086065668613e-05,0.001158003113232553,0.0011292272247374058,0.00020970928017050028,0.0,0.00019643780251499265
175,10,0.006187005899846554,9.004188541439362e-06,0.0006874202517792583,0.0011674317065626383,0.0001755823177518323,0.0,0.0002567326882854104
176,10,0.004763108678162098,1.0193398338742554e-05,0.0005806015687994659,0.0007801444735378027,0.0001946305565070361,0.0,0.00014458635996561497
177,10,0.003776306053623557,1.3068185580777936e-05,0.0005691622500307858,0.0003776754019781947,0.00010466320236446336,0.0,0.00017697681323625147
178,10,0.0075080618262290955,1.1104752047685906e-05,0.00047058379277586937,0.0005119246779941022,0.0004229756013955921,0.0,0.00022846927458886057
179,10,0.0062172068282961845,8.918755156628322e-06,0.0005511260242201388,0.000498314737342298,0.0003195529570803046,0.0,0.00019633176270872355
180,10,0.005648438818752766,7.572080903628375e-06,0.0006556830485351384,0.0005601623561233282,0.000184542455826886,0.0,0.00025795967667363584
181,10,0.00487550301477313,6.179997853905661e-06,0.0008239489980041981,0.0006415121024474502,0.00023736275034025311,0.0,0.00010302347072865814
182,10,0.006357267498970032,5.696866992366267e-06,0.0007058356422930956,0.001537462929263711,0.00016420702741015702,0.0,0.0002466201549395919
183,10,0.003017575480043888,1.2130810318922158e-05,0.0008339951746165752,0.0002339963975828141,0.00016590682207606733,0.0,2.783848140097689e-05
184,10,0.008277161978185177,1.5762758266646415e-05,0.0004824087372981012,0.0010634207865223289,0.00023173016961663961,0.0,0.0004398267774377018
185,10,0.004185601603239775,8.657556463731453e-06,0.0006863579037599266,0.0001657130051171407,0.00016162983956746757,0.0,0.00017085745639633387
186,10,0.010816829279065132,1.4107788956607692e-05,0.0007266801549121737,0.0029326521325856447,0.0002643358602654189,0.0,0.00045000301906839013
187,10,0.00992575567215681,1.2111134310544003e-05,0.00045878824312239885,0.001422946690581739,0.0003444690373726189,0.0,0.00045872191549278796
188,10,0.004046726040542126,1.4210127119440585e-05,0.0009019796852953732,0.000975339615251869,6.434413080569357e-05,0.0,0.00015117553994059563
189,10,0.0035273812245577574,1.3320048310561106e-05,0.0003643932577688247,0.0003946146462112665,9.247809066437185e-05,0.0,0.0001830272376537323
190,10,0.0059382193721830845,2.05120140890358e-05,0.001006881007924676,0.0018973060650750995,0.00013688353647012264,0.0,0.0001644684816710651
191,10,0.00361310294829309,1.739221806928981e-05,0.000639337464235723,0.0009632851579226553,9.601391502656043e-05,0.0,0.00010329489305149764
192,10,0.008441374637186527,2.0946661607013084e-05,0.0009111931431107223,0.001864211866632104,0.0001699410640867427,0.0,0.00039456121157854795
193,10,0.00865902379155159,2.563810812716838e-05,0.00116241117939353,0.0023349078837782145,0.00015483112656511366,0.0,0.00035877551999874413
194,10,0.003333419794216752,1.2083483852620702e-05,0.0004456828173715621,0.0002852511534001678,0.00014956163067836314,0.0,0.00010947862028842792
195,10,0.003901836695149541,1.1961982636421453e-05,0.0007157582440413535,0.0012604998191818595,0.0001080393631127663,0.0,8.332229481311515e-05
196,10,0.0053412942215800285,1.3588134606834501e-05,0.0005134296952746809,0.000284862908301875,0.0001868599356384948,0.0,0.00026608139160089195
197,10,0.0037120345514267683,1.3723143638344482e-05,0.00042907719034701586,0.0005694397841580212,7.435101724695414e-05,0.0,0.0001956284249899909
198,10,0.0058149779215455055,1.235909712704597e-05,0.0004779971786774695,0.0005024379352107644,0.00029367615934461355,0.0,0.00018854222435038537
199,10,0.005240527912974358,9.296230018662754e-06,0.0005529971094802022,0.0006588603719137609,0.00022403322509489954,0.0,0.0001779042067937553
200,10,0.003602747805416584,1.3573120668297634e-05,0.0004131408059038222,0.00021854239457752556,0.00011887627624673769,0.0,0.00017687288345769048
201,10,0.002733198693022132,1.0788482541101985e-05,0.00033122781314887106,0.0001969363947864622,9.411937207914889e-05,0.0,0.0001253052323590964
202,10,0.006250257603824139,1.1450250894995406e-05,0.000513610546477139,0.0008371682488359511,0.00023879790387582034,0.0,0.00025000495952554047
203,10,0.00480162538588047,1.0587376891635358e-05,0.0003937949950341135,0.0004340122686699033,0.00022058542526792735,0.0,0.00017573765944689512
204,10,0.003966941963881254,8.611179509898648e-06,0.0005004701088182628,0.0006602623616345227,8.063147834036499e-05,0.0,0.00019912836432922632
205,10,0.003329229075461626,8.160483957908582e-06,0.0004201941192150116,0.00015838607214391232,0.00010755687981145456,0.0,0.00016669195611029863
206,10,0.005146290175616741,7.314597496588249e-06,0.0005228081718087196,0.0013368232175707817,0.00014285701035987586,0.0,0.000185077398782596
207,10,0.004048238508403301,8.169785360223614e-06,0.0004994965274818242,0.0006016195984557271,0.00014574453234672546,0.0,0.00014815074973739684
208,10,0.004554646089673042,1.245752446266124e-05,0.000403212703531608,0.0009451004443690181,9.256775956600904e-05,0.0,0.00022681980044580996
209,10,0.004362089559435844,1.0559330803516787e-05,0.0004162066034041345,0.0006543251220136881,0.00010324857430532575,0.0,0.00022485123190563172
210,10,0.0028638397343456745,7.0081514422781765e-06,0.00040714367059990764,0.0008536324021406472,7.87277240306139e-05,0.0,8.08778204373084e-05
211,10,0.0020620066206902266,6.83005828250316e-06,0.0003590117848943919,0.000496896100230515,6.36519689578563e-05,0.0,5.627489372272976e-05
212,10,0.0054222596809268,1.0103901331603993e-05,0.00045807790593244135,0.0011260721366852522,0.00011464945418993011,0.0,0.00026815111050382257
213,10,0.004083722829818726,9.937360118783545e-06,0.0003673958999570459,0.0008760073687881231,8.139268175000325e-05,0.0,0.00020164554007351398
214,10,0.003705331590026617,8.934651305025909e-06,0.0004725780163425952,0.0007941669900901616,0.00011451353202573955,0.0,0.0001284516474697739
215,10,0.00317975552752614,6.333097189781256e-06,0.00037885678466409445,0.0009340200340375304,8.78460705280304e-05,0.0,9.820848208619282e-05
216,10,0.004128745757043362,1.2551186955533922e-05,0.0005032168701291084,0.0004972912720404565,0.00010134143667528406,0.0,0.00021022718283347785
217,10,0.0033077006228268147,1.1217201972613111e-05,0.00035298222792334855,0.0006549071986228228,6.323399429675192e-05,0.0,0.00016562541713938117
218,10,0.00424412963911891,1.0963434760924429e-05,0.0005603506579063833,0.0006557590095326304,0.00015210751735139638,0.0,0.0001495981268817559
219,10,0.0038893164601176977,9.962710464606062e-06,0.00045120762661099434,0.0008768353145569563,0.0001178860547952354,0.0,0.0001372450205963105
220,10,0.0030294754542410374,8.836776942189317e-06,0.00044968409929424524,0.00027860107365995646,8.226389036281034e-05,0.0,0.00014697146252729
221,10,0.0025459802709519863,9.694438631413504e-06,0.0003638693306129426,0.00036069611087441444,5.3732153901364654e-05,0.0,0.000127439881907776
222,10,0.004543936811387539,9.346661499876063e-06,0.0005170407239347696,0.0007082014344632626,0.0001680903951637447,0.0,0.0001628444151720032
223,10,0.004063958767801523,9.224156201526057e-06,0.0004589723830576986,0.0007312939269468188,0.00014207088679540902,0.0,0.00014437595382332802
224,10,0.0026716715656220913,9.677016350906342e-06,0.0003977507003583014,0.0002755554160103202,6.881979061290622e-05,0.0,0.0001300490548601374
225,10,0.0023793033324182034,8.785728823568206e-06,0.00033620730391703546,0.0002655845892149955,5.615928239421919e-05,0.0,0.00012071327364537865
226,10,0.004110558424144983,9.225285793945659e-06,0.000498814566526562,0.0007079484057612717,0.00014532952627632767,0.0,0.00014412746531888843
227,10,0.003468524431809783,8.200060619856231e-06,0.00038606219459325075,0.0005660623428411782,0.00012761054676957428,0.0,0.00012320943642407656
228,10,0.0028440593741834164,9.382724783790763e-06,0.000422396173235029,0.00038501323433592916,6.713693437632173e-05,0.0,0.00013558979844674468
229,10,0.0023973090574145317,9.255642908101436e-06,0.000306128611555323,0.0002500393020454794,6.306120485533029e-05,0.0,0.00012012736988253891
230,10,0.0038022457156330347,9.121925359067973e-06,0.000542852038051933,0.0007702864822931588,0.0001239686389453709,0.0,0.0001240298879565671
231,10,0.003047070000320673,7.357536560448352e-06,0.00037975958548486233,0.0005361858056858182,0.0001115940758609213,0.0,0.00010078262130264193
232,10,0.0031932892743498087,9.133582352660596e-06,0.0005118566332384944,0.00048411564785055816,6.894458056194708e-05,0.0,0.00014987375470809639
233,10,0.002621991327032447,8.138586963468697e-06,0.0003338816459290683,0.0003331607149448246,6.647728150710464e-05,0.0,0.00012820375559385866
234,10,0.0035192479845136404,1.0001371265389025e-05,0.0005824200343340635,0.0007364391349256039,0.00010500871576368809,0.0,0.00011403003736631945
235,10,0.002805436961352825,7.494029432564275e-06,0.00037887069629505277,0.000550594471860677,9.500838496023789e-05,0.0,9.183938527712598e-05
236,10,0.003349476959556341,9.548828529659659e-06,0.0005542388535104692,0.0005098209367133677,6.936225690878928e-05,0.0,0.00015822458954062313
237,10,0.0028138691559433937,8.672279363963753e-06,0.0003725140413735062,0.0003991822595708072,6.364374712575227e-05,0.0,0.00013970631698612124
238,10,0.0032025896944105625,8.965830602392089e-06,0.000572472286876291,0.0006812599021941423,9.487910574534908e-05,0.0,9.911003871820867e-05
239,10,0.002657226985320449,7.225617537187645e-06,0.00038850863347761333,0.0005535862874239683,8.379860810237005e-05,0.0,8.699205500306562e-05
240,10,0.003348084632307291,9.011857400764711e-06,0.000530093617271632,0.0005348100676201284,7.200256368378177e-05,0.0,0.0001554143673274666
241,10,0.002884110901504755,8.371303920284845e-06,0.0003725726855918765,0.0004578288353513926,6.164670048747212e-05,0.0,0.00014288710372056812
242,10,0.002978537231683731,8.762912329984829e-06,0.0005426898715086281,0.0006356671219691634,9.166853851638734e-05,0.0,8.747319952817634e-05
243,10,0.002545313211157918,7.070947503962088e-06,0.0003670880105346441,0.0005839045043103397,7.969140278873965e-05,0.0,7.903357618488371e-05
244,10,0.0032303789630532265,8.935335245041642e-06,0.0005218278965912759,0.0004976691561751068,7.080825889715925e-05,0.0,0.00014938639651518315
245,10,0.0027808616869151592,8.452640031464398e-06,0.00034047456574626267,0.00048398200306110084,5.951337516307831e-05,0.0,0.0001352818653685972
246,10,0.0029071641620248556,8.423648068855982e-06,0.0005532709183171391,0.0005779036437161267,8.937304664868861e-05,0.0,8.738354517845437e-05
247,10,0.002493863459676504,6.586963991139783e-06,0.00034664536360651255,0.0005952377687208354,7.675131928408518e-05,0.0,7.778801955282688e-05
248,10,0.003106761956587434,8.612618330516852e-06,0.0005376413464546204,0.0004408938984852284,6.75602350383997e-05,0.0,0.00014440117229241878
249,10,0.0026508804876357317,8.126106877170969e-06,0.00031941235647536814,0.00045901405974291265,5.460357715492137e-05,0.0,0.00013182921975385398
250,10,0.002915796125307679,9.061561286216602e-06,0.0005788620328530669,0.000557353429030627,9.029940702021122e-05,0.0,8.675251592649147e-05
251,10,0.0004257018445059657,2.5591607482056133e-06,0.0002864731941372156,4.294157406548038e-05,4.6685181587236e-06,0.0,4.7042722144396976e-06
252,10,0.00036701501812785864,1.6307321857311763e-06,0.00026409697602503,3.369107798789628e-05,3.105855739704566e-06,0.0,3.653763087640982e-06
253,10,0.0003385703021194786,1.910070977828582e-06,0.00024122510512825102,3.273807669756934e-05,3.387121068954002e-06,0.0,2.8825836579926545e-06
254,10,0.00031839360599406064,1.9766764580708696e-06,0.00023165586753748357,2.1518206267501228e-05,3.5545670016290387e-06,0.0,2.769717411865713e-06
255,10,0.00030456934473477304,1.9411247649259167e-06,0.00022497022291645408,1.7807189578888938e-05,3.182725322403712e-06,0.0,2.8023566756019136e-06
256,10,0.0002967859909404069,1.943978077179054e-06,0.00022161462402436882,1.5439554772456177e-05,3.0623273232777137e-06,0.0,2.716455583140487e-06
257,10,0.0002915748627856374,2.1803223262395477e-06,0.00021200088667683303,1.6246101949946024e-05,3.357487003086135e-06,0.0,2.757269157882547e-06
258,10,0.00028702945564873517,2.1454036414070288e-06,0.0002072362694889307,1.592149965290446e-05,3.3225044262508163e-06,0.0,2.8501231099653523e-06
259,10,0.00028287468012422323,2.310870286237332e-06,0.00020352998399175704,1.349111244053347e-05,3.418704181967769e-06,0.0,2.9355678634601645e-06
260,10,0.00028026782092638314,2.1675907646567794e-06,0.00020492757903411984,1.2708163012575824e-05,3.116962489002617e-06,0.0,2.92948652713676e-06
261,10,0.00027777065406553447,2.240567482658662e-06,0.0002011963224504143,1.234240971825784e-05,3.258785682191956e-06,0.0,2.9403479402390076e-06
262,10,0.0002749284030869603,2.198343281634152e-06,0.0001988213771255687,1.3676924936589785e-05,3.1917832075123442e-06,0.0,2.8313925213296898e-06
263,10,0.0002725882804952562,2.098503728120704e-06,0.00019807011994998902,1.3254307305032853e-05,3.1118897823034786e-06,0.0,2.8046456463926006e-06
264,10,0.00027018607943318784,2.057690153378644e-06,0.00019799653091467917,1.2346565199550241e-05,2.9764337341475766e-06,0.0,2.8020974696119083e-06
265,10,0.00026847788831219077,2.0058998870808864e-06,0.00019343943858984858,1.2424326996551827e-05,2.9614989216497634e-06,0.0,3.0993246582511347e-06
266,10,0.000266476534307003,2.0099987523281015e-06,0.0001899164344649762,1.30104563140776e-05,2.929956508523901e-06,0.0,3.224006150048808e-06
267,10,0.00026500236708670855,1.9785591121035395e-06,0.0001880769123090431,1.35441705424455e-05,2.8808703973481897e-06,0.0,3.2594016374787316e-06
268,10,0.00026394310407340527,1.9428478026384255e-06,0.00018687827105168253,1.3183093869884033e-05,2.829310005836305e-06,0.0,3.3645815165073145e-06
269,10,0.00026270098169334233,1.8657436839930597e-06,0.00018676446052268147,1.3515064892999362e-05,2.7147214041178813e-06,0.0,3.3408509807486553e-06
270,10,0.00026065128622576594,1.953397713805316e-06,0.0001836419542087242,1.3571372619480826e-05,2.822607712005265e-06,0.0,3.3258477287745336e-06
271,10,0.00025891076074913144,1.903217821563885e-06,0.0001817125012166798,1.4406842637981754e-05,2.7367971142666647e-06,0.0,3.3520229862915585e-06
272,10,0.00025725841987878084,1.90699984159437e-06,0.00018087854550685734,1.4295847904577386e-05,2.7817477530334145e-06,0.0,3.2359553188143764e-06
273,10,0.0002553858212195337,1.91426897799829e-06,0.00018137601728085428,1.4446401110035367e-05,2.7512678570928983e-06,0.0,3.0136434361338615e-06
274,10,0.00025380050647072494,1.8914587371909874e-06,0.00017971215129364282,1.369617984892102e-05,2.7785010843217606e-06,0.0,3.0715718821738847e-06
275,10,0.00025216623907908797,1.941299842656008e-06,0.0001803549675969407,1.2833068467443809e-05,2.821761654558941e-06,0.0,2.8819270028179744e-06
276,10,0.00025086975074373186,2.0320244402682874e-06,0.0001771876122802496,1.2771598449035082e-05,2.9861994335078634e-06,0.0,2.901649622799596e-06
277,10,0.0002490063779987395,2.0045486053277273e-06,0.00017421721713617444,1.3594701158581302e-05,2.9838279260729905e-06,0.0,2.9351629109442e-06
278,10,0.00024756917264312506,1.9932024315494346e-06,0.00017175691027659923,1.3564732398663182e-05,2.9905850169598125e-06,0.0,3.03484966934775e-06
279,10,0.0002461640688125044,2.0502525330812205e-06,0.0001690448698354885,1.2695783880189992e-05,3.0830756259092595e-06,0.0,3.1542401757178595e-06
280,10,0.00024494234821759164,2.0163070075795986e-06,0.00016800648882053792,1.1913325579371303e-05,3.1461545404454228e-06,0.0,3.1544675493933028e-06
281,10,0.00024382230185437948,2.0098298136872472e-06,0.000165792356710881,1.1966681995545514e-05,3.1867632515059086e-06,0.0,3.218580559405382e-06
282,10,0.00024241478240583092,2.0280447188270045e-06,0.0001652814244152978,1.1716478184098378e-05,3.145020400552312e-06,0.0,3.193864813511027e-06
283,10,0.00024095473054330796,2.0284726360841887e-06,0.0001643798459554091,1.1944501238758676e-05,3.121441295661498e-06,0.0,3.1387489798362367e-06
284,10,0.000238524517044425,2.044757593466784e-06,0.00016044187941588461,1.2654284546442796e-05,3.031354708582512e-06,0.0,3.307004817543202e-06
285,10,0.00023718582815490663,2.0372565359139116e-06,0.00015760217502247542,1.376517684548162e-05,3.056507694054744e-06,0.0,3.3216144856851315e-06
286,10,0.0002358470665058121,2.085513187921606e-06,0.00015579938190057874,1.2930474440508988e-05,3.108602186330245e-06,0.0,3.3945684663194697e-06
287,10,0.0002347957924939692,2.0034683529956965e-06,0.00015742925461381674,1.2855906788900029e-05,2.9528541745094117e-06,0.0,3.2978621220536297e-06
288,10,0.00023304473143070936,2.0022550870635314e-06,0.00015560367319267243,1.285756388824666e-05,2.9499542506528087e-06,0.0,3.3081705623771995e-06
289,10,0.00023194348614197224,2.0543513983284356e-06,0.00015438268019352108,1.3260781997814775e-05,2.994656369992299e-06,0.0,3.229910589652718e-06
290,10,0.00023101434635464102,2.0130587472522166e-06,0.00015400662960018963,1.3164694792067166e-05,2.934817530331202e-06,0.0,3.2481793823535554e-06
291,10,0.00022979133063927293,2.0273394056857796e-06,0.00015458627603948116,1.2888075616501737e-05,2.9329778499231907e-06,0.0,3.0959854484535754e-06
292,10,0.00022878326126374304,2.0640945876948535e-06,0.00015293655451387167,1.2802252967958339e-05,2.9845850804122165e-06,0.0,3.11345002046437e-06
293,10,0.00022753250959794968,2.054581955235335e-06,0.000150126768858172,1.3417627997114323e-05,2.9846855795767624e-06,0.0,3.208668204024434e-06
294,10,0.00022636365611106157,2.0491559098445578e-06,0.00014739588368684053,1.4018330148246605e-05,2.9764150895061903e-06,0.0,3.313613206046284e-06
295,10,0.0002250596007797867,2.0866641534666996e-06,0.00014364870730787516,1.4440932318393607e-05,3.0371891170943854e-06,0.0,3.451140628385474e-06
296,10,0.0002232371480204165,2.022673470492009e-06,0.00014081022527534515,1.407507443218492e-05,3.0285264074336737e-06,0.0,3.6043904856342124e-06
297,10,0.00022145523689687252,1.9986832739959937e-06,0.0001377761218464002,1.3655423572345171e-05,3.0964288271206897e-06,0.0,3.706071083797724e-06
298,10,0.0002204353513661772,2.0297607079555746e-06,0.00013651922927238047,1.3619202036352362e-05,3.164364898111671e-06,0.0,3.6623521282308502e-06
299,10,0.00021915910474490374,2.0422669422259787e-06,0.00013589956506621093,1.3818444131175056e-05,3.1022439088701503e-06,0.0,3.6376379739522235e-06
300,10,0.00021756012574769557,1.9826927655230975e-06,0.0001346147182630375,1.415819951944286e-05,3.0504031656164443e-06,0.0,3.6300471037975512e-06
301,20,0.00497862696647644,7.640109288331587e-06,0.0008872232865542173,0.0006436923868022859,0.00012793934729415923,0.0,0.00021606778318528086
302,20,0.00945455301553011,3.570549233700149e-05,0.0021227672696113586,0.002071141032502055,0.00017130894411820918,0.0,0.0003511849499773234
303,20,0.0052796341478824615,1.793510455172509e-05,0.0012686908012256026,0.0007704230374656618,0.0001281338627450168,0.0,0.00019412465917412192
304,20,0.016032809391617775,2.435604255879298e-05,0.0036362793762236834,0.003252647118642926,6.908381328685209e-05,0.0,0.0008428688161075115
305,20,0.013275312259793282,2.455685353197623e-05,0.002697140909731388,0.002086471999064088,9.018473792821169e-05,0.0,0.0007565295090898871
306,20,0.005430706776678562,2.7486059479997493e-05,0.0018574405694380403,0.0015123526100069284,7.246296445373446e-05,0.0,0.00013087976549286395
307,20,0.0042920843698084354,2.6401834475109354e-05,0.0016576624475419521,0.0009730407036840916,5.752324796048924e-05,0.0,0.00010597469372441992
308,20,0.012208834290504456,2.1592102712020278e-05,0.00249383132904768,0.002744797384366393,0.00010201497934758663,0.0,0.0005928463651798666
309,20,0.010075895115733147,1.702185909380205e-05,0.00246977130882442,0.002333658980205655,0.0001088766657630913,0.0,0.0004166676662862301
310,20,0.007070707622915506,5.7348031987203285e-05,0.0011704993667080998,0.001643808209337294,0.0001447519171051681,0.0,0.0002751532883848995
311,20,0.008505347184836864,6.458244752138853e-05,0.0013921299250796437,0.002437795512378216,0.00012021936709061265,0.0,0.0003408645570743829
312,20,0.0033533493988215923,2.177009082515724e-05,0.0010467736283317208,0.0002445537829771638,8.750244160182774e-05,0.0,0.00011652275861706585
313,20,0.0031573267187923193,1.9130970031255856e-05,0.0010887074749916792,0.0003202318330295384,6.148583634058014e-05,0.0,0.00011143980373162776
314,20,0.006743677891790867,3.428511263336986e-05,0.0015355871291831136,0.001931032515130937,6.234773900359869e-05,0.0,0.00026192955556325614
315,20,0.0038901350926607847,1.8370070392847992e-05,0.0011541742132976651,0.0008660302264615893,6.20602659182623e-05,0.0,0.000123095785966143
316,20,0.011638104915618896,3.124542854493484e-05,0.0027019064873456955,0.002636244520545006,8.869536395650357e-05,0.0,0.0005381755181588233
317,20,0.011485761031508446,2.8387445127009414e-05,0.0021804675925523043,0.0027781808748841286,9.456004772800952e-05,0.0,0.0005553124938160181
318,20,0.002426128601655364,1.2488169886637479e-05,0.0013597338693216443,0.00033370728488080204,2.6276984499418177e-05,0.0,4.5742937800241634e-05
319,20,0.005461216438561678,2.1784378986922093e-05,0.0017899393569678068,0.0013785406481474638,4.130339584662579e-05,0.0,0.00018579181050881743
320,20,0.0023392722941935062,7.06903483660426e-06,0.0010652767959982157,0.00024325175036210567,2.87672046397347e-05,0.0,7.360025483649224e-05
321,20,0.0029132042545825243,7.95946743892273e-06,0.0013227626914158463,0.0003911526291631162,2.4340070012840442e-05,0.0,9.479287109570578e-05
322,20,0.004881911911070347,1.53342498379061e-05,0.0012133187847211957,0.0011610515648499131,4.406270454637706e-05,0.0,0.0002051579940598458
323,20,0.0023936047218739986,9.869290806818753e-06,0.0011418504873290658,0.00036269117845222354,2.213281550211832e-05,0.0,6.578655302291736e-05
324,20,0.007875418290495872,1.507115302956663e-05,0.0016193954506888986,0.0017471947940066457,5.9756479458883405e-05,0.0,0.00038961920654401183
325,20,0.005739862564951181,1.047594560077414e-05,0.001435888814739883,0.0011144370073452592,5.624977347906679e-05,0.0,0.00026165629969909787
326,20,0.005326502025127411,1.445270208932925e-05,0.0014929823810234666,0.0011931671760976315,5.135677201906219e-05,0.0,0.00021123320038896054
327,20,0.005569738335907459,1.551993773318827e-05,0.001427063369192183,0.001203476102091372,4.5062246499583125e-05,0.0,0.00024730563745833933
328,20,0.003391384845599532,1.2382316526782233e-05,0.0012343081180006266,0.0005840815720148385,4.451845961739309e-05,0.0,0.00011154282401548699
329,20,0.0024961603339761496,9.415050953975879e-06,0.001091776299290359,0.0002750310522969812,2.8888309316243976e-05,0.0,8.31054785521701e-05
330,20,0.005895750597119331,1.7335652955807745e-05,0.001515267533250153,0.0014505026629194617,5.078763933852315e-05,0.0,0.0002404768456472084
331,20,0.003961969166994095,1.418140163877979e-05,0.001357543864287436,0.0006591705605387688,4.00668395741377e-05,0.0,0.0001530404988443479
332,20,0.006638355553150177,1.4342864233185537e-05,0.0017136794049292803,0.0017240974120795727,5.897608207305893e-05,0.0,0.0002596474951133132
333,20,0.007280902471393347,1.56439928105101e-05,0.00197521410882473,0.0017113435314968228,7.568232831545174e-05,0.0,0.0002821877715177834
334,20,0.0025480655021965504,1.058304314938141e-05,0.0009262925595976412,0.00036693349829874933,2.933881478384137e-05,0.0,9.50868270592764e-05
335,20,0.0033761390950530767,1.134119611378992e-05,0.0012389045441523194,0.0005740555352531374,2.7333308025845326e-05,0.0,0.0001278504787478596
336,20,0.0037882840260863304,9.476848390477244e-06,0.0011254524579271674,0.0008146472391672432,5.6649514590390027e-05,0.0,0.00012722123938146979
337,20,0.002109337830916047,9.05589695321396e-06,0.0009903869358822703,0.0003391351201571524,2.7096721169073135e-05,0.0,4.997926589567214e-05
338,20,0.005388583056628704,1.061737202689983e-05,0.0010654244106262922,0.001199566526338458,4.9821686843642965e-05,0.0,0.00026147576863877475
339,20,0.003507070243358612,8.913431884138845e-06,0.0009431806392967701,0.0005325241363607347,4.046775939059444e-05,0.0,0.00016177742509171367
340,20,0.00650074053555727,2.1812393242726102e-05,0.0014615821419283748,0.0018332269974052906,6.600304914172739e-05,0.0,0.0002524088486097753
341,20,0.007086217403411865,1.870151209004689e-05,0.0014233243418857455,0.0018294911133125424,9.089622471947223e-05,0.0,0.0002905738656409085
342,20,0.002612866461277008,6.709467470500385e-06,0.0011575231328606606,0.0002360798534937203,4.4571905164048076e-05,0.0,7.668350008316338e-05
343,20,0.0035008296836167574,1.2520121345005464e-05,0.0010994130279868841,0.0005323257064446807,3.138187457807362e-05,0.0,0.0001542752142995596
344,20,0.003445674432441592,8.744262231630273e-06,0.0011673943372443318,0.0005577007541432977,6.391812348738313e-05,0.0,0.00010726537584559992
345,20,0.0018580819014459848,5.776948455604725e-06,0.0011346085229888558,0.00021935060794930905,1.8645543605089188e-05,0.0,3.118903623544611e-05
346,20,0.004180606454610825,9.38889388635289e-06,0.0014141179854050279,0.0006463035824708641,5.4591022490058094e-05,0.0,0.00015648858970962465
347,20,0.002076923381537199,7.024167643976398e-06,0.0012053330428898335,0.00013511840370483696,2.6507381335250102e-05,0.0,4.643740248866379e-05
348,20,0.004502655006945133,1.5008704394858796e-05,0.0013636620715260506,0.0010606124997138977,5.555336974794045e-05,0.0,0.00015078377327881753
349,20,0.0028566820546984673,1.154730034613749e-05,0.001178670208901167,0.0002917640667874366,5.972168219159357e-05,0.0,7.774838013574481e-05
350,20,0.005109646823257208,1.2489241271396168e-05,0.0012579316971823573,0.0010994661133736372,3.674157414934598e-05,0.0,0.00023723437334410846
351,20,0.0039061512798070908,9.590075023879763e-06,0.0014840246876701713,0.00044579742825590074,5.5803320719860494e-05,0.0,0.00014087060117162764
352,20,0.006032436620444059,1.3474003026203718e-05,0.0013106241822242737,0.001697726547718048,6.863736780360341e-05,0.0,0.00023242384486366063
353,20,0.005827606655657291,1.413318568666e-05,0.0015377748059108853,0.001526938984170556,6.245270924409851e-05,0.0,0.0002124232705682516
354,20,0.003032863372936845,6.870787274237955e-06,0.0009445703472010791,0.0003854497044812888,3.96657815144863e-05,0.0,0.00012993146083317697
355,20,0.0029831721913069487,8.273446837847587e-06,0.0011159790446981788,0.0003629320999607444,2.415108247078024e-05,0.0,0.0001254476810572669
356,20,0.003900452982634306,1.105271076085046e-05,0.0011529986513778567,0.0009162577334791422,5.251960101304576e-05,0.0,0.00012949475785717368
357,20,0.002768911886960268,9.548810339765623e-06,0.0011036915238946676,0.0004134956398047507,4.6460801968351007e-05,0.0,7.775680569466203e-05
358,20,0.004989945329725742,1.1139169146190397e-05,0.0010673620272427797,0.001017758739180863,3.87668696930632e-05,0.0,0.00025060170446522534
359,20,0.004584377631545067,1.156895905296551e-05,0.0010594892082735896,0.0005848573055118322,6.473936809925362e-05,0.0,0.00022810683003626764
360,20,0.003764488734304905,1.3108566236041952e-05,0.0011456304928287864,0.0009231665753759444,5.0988841394428164e-05,0.0,0.00011726946104317904
361,20,0.0034682222176343203,9.89242016657954e-06,0.0011740252375602722,0.0006351845804601908,5.189502189750783e-05,0.0,0.00011301696940790862
362,20,0.004395583178848028,9.558122656017076e-06,0.001243554288521409,0.0007600943790748715,5.4583815654041246e-05,0.0,0.0001836537994677201
363,20,0.0034297341480851173,1.0513873348827474e-05,0.0012140633771196008,0.0004331676464062184,2.6992553102900274e-05,0.0,0.00015020635328255594
364,20,0.004302831366658211,1.1574687960091978e-05,0.0012358512030914426,0.0011075244983658195,5.9613837947836146e-05,0.0,0.00013517422485165298
365,20,0.003931636922061443,1.1646345228655264e-05,0.0013334720861166716,0.0007846443331800401,5.597585186478682e-05,0.0,0.00012421156861819327
366,20,0.00358260003849864,9.154009603662416e-06,0.0010368484072387218,0.0007025613449513912,3.0183065973687917e-05,0.0,0.00015322054969146848
367,20,0.0033579948358237743,9.693771971797105e-06,0.0013006373774260283,0.00040589101263321936,3.3279437047895044e-05,0.0,0.00013089783897157758
368,20,0.004157779272645712,1.139104369940469e-05,0.001147065544500947,0.0011886642314493656,4.647833338822238e-05,0.0,0.00013458752073347569
369,20,0.003361290553584695,1.1348844054737128e-05,0.0011863623512908816,0.0007795884739607573,3.952490078518167e-05,0.0,9.887416672427207e-05
370,20,0.00440671481192112,9.245656656275969e-06,0.0009918900905176997,0.0009452244266867638,3.896302587236278e-05,0.0,0.0002070724149234593
371,20,0.004050498828291893,1.0148515684704762e-05,0.0010777732823044062,0.0007899783086031675,2.9913971957284957e-05,0.0,0.0001873458968475461
372,20,0.0031312215141952038,8.841863746056333e-06,0.0010868789395317435,0.0007510193972848356,3.924495467799716e-05,0.0,8.920316031435505e-05
373,20,0.0028659224044531584,8.972927389550023e-06,0.0010496919276192784,0.0006413340452127159,3.599430056056008e-05,0.0,8.059803076321259e-05
374,20,0.0041022407822310925,8.922665983845945e-06,0.001017858157865703,0.0008238342707045376,3.67493303201627e-05,0.0,0.00018841325072571635
375,20,0.0033867424353957176,9.567451343173161e-06,0.0009478373685851693,0.000565310416277498,2.9736675060121343e-05,0.0,0.00015666603576391935
376,20,0.004060016479343176,1.146372869698098e-05,0.0011787721887230873,0.0010777447605505586,5.1325569074833766e-05,0.0,0.00012787799641955644
377,20,0.003687571967020631,1.0640294021868613e-05,0.0010942714288830757,0.0009852139046415687,4.232977516949177e-05,0.0,0.00011741486378014088
378,20,0.003391851671040058,7.730465767963324e-06,0.0010887747630476952,0.0005508069298230112,3.617602851591073e-05,0.0,0.00013827790098730475
379,20,0.0029335971921682358,9.009754649014212e-06,0.001019004383124411,0.00045401588431559503,2.1509986254386604e-05,0.0,0.00012364672147668898
380,20,0.004081429913640022,1.1107556019851472e-05,0.0011738997418433428,0.0010707038454711437,5.292665809975006e-05,0.0,0.00012964519555680454
381,20,0.003464488312602043,1.059317492035916e-05,0.0011309446999803185,0.0008765262900851667,4.089823778485879e-05,0.0,0.00010374416160630062
382,20,0.003635428147390485,8.395305485464633e-06,0.001025548204779625,0.0006861509173177183,3.391270729480311e-05,0.0,0.00015762067050673068
383,20,0.0033469644840806723,9.572258932166733e-06,0.001067464705556631,0.0005781756481155753,2.7558757210499607e-05,0.0,0.00014161643048282713
384,20,0.003496703691780567,9.704001968202647e-06,0.001108213560655713,0.0009040413424372673,4.294927202863619e-05,0.0,0.00010452520655235276
385,20,0.0029765956569463015,9.572572707838845e-06,0.0010535424808040261,0.0007379164453595877,3.510566966724582e-05,0.0,8.245075878221542e-05
386,20,0.004014511592686176,8.711210284673143e-06,0.0010027060052379966,0.000819323817268014,3.6799308873014525e-05,0.0,0.00018157776503358036
387,20,0.0035593784414231777,9.232825505023357e-06,0.0009795138612389565,0.0006922151078470051,2.8180238587083295e-05,0.0,0.00015966141654644161
388,20,0.0032271123491227627,9.350567779620178e-06,0.0011014105984941125,0.0008032358018681407,3.991672201664187e-05,0.0,9.139479516306892e-05
389,20,0.002816924825310707,9.176758794637863e-06,0.0010202341945841908,0.0007047283579595387,3.3088123018387705e-05,0.0,7.519040809711441e-05
390,20,0.00397764565423131,8.582883310737088e-06,0.0010426383232697845,0.000797463464550674,3.6404773709364235e-05,0.0,0.00017649131768848747
391,20,0.00346219539642334,9.009319001052063e-06,0.0009514266857877374,0.0006735085044056177,2.8023347113048658e-05,0.0,0.00015480173169635236
392,20,0.003332131542265415,9.972030056815129e-06,0.0011077804956585169,0.0008241981850005686,4.2630734242266044e-05,0.0,9.638733899919316e-05
393,20,0.0029690172523260117,9.226746442436706e-06,0.0010368537623435259,0.0007675468805246055,3.4200762456748635e-05,0.0,8.13382284832187e-05
394,20,0.0036953517701476812,8.281002919829916e-06,0.0010409594979137182,0.000683709280565381,3.6536184779834e-05,0.0,0.00015970401000231504
395,20,0.0031940117478370667,8.75134537636768e-06,0.000967414875049144,0.0005899274838156998,2.6019435608759522e-05,0.0,0.00013677238894160837
396,20,0.0035125678405165672,9.903522368404083e-06,0.0011013316689059138,0.000873227312695235,4.6209497668314725e-05,0.0,0.00010660101543180645
397,20,0.003130551427602768,9.448296623304486e-06,0.0010501248762011528,0.0008073712815530598,3.772390482481569e-05,0.0,8.863682160153985e-05
398,20,0.0034235799685120583,8.134093150147237e-06,0.0010072581935673952,0.0006046125781722367,3.31180781358853e-05,0.0,0.0001472394505981356
399,20,0.002989977365359664,8.253689884440973e-06,0.0009730981546454132,0.0005126172909513116,2.6176314349868335e-05,0.0,0.00012342451373115182
400,20,0.0036265691742300987,1.0252992069581524e-05,0.001103909220546484,0.0009215184254571795,4.594427446136251e-05,0.0,0.00011314456060063094
401,20,0.0012198330368846655,6.585457413166296e-06,0.0008729711989872158,4.949475624016486e-05,1.274040732823778e-05,0.0,1.6337764463969506e-05
402,20,0.001198609359562397,6.5508766056154855e-06,0.0008332677534781396,5.170095028006472e-05,1.3470819794747513e-05,0.0,1.7238158761756495e-05
403,20,0.001183152082376182,6.597315405088011e-06,0.0008168804924935102,5.911360130994581e-05,1.2587509445438627e-05,0.0,1.7468564692535438e-05
404,20,0.001168277463875711,6.880565706524067e-06,0.0007846420048736036,6.974339339649305e-05,1.2550151041068602e-05,0.0,1.8151004042010754e-05
405,20,0.0011464490089565516,7.052839464449789e-06,0.0007559743244200945,6.90819215378724e-05,1.2631551726371981e-05,0.0,1.880244235508144e-05
406,20,0.0011276522418484092,6.896153081470402e-06,0.0007487671100534499,6.289556040428579e-05,1.2002723451587372e-05,0.0,1.890661587822251e-05
407,20,0.0011122077703475952,6.639640560024418e-06,0.0007294807001017034,7.076176552800462e-05,1.1761454516090453e-05,0.0,1.8771115719573572e-05
408,20,0.0010906945681199431,7.334185738727683e-06,0.0007066719117574394,6.960592145333067e-05,1.298029746976681e-05,0.0,1.7727956219459884e-05
409,20,0.0010736917611211538,7.507956524932524e-06,0.0006974408752284944,6.563065107911825e-05,1.3111410225974396e-05,0.0,1.719981628411915e-05
410,20,0.001058967667631805,7.954006832733285e-06,0.0006710220477543771,6.539018067996949e-05,1.3709346603718586e-05,0.0,1.7750791812432e-05
411,20,0.0010490510612726212,8.26137238618685e-06,0.0006599088083021343,6.509599188575521e-05,1.4212069800123572e-05,0.0,1.7366412066621706e-05
412,20,0.0010414038551971316,8.359390449186321e-06,0.0006568738026544452,6.637546175625175e-05,1.3991707419336308e-05,0.0,1.6987813069135882e-05
413,20,0.001034167711623013,8.356230864592362e-06,0.00065674411598593,6.428342021536082e-05,1.3704904631595127e-05,0.0,1.6773488823673688e-05
414,20,0.0010279437992721796,8.385941328015178e-06,0.0006500324234366417,6.241676601348445e-05,1.4278616617957596e-05,0.0,1.6432250049547292e-05
415,20,0.001020805910229683,8.319254447997082e-06,0.0006463918252848089,6.049474177416414e-05,1.4220810953702312e-05,0.0,1.6339199646608904e-05
416,20,0.001012600027024746,8.02350950834807e-06,0.0006396936951205134,5.9470825362950563e-05,1.4068145901546814e-05,0.0,1.647305725782644e-05
417,20,0.0010032791178673506,7.900348464318085e-06,0.000633067509625107,5.8313515182817355e-05,1.4109831681707874e-05,0.0,1.6289941413560882e-05
418,20,0.0009935710113495588,7.972144885570742e-06,0.0006191741558723152,6.45606269245036e-05,1.3732857041759416e-05,0.0,1.6453559510409832e-05
419,20,0.0009858652483671904,8.034850907279179e-06,0.0006105445791035891,6.524144555442035e-05,1.357104156340938e-05,0.0,1.663338662183378e-05
420,20,0.0009774898644536734,7.98811288404977e-06,0.0006040434818714857,6.304772978182882e-05,1.3886297892895527e-05,0.0,1.6354755643988028e-05
421,20,0.0009662091033533216,7.583931164845126e-06,0.0006033988320268691,6.656945333816111e-05,1.2963600056536961e-05,0.0,1.5902091035968624e-05
422,20,0.0009534734999760985,7.561483471363317e-06,0.0006033362587913871,6.688341090921313e-05,1.314836845267564e-05,0.0,1.4420869774767198e-05
423,20,0.0009430517093278468,7.555905995104695e-06,0.0005907136364839971,6.74541006446816e-05,1.3013782336201984e-05,0.0,1.4719023056386504e-05
424,20,0.0009328834130428731,7.392737643385772e-06,0.0005884270649403334,6.759134703315794e-05,1.2609241821337491e-05,0.0,1.4337988432089332e-05
425,20,0.0009235326433554292,7.557569915661588e-06,0.0005677966983057559,7.417116285068914e-05,1.2934224287164398e-05,0.0,1.4466491847997531e-05
426,20,0.0009153278660960495,7.80951540946262e-06,0.0005546748288907111,7.742140587652102e-05,1.3146594938007183e-05,0.0,1.4395615835383069e-05
427,20,0.0009083629120141268,7.65165350458119e-06,0.0005454102647490799,7.630808249814436e-05,1.3084740203339607e-05,0.0,1.4814556379860733e-05
428,20,0.0009004469611681998,7.4217650762875564e-06,0.0005451185861602426,7.6634983997792e-05,1.2417668585840147e-05,0.0,1.4709493370901328e-05
429,20,0.0008918079547584057,7.547997029178077e-06,0.0005407992866821587,7.019303302513435e-05,1.316553789365571e-05,0.0,1.4161229046294466e-05
430,20,0.0008834303007461131,7.70097176427953e-06,0.0005365837714634836,6.937789294170216e-05,1.3396087524597533e-05,0.0,1.3580678569269367e-05
431,20,0.0008755910093896091,7.655828085262328e-06,0.0005322833894751966,6.465154001489282e-05,1.284416521230014e-05,0.0,1.4255858332035132e-05
432,20,0.0008665801724418998,7.6096780503576156e-06,0.0005281962803564966,5.864756531082094e-05,1.3005776054342277e-05,0.0,1.420688749931287e-05
433,20,0.0008583538001403213,7.773569450364448e-06,0.0005268955137580633,5.924393917666748e-05,1.2741107639158145e-05,0.0,1.3702969226869754e-05
434,20,0.000850080803502351,7.792644282744732e-06,0.0005209615919739008,5.832367605762556e-05,1.2808200153813232e-05,0.0,1.3492087418853771e-05
435,20,0.0008407575078308582,7.732131962256972e-06,0.0005171229131519794,5.70228548895102e-05,1.2665128451772034e-05,0.0,1.3222836059867404e-05
436,20,0.0008296859450638294,7.604573966091266e-06,0.0005172793171368539,5.3934825700707734e-05,1.2030305697408039e-05,0.0,1.3056412171863485e-05
437,20,0.0008182005258277059,7.851207556086592e-06,0.0005050724139437079,4.9158035835716873e-05,1.3047219908912666e-05,0.0,1.256466202903539e-05
438,20,0.0008078521932475269,7.76696288085077e-06,0.0005059956456534564,4.607654773280956e-05,1.3012529961997643e-05,0.0,1.1788781193899922e-05
439,20,0.000800546957179904,7.705280040681828e-06,0.0005028911400586367,4.616832666215487e-05,1.2625303497770801e-05,0.0,1.1752921636798419e-05
440,20,0.0007936735637485981,7.517190169892274e-06,0.0005032211192883551,4.810579775949009e-05,1.2129069546062965e-05,0.0,1.1353883564879652e-05
441,20,0.0007857369491830468,7.301186087715905e-06,0.0005024096462875605,4.9634239985607564e-05,1.1647389328572899e-05,0.0,1.0991799172188621e-05
442,20,0.0007794612320140004,7.268784429470543e-06,0.0004996469360776246,5.075841545476578e-05,1.17541430881829e-05,0.0,1.042457006406039e-05
443,20,0.0007737622945569456,7.04343665347551e-06,0.0004990732413716614,5.010155655327253e-05,1.1468959201010875e-05,0.0,1.0285449207003694e-05
444,20,0.0007691879291087389,6.88468162479694e-06,0.0005006846622563899,4.899890336673707e-05,1.1185884432052262e-05,0.0,1.0076086255139671e-05
445,20,0.0007640463882125914,6.881280114612309e-06,0.0004954249016009271,5.029991007177159e-05,1.1227642062294763e-05,0.0,9.916392627928872e-06
446,20,0.0007569147855974734,6.976312761253212e-06,0.00048409245209768414,4.978923607268371e-05,1.140001040766947e-05,0.0,1.0205665603280067e-05
447,20,0.0007500260835513473,6.9333041210484225e-06,0.00047942152014002204,5.1840328524122015e-05,1.122029971156735e-05,0.0,9.962785043171607e-06
448,20,0.000744019984267652,6.715465588058578e-06,0.00047302336315624416,5.3688447223976254e-05,1.0915910024777986e-05,0.0,1.014335884974571e-05
449,20,0.0007368169608525932,6.886715709697455e-06,0.0004639670078177005,5.527476605493575e-05,1.108858486986719e-05,0.0,9.980260983866174e-06
450,20,0.0007295209215953946,6.815394954173826e-06,0.00046006502816453576,5.529108238988556e-05,1.1184278264408931e-05,0.0,9.550663889967836e-06
451,30,0.020586146041750908,3.170381023664959e-05,0.0015050745569169521,0.0008989951456896961,0.001448269234970212,0.0,0.0003667681012302637
452,30,0.05489329248666763,0.00010616666259011254,0.008670342154800892,0.016022788360714912,0.000631507660727948,0.0,0.0023778919130563736
453,30,0.03409017622470856,5.101171336718835e-05,0.005775596480816603,0.005302686244249344,0.0007143139955587685,0.0,0.001581774209626019
454,30,0.059861112385988235,4.375378193799406e-05,0.011804556474089622,0.013698721304535866,0.0005710567347705364,0.0,0.0028603512328118086
455,30,0.06919467449188232,3.0223674912122078e-05,0.009941388852894306,0.019423065707087517,0.0008956091478466988,0.0,0.003084390191361308
456,30,0.035278432071208954,9.82999918051064e-05,0.004865436349064112,0.010148551315069199,0.0007638284005224705,0.0,0.0012527862563729286
457,30,0.04887760430574417,9.798749670153484e-05,0.0092886658385396,0.011244714260101318,0.0008912720950320363,0.0,0.0019333515083417296
458,30,0.033621303737163544,3.468930663075298e-05,0.007916825823485851,0.006830265745520592,0.0007081766962073743,0.0,0.0011757754255086184
459,30,0.03570578619837761,3.368191028130241e-05,0.004417645279318094,0.009356147609651089,0.0006349082686938345,0.0,0.0015549230156466365
460,30,0.037803396582603455,5.5404671002179384e-05,0.0067105828784406185,0.009162381291389465,0.0006754759815521538,0.0,0.001512026647105813
461,30,0.023606518283486366,9.574895375408232e-05,0.005076970439404249,0.006595403887331486,0.0004935978213325143,0.0,0.0006902416935190558
462,30,0.030188001692295074,2.3094091375241987e-05,0.006909720599651337,0.004789167549461126,0.0005185471381992102,0.0,0.001328054815530777
463,30,0.02214159071445465,2.111542744387407e-05,0.006768615450710058,0.004575488623231649,0.00041419678018428385,0.0,0.0006634402088820934
464,30,0.02053169347345829,4.562474714475684e-05,0.00707692326977849,0.0018983775516971946,0.00031630959711037576,0.0,0.0008347671246156096
465,30,0.02109045535326004,6.110552203608677e-05,0.006782680284231901,0.0029671986121684313,0.00047844427172094584,0.0,0.000649502850137651
466,30,0.013279160484671593,7.039777847239748e-05,0.004881680011749268,0.0022431316319853067,0.00019654250354506075,0.0,0.0004118525830563158
467,30,0.025761451572179794,1.969828190340195e-05,0.005323468241840601,0.002807872835546732,0.0005249251844361424,0.0,0.0012361161643639207
468,30,0.015007250010967255,2.5013667254825123e-05,0.002370460657402873,0.003226713975891471,0.0002746147511061281,0.0,0.0006638913764618337
469,30,0.03722187504172325,8.634668483864516e-05,0.008213227614760399,0.006260137539356947,0.0007042560027912259,0.0,0.001561960089020431
470,30,0.047060105949640274,9.361286356579512e-05,0.00860404409468174,0.010943721979856491,0.0009691866580396891,0.0,0.0017726861406117678
471,30,0.01463409699499607,5.355942630558275e-05,0.0033034903462976217,0.004050736781209707,0.00023231646628119051,0.0,0.0004903146182186902
472,30,0.039787329733371735,4.3770040065282956e-05,0.009767601266503334,0.009846551343798637,0.0007399121532216668,0.0,0.0012730286689475179
473,30,0.04192814230918884,4.7010475100250915e-05,0.00460419338196516,0.013322407379746437,0.0008132350048981607,0.0,0.0015822179848328233
474,30,0.015474616549909115,4.566573988995515e-05,0.00480909226462245,0.0035527567379176617,0.0002553583472035825,0.0,0.00045135177788324654
475,30,0.02144957333803177,2.162848977604881e-05,0.004364990629255772,0.006911850068718195,0.0004161855613347143,0.0,0.0005989248165860772
476,30,0.020997801795601845,3.1183190003503114e-05,0.0065358905121684074,0.0051750424318015575,0.0002994546666741371,0.0,0.0006261139060370624
477,30,0.015059525147080421,1.874408008006867e-05,0.0030360689852386713,0.0027775887865573168,0.00032386736711487174,0.0,0.0005988448392599821
478,30,0.015124233439564705,7.03583937138319e-05,0.005622773431241512,0.0018564836354926229,0.0002727121755015105,0.0,0.0004847495292779058
479,30,0.014058101922273636,4.246699245413765e-05,0.0021018092520534992,0.0034371591173112392,0.00029451001319102943,0.0,0.0005531565984711051
480,30,0.013910531997680664,1.85345907084411e-05,0.00739219831302762,0.0010456303134560585,0.0001930960570462048,0.0,0.0003523208142723888
481,30,0.012154843658208847,1.9853419871651568e-05,0.0039721219800412655,0.002422887133434415,0.0002005442656809464,0.0,0.00037345377495512366
482,30,0.016037479043006897,7.948680286062881e-05,0.007667591329663992,0.0023757903836667538,0.0002147117629647255,0.0,0.0003767491434700787
483,30,0.011054382659494877,6.694810144836083e-05,0.005595102906227112,0.0007385837379842997,0.00014572970394510776,0.0,0.0003196450707037002
484,30,0.0170615091919899,2.296929233125411e-05,0.00596817908808589,0.00314336852170527,0.00028834689874202013,0.0,0.0005043523851782084
485,30,0.01318090595304966,2.5313596779596992e-05,0.0063607357442379,0.0019396116258576512,0.00017885143461171538,0.0,0.0003066729987040162
486,30,0.012919403612613678,4.0002716559683904e-05,0.005275024101138115,0.0024745692498981953,0.00021583469060715288,0.0,0.000297146150842309
487,30,0.01333518885076046,3.9757738704793155e-05,0.005972621496766806,0.00288787460885942,0.0001701071741990745,0.0,0.00027338627842254937
488,30,0.012089633382856846,1.2712151146843098e-05,0.0042690979316830635,0.0016762634040787816,0.0002299242769367993,0.0,0.00038323167245835066
489,30,0.011342931538820267,1.4768499568162952e-05,0.004840135108679533,0.001888652564957738,0.00017144691082648933,0.0,0.0002884906716644764
490,30,0.015353074297308922,5.3832889534533024e-05,0.004550389014184475,0.0026044712867587805,0.00032405881211161613,0.0,0.000490379286929965
491,30,0.01191144622862339,6.457674317061901e-05,0.006551521364599466,0.0009293291950598359,0.0001787229994079098,0.0,0.00025787888444028795
492,30,0.013182812370359898,9.547462468617596e-06,0.002742079785093665,0.0025689168833196163,0.00026626797625795007,0.0,0.0005199587903916836
493,30,0.010406514629721642,1.2511394743341953e-05,0.004880422260612249,0.0012113639386370778,0.00016205213614739478,0.0,0.00026816956233233213
494,30,0.011074409820139408,2.440317257423885e-05,0.0026120170950889587,0.0027242200449109077,0.00020728186063934118,0.0,0.000364095059921965
495,30,0.007256768178194761,3.1704039429314435e-05,0.0032011379953473806,0.001181617146357894,0.00010250056948279962,0.0,0.00018173031276091933
496,30,0.016418691724538803,9.947451871994417e-06,0.0036537605337798595,0.004089397378265858,0.0003241583181079477,0.0,0.0005424003466032445
497,30,0.013873704709112644,8.56560654938221e-06,0.003704450326040387,0.0026969590689986944,0.00026613855152390897,0.0,0.00048023441922850907
498,30,0.008685344830155373,3.9216574805323035e-05,0.002828856697306037,0.0020770833361893892,0.00015674938913434744,0.0,0.0002172694803448394
499,30,0.008328860625624657,2.4110488084261306e-05,0.002329119946807623,0.0012055630795657635,0.0001806133077479899,0.0,0.00029639346757903695
500,30,0.010139534249901772,8.46795410325285e-06,0.0031497073359787464,0.0012040077708661556,0.00020257865253370255,0.0,0.0003751565236598253
501,30,0.0071290358901023865,1.0783224752231035e-05,0.0022203954868018627,0.0012725612614303827,0.00014452931645791978,0.0,0.0002180002920795232
502,30,0.016425378620624542,4.4763732148567215e-05,0.005191524047404528,0.0024648290127515793,0.00034498085733503103,0.0,0.0005274454015307128
503,30,0.018208973109722137,4.621547486749478e-05,0.004684134852141142,0.0043366700410842896,0.00038243114249780774,0.0,0.0005317642353475094
504,30,0.005639385432004929,9.997153028962202e-06,0.002871166681870818,0.0004300120344851166,8.883087139111012e-05,0.0,0.00014399010979104787
505,30,0.010260438546538353,1.026818517857464e-05,0.002078235149383545,0.0027946673799306154,0.00015389687905553728,0.0,0.0003838299016933888
506,30,0.007998954504728317,4.483143493416719e-05,0.0038455824833363295,0.0010299941059201956,9.236492769559845e-05,0.0,0.00021548965014517307
507,30,0.005553435068577528,1.8198306861449964e-05,0.0019759677816182375,0.0011170887155458331,8.805617108009756e-05,0.0,0.00015616182645317167
508,30,0.013798631727695465,2.323839180462528e-05,0.005501793697476387,0.0010107862763106823,0.0001598942617420107,0.0,0.0005663871415890753
509,30,0.01135426014661789,9.010298526845872e-06,0.0034674464259296656,0.0017247858922928572,0.00020707820658572018,0.0,0.00040822351002134383
510,30,0.009315473958849907,3.9078837289707735e-05,0.0040896981954574585,0.0013306286418810487,9.487920760875568e-05,0.0,0.00029072759207338095
511,30,0.012582164257764816,4.730574073619209e-05,0.004318123683333397,0.00275169569067657,0.00020884785044472665,0.0,0.0003376560634933412
512,30,0.0056383442133665085,9.854395102593116e-06,0.0020963146816939116,0.0011348695261403918,7.49142564018257e-05,0.0,0.00016481635975651443
513,30,0.02560904249548912,3.6927001929143444e-05,0.004330713767558336,0.010035072453320026,0.00025114312302321196,0.0,0.0008694897405803204
514,30,0.02219526097178459,1.8278067727806047e-05,0.0036610194947570562,0.009208593517541885,0.0003000216674990952,0.0,0.0006307153380475938
515,30,0.02548886276781559,8.027517469599843e-05,0.004619448445737362,0.0069296048022806644,0.00019639049423858523,0.0,0.0011895629577338696
516,30,0.031443893909454346,9.372639033244923e-05,0.005705894902348518,0.01027157437056303,0.00029203324811533093,0.0,0.0012452362570911646
517,30,0.009121132083237171,1.723585774016101e-05,0.0020430360455065966,0.0020216444972902536,0.00018722162349149585,0.0,0.0003166999958921224
518,30,0.02655581757426262,5.400355439633131e-05,0.003986112307757139,0.008583986200392246,0.0003871864755637944,0.0,0.0010059851920232177
519,30,0.028615452349185944,3.569050022633746e-05,0.004164315760135651,0.007249171379953623,0.0006845152820460498,0.0,0.0010321122827008367
520,30,0.014573533087968826,1.9734005036298186e-05,0.0031937279272824526,0.003214904572814703,0.0001867352839326486,0.0,0.0006277813226915896
521,30,0.015236066654324532,3.2893607567530125e-05,0.003626873018220067,0.0033633338753134012,0.00024245584791060537,0.0,0.0005788406706415117
522,30,0.018488362431526184,3.33000862156041e-05,0.003929259721189737,0.0037064391653984785,0.00035357766319066286,0.0,0.0007283587474375963
523,30,0.012494459748268127,2.8713462597806938e-05,0.0031600547954440117,0.004321847576647997,0.00015533645637333393,0.0,0.0003430480428505689
524,30,0.012279970571398735,1.2225641512486618e-05,0.0039831423200666904,0.001297159236855805,0.00018693087622523308,0.0,0.0005118135013617575
525,30,0.013412237167358398,1.591546242707409e-05,0.0028462186455726624,0.004060870502144098,0.0001512660674052313,0.0,0.0004976572236046195
526,30,0.008920744061470032,4.382950282888487e-05,0.004194188397377729,0.0010816442081704736,9.708678408060223e-05,0.0,0.0002630214439705014
527,30,0.010518611408770084,4.3965545046376064e-05,0.0025741849094629288,0.003606339218094945,9.951564425136894e-05,0.0,0.0003298965166322887
528,30,0.007683787494897842,2.1002359062549658e-05,0.0040929741226136684,0.00126727856695652,6.004642273182981e-05,0.0,0.00017020681116264313
529,30,0.008728967979550362,1.0638278581609484e-05,0.0022903166245669127,0.0023900927044451237,8.841777162160724e-05,0.0,0.00031537431641481817
530,30,0.007108207792043686,3.880584336002357e-05,0.003280064556747675,0.0010019340552389622,8.407798304688185e-05,0.0,0.00019466232333797961
531,30,0.006685279309749603,2.1848698452231474e-05,0.0023005567491054535,0.0011412632884457707,0.00010822757758432999,0.0,0.00021393343922682106
532,30,0.006798515096306801,1.3743362615059596e-05,0.0032259412109851837,0.0011837186757475138,5.6534860050305724e-05,0.0,0.00018097631982527673
533,30,0.006700307130813599,1.6792995666037314e-05,0.00198301300406456,0.0004905907553620636,9.765732102096081e-05,0.0,0.00032333371927961707
534,30,0.005324565805494785,2.0863702957285568e-05,0.0024514375254511833,0.0008871908066794276,6.844953168183565e-05,0.0,0.00012805790174752474
535,30,0.005774400662630796,2.4221099010901526e-05,0.002093211282044649,0.001165364752523601,4.9688853323459625e-05,0.0,0.00019947151304222643
536,30,0.005015903152525425,1.544940096209757e-05,0.0027573350816965103,0.0007998087094165385,5.4597876442130655e-05,0.0,8.973309741122648e-05
537,30,0.0074132829904556274,1.555433846078813e-05,0.0020249569788575172,0.0021270508877933025,9.661509102443233e-05,0.0,0.0002279570180689916
538,30,0.006636807695031166,3.416639083297923e-05,0.0031437177676707506,0.0008574383100494742,5.2587565733119845e-05,0.0,0.00020756098092533648
539,30,0.004600248299539089,1.1665687452477869e-05,0.002106648636981845,0.0003996496379841119,4.9910813686437905e-05,0.0,0.00015831761993467808
540,30,0.007145091891288757,1.329165115748765e-05,0.0018138650339096785,0.002111540175974369,0.0001192423515021801,0.0,0.00020139718253631145
541,30,0.004283417481929064,1.622868330741767e-05,0.0017489597667008638,0.0005315595772117376,4.61494128103368e-05,0.0,0.00015251753211487085
542,30,0.008220775984227657,2.171942287532147e-05,0.0024962201714515686,0.0013156280620023608,7.19265517545864e-05,0.0,0.0003667942655738443
543,30,0.0037843920290470123,1.653706749493722e-05,0.0018416258972138166,0.0006594554288312793,3.5447847039904445e-05,0.0,9.122950723394752e-05
544,30,0.01814153604209423,1.4940233086235821e-05,0.0027037409599870443,0.0032263181637972593,0.00023369063274003565,0.0,0.000985963037237525
545,30,0.017600167542696,1.4915231076884083e-05,0.0026688366197049618,0.004441090859472752,0.00024078394926618785,0.0,0.0008067484595812857
546,30,0.006838328670710325,1.9789518773905e-05,0.0018129751551896334,0.0015062001766636968,8.339592022821307e-05,0.0,0.00026654047542251647
547,30,0.01621590554714203,1.6524141756235622e-05,0.0032125485595315695,0.0030336002819240093,0.00019539170898497105,0.0,0.000799931469373405
548,30,0.008075254037976265,1.2600507943716366e-05,0.002231992781162262,0.0027637206949293613,8.679980237502605e-05,0.0,0.00021989423839841038
549,30,0.018937423825263977,3.86099454772193e-05,0.002864338457584381,0.0029476110357791185,0.000236309933825396,0.0,0.001072376617230475
550,30,0.02670281007885933,2.700529876165092e-05,0.0033060668502002954,0.006644993554800749,0.0003882280725520104,0.0,0.0012842464493587613
551,30,0.0021520880982279778,1.3200326975493226e-05,0.001552995410747826,0.0001238627010025084,2.172652239096351e-05,0.0,2.4476443286403082e-05
552,30,0.002052337396889925,1.4339559129439294e-05,0.0014337324537336826,0.00013923329242970794,2.2946091121411882e-05,0.0,2.3557118765893392e-05
553,30,0.0019924126099795103,1.4612984159612097e-05,0.0013645715080201626,0.0001447880349587649,2.2542071747011505e-05,0.0,2.4301936718984507e-05
554,30,0.0019485990051180124,1.3676914932148065e-05,0.0013221980771049857,0.00015063938917592168,2.1186147932894528e-05,0.0,2.502230381651316e-05
555,30,0.0019099549390375614,1.4387925148184877e-05,0.0012742690742015839,0.0001569502055644989,2.2285054001258686e-05,0.0,2.414972368569579e-05
556,30,0.0018783343257382512,1.4027078577782959e-05,0.0012616912135854363,0.00013569751172326505,2.3054753910400905e-05,0.0,2.3637094272999093e-05
557,30,0.001851267646998167,1.4516703231493011e-05,0.0012308291625231504,0.0001275593531318009,2.3971981136128306e-05,0.0,2.3864262402639724e-05
558,30,0.0018272821325808764,1.4914391613274347e-05,0.0012044614413753152,0.00012841449643019587,2.4605342332506552e-05,0.0,2.3343833163380623e-05
559,30,0.0018003309378400445,1.3821078937326092e-05,0.0011770601850003004,0.0001358986337436363,2.407069223409053e-05,0.0,2.32844176935032e-05
560,30,0.0017705709906294942,1.4533155081153382e-05,0.0011206493945792317,0.0001505600375821814,2.5463228666922078e-05,0.0,2.301960739714559e-05
561,30,0.0017468163277953863,1.4437185200222302e-05,0.001102212816476822,0.00014111780910752714,2.5374361939611845e-05,0.0,2.3530486942036077e-05
562,30,0.0017254948616027832,1.4136790923657827e-05,0.0011021732352674007,0.00013361724268179387,2.478295391483698e-05,0.0,2.2773816453991458e-05
563,30,0.0017040885286405683,1.379730565531645e-05,0.0010695647215470672,0.0001364194176858291,2.6129966499865986e-05,0.0,2.2300744603853673e-05
564,30,0.0016824383055791259,1.3405116078502033e-05,0.0010644225403666496,0.00013796411803923547,2.4622504497529007e-05,0.0,2.2042142518330365e-05
565,30,0.001660196459852159,1.3390065760177094e-05,0.0010541724041104317,0.00013515866885427386,2.419538031972479e-05,0.0,2.1552155885729007e-05
566,30,0.0016435296274721622,1.3221699191490188e-05,0.0010412458796054125,0.00013439031317830086,2.4336855858564377e-05,0.0,2.113031587214209e-05
567,30,0.0016196356154978275,1.2821646123484243e-05,0.0010353612015023828,0.00012348817836027592,2.2941931092645973e-05,0.0,2.1854526494280435e-05
568,30,0.001600932446308434,1.276094280910911e-05,0.001020786352455616,0.00012067065836163238,2.2486668967758305e-05,0.0,2.218478221038822e-05
569,30,0.001584331737831235,1.2737549695884809e-05,0.001010405132547021,0.00011910631292266771,2.150795808120165e-05,0.0,2.2700307454215363e-05
570,30,0.0015682496596127748,1.2810722182621248e-05,0.0010085856774821877,0.00011296300363028422,2.138957097486127e-05,0.0,2.1999459931976162e-05
571,30,0.0015491537051275373,1.2394731129461434e-05,0.000997856492176652,0.00011131053179269657,2.1048668713774532e-05,0.0,2.1710529836127535e-05
572,30,0.0015344945713877678,1.2252521628397517e-05,0.0009954372653737664,0.00010597873915685341,2.0221104932716116e-05,0.0,2.1861504137632437e-05
573,30,0.001515488838776946,1.2369637261144817e-05,0.0009957817383110523,9.518548176856712e-05,2.003020745178219e-05,0.0,2.118498923664447e-05
574,30,0.0015032602241262794,1.2517347386165056e-05,0.0009920677402988076,9.176840103464201e-05,1.95733446162194e-05,0.0,2.1117333744768985e-05
575,30,0.001488977111876011,1.2474418326746672e-05,0.0009832020150497556,8.87877176865004e-05,1.9717190298251808e-05,0.0,2.0734109057229944e-05
576,30,0.0014762815553694963,1.2811377018806525e-05,0.0009628740372136235,9.078393486561254e-05,2.0115827283007093e-05,0.0,2.086540189338848e-05
577,30,0.0014661155873909593,1.255849110748386e-05,0.0009611347923055291,9.083351324079558e-05,1.9715193047886714e-05,0.0,2.044369284703862e-05
578,30,0.001451884163543582,1.2416559002303984e-05,0.00095252541359514,9.247058915207162e-05,1.9062568753724918e-05,0.0,2.03845866053598e-05
579,30,0.0014414883917197585,1.2422339750628453e-05,0.0009517480502836406,9.15253403945826e-05,1.8861439457396045e-05,0.0,1.9717830582521856e-05
580,30,0.001431728946045041,1.2097001672373153e-05,0.0009538537124171853,8.743666694499552e-05,1.8305843695998192e-05,0.0,1.952831371454522e-05
581,30,0.0014204439939931035,1.2014842468488496e-05,0.000948000350035727,8.594316022936255e-05,1.8527611246099696e-05,0.0,1.8920947695733048e-05
582,30,0.001411322969943285,1.1925142644031439e-05,0.0009412655490450561,8.31259458209388e-05,1.8235892639495432e-05,0.0,1.9264742149971426e-05
583,30,0.0014006935525685549,1.2010881619062275e-05,0.0009370584739372134,8.064245048444718e-05,1.8119553715223446e-05,0.0,1.8978626030730084e-05
584,30,0.0013894981238991022,1.2076648999936879e-05,0.0009279187652282417,8.24418239062652e-05,1.7895121345645748e-05,0.0,1.8810966139426455e-05
585,30,0.0013795404229313135,1.212333700095769e-05,0.0009225232060998678,8.317677566083148e-05,1.7826707335188985e-05,0.0,1.834501017583534e-05
586,30,0.0013678784016519785,1.1842056665045675e-05,0.0009231411386281252,8.334164886036888e-05,1.712499033601489e-05,0.0,1.7830363503890112e-05
587,30,0.0013577722711488605,1.1644805454125162e-05,0.0009171382407657802,8.28766860649921e-05,1.685553797869943e-05,0.0,1.7755715816747397e-05
588,30,0.001341808121651411,1.1581364560697693e-05,0.0009035815019160509,8.09363555163145e-05,1.6501715435879305e-05,0.0,1.806916952773463e-05
589,30,0.001326628029346466,1.150425032392377e-05,0.0009008006891235709,7.569404260721058e-05,1.5926299965940416e-05,0.0,1.7936601580004208e-05
590,30,0.0013091141590848565,1.1289226677035913e-05,0.0008952292846515775,7.526449917349964e-05,1.5503450413234532e-05,0.0,1.7229664081241935e-05
591,30,0.001294645480811596,1.1269190508755855e-05,0.0008892397163435817,7.383702177321538e-05,1.5174830878095236e-05,0.0,1.6855119611136615e-05
592,30,0.0012840867275372148,1.1396530680940486e-05,0.0008821541559882462,7.469355477951467e-05,1.502456325397361e-05,0.0,1.655968662817031e-05
593,30,0.001276604481972754,1.1339674529153854e-05,0.0008750146953389049,7.583382102893665e-05,1.5065721527207643e-05,0.0,1.637591230974067e-05
594,30,0.0012679522624239326,1.1367118531779852e-05,0.000868913484737277,7.291348447324708e-05,1.5214356608339585e-05,0.0,1.6261463315458968e-05
595,30,0.0012569400714710355,1.1398357855796348e-05,0.0008596209227107465,7.32309345039539e-05,1.5614279618603177e-05,0.0,1.5654701201128773e-05
596,30,0.0012438573176041245,1.1460827408882324e-05,0.0008470236789435148,6.847682379884645e-05,1.608470847713761e-05,0.0,1.5604880900355056e-05
597,30,0.0012341937981545925,1.1477090993139427e-05,0.0008465471328236163,6.644184759352356e-05,1.598358721821569e-05,0.0,1.4989179362601135e-05
598,30,0.0012235206086188555,1.165412049886072e-05,0.0008348995470441878,6.750520697096363e-05,1.596609945409e-05,0.0,1.4980065316194668e-05
599,30,0.0012130987597629428,1.1932224879274145e-05,0.0008271443075500429,6.821360875619575e-05,1.6393623809562996e-05,0.0,1.4187243323249277e-05
600,30,0.0012036542175337672,1.1952614840993192e-05,0.000821317546069622,7.098443165887147e-05,1.6168507499969564e-05,0.0,1.377145599690266e-05
601,40,0.0891597718000412,7.097829802660272e-05,0.0026417700573801994,0.0035907356068491936,0.007310088723897934,0.0,0.0009755404316820204
602,40,0.13801522552967072,0.00018662246293388307,0.011405405588448048,0.025291936472058296,0.0034983502700924873,0.0,0.006614775862544775
603,40,0.14513079822063446,0.00018180120969191194,0.014380186796188354,0.02091948129236698,0.0025206124410033226,0.0,0.008444320410490036
604,40,0.09536716341972351,4.030495256301947e-05,0.010538633912801743,0.009034637361764908,0.002530894475057721,0.0,0.005044464021921158
605,40,0.06773927807807922,6.026061964803375e-05,0.011780843138694763,0.010574202984571457,0.0013661806005984545,0.0,0.0031662166584283113
606,40,0.0868978202342987,7.036125316517428e-05,0.006161305122077465,0.0205944012850523,0.0019302876899018884,0.0,0.004076887853443623
607,40,0.06576164811849594,0.00010351031960453838,0.005466310773044825,0.010143477469682693,0.0018768416484817863,0.0,0.003127993317320943
608,40,0.06194937229156494,5.7064640714088455e-05,0.00496465340256691,0.019899403676390648,0.0014006238197907805,0.0,0.002302200999110937
609,40,0.06576687842607498,9.31606482481584e-05,0.01036245096474886,0.01575913093984127,0.0016524236416444182,0.0,0.0023027900606393814
610,40,0.06568856537342072,0.0002158458810299635,0.01245331671088934,0.01103188470005989,0.0016237337840721011,0.0,0.0025750186759978533
611,40,0.05420482158660889,0.00011256079596932977,0.006915698293596506,0.016005059704184532,0.0013894656440243125,0.0,0.001727684517391026
612,40,0.058087997138500214,0.00019145831174682826,0.014970424585044384,0.010154087096452713,0.0005659186863340437,0.0,0.0027112839743494987
613,40,0.056714676320552826,0.0001908829144667834,0.013045446015894413,0.010048585012555122,0.0009121795883402228,0.0,0.002430796856060624
614,40,0.050841063261032104,7.215743971755728e-05,0.00653667701408267,0.012897663749754429,0.0010749357752501965,0.0,0.002058520447462797
615,40,0.03173701465129852,6.937918806215748e-05,0.00634059077128768,0.007185574155300856,0.0005195005214773118,0.0,0.0012946465285494924
616,40,0.05044075846672058,2.621402200020384e-05,0.005900610238313675,0.011348596774041653,0.0007546705310232937,0.0,0.0025618632789701223
617,40,0.04747024178504944,6.047839633538388e-05,0.007804160006344318,0.00998492818325758,0.0008377772755920887,0.0,0.002124289982020855
618,40,0.046402961015701294,0.00019861017062794417,0.009700310416519642,0.011975311674177647,0.0006786434096284211,0.0,0.0017742293421179056
619,40,0.04452908784151077,0.00015703866665717214,0.006418271455913782,0.011757586151361465,0.0007978916983120143,0.0,0.001821727491915226
620,40,0.0453442819416523,0.0001318834547419101,0.008538777008652687,0.009062902070581913,0.000940236437600106,0.0,0.0018208354013040662
621,40,0.03771175444126129,0.0001263112499145791,0.008259654976427555,0.004584139678627253,0.0006626631366088986,0.0,0.0018115016864612699
622,40,0.02573341503739357,9.58952950895764e-05,0.0033784841652959585,0.009656086564064026,0.000567651994060725,0.0,0.0006926428759470582
623,40,0.021066926419734955,8.837710629450157e-05,0.004405207000672817,0.003847595537081361,0.0005280787008814514,0.0,0.0007444959483109415
624,40,0.039092056453228,6.62027086946182e-05,0.0038460460491478443,0.009719963185489178,0.0004592725890688598,0.0,0.0020867118146270514
625,40,0.029088003560900688,3.982043199357577e-05,0.004105458036065102,0.007086639758199453,0.0005739429616369307,0.0,0.0012116655707359314
626,40,0.04793731868267059,0.00012876071559730917,0.006617075297981501,0.012039104476571083,0.0005398022476583719,0.0,0.0023754355497658253
627,40,0.04776378348469734,0.00012077058636350557,0.0048490543849766254,0.012040591798722744,0.0005892013432458043,0.0,0.002486135344952345
628,40,0.019479069858789444,0.00010261091665597633,0.004964083898812532,0.004406668711453676,0.00022020042524673045,0.0,0.0007803703774698079
629,40,0.01987537369132042,5.691214755643159e-05,0.0034995712339878082,0.0030147572979331017,0.00036211940459907055,0.0,0.0009682938689365983
630,40,0.027361074462532997,4.6732224291190505e-05,0.005108949262648821,0.006643035914748907,0.00030919729033485055,0.0,0.0012470384826883674
631,40,0.015712803229689598,1.8495567928766832e-05,0.003513047005981207,0.0028459804598242044,0.00025295335217379034,0.0,0.0006805746234022081
632,40,0.04789002984762192,8.03622169769369e-05,0.0056184688583016396,0.010678746737539768,0.0003692596801556647,0.0,0.002781985327601433
633,40,0.04851868003606796,9.889395732898265e-05,0.006394003052264452,0.011359849944710732,0.0004197375674266368,0.0,0.0026468560099601746
634,40,0.013998808339238167,6.026912888046354e-05,0.003420312190428376,0.0034086762461811304,0.00021759688388556242,0.0,0.0004933581221848726
635,40,0.020289398729801178,3.290283348178491e-05,0.005189963616430759,0.0037394666578620672,0.00026534468634054065,0.0,0.0008673618431203067
636,40,0.022040754556655884,3.8131442124722525e-05,0.0033556148409843445,0.003958714194595814,0.0003834204690065235,0.0,0.0010854089632630348
637,40,0.010849427431821823,6.595384911634028e-05,0.002782666590064764,0.002375273499637842,0.00021930442017037421,0.0,0.0003432488883845508
638,40,0.048667579889297485,2.1644611479132436e-05,0.0033104598987847567,0.00975255947560072,0.0005264909123070538,0.0,0.0030318007338792086
639,40,0.04285941645503044,1.5224337403196841e-05,0.004072761628776789,0.008394869975745678,0.0005220888997428119,0.0,0.0025155670009553432
640,40,0.023197339847683907,3.655288310255855e-05,0.0038174691144376993,0.0032393501605838537,0.0005833757459186018,0.0,0.0010270209750160575
641,40,0.02367349900305271,5.569140557781793e-05,0.00259603769518435,0.006668472662568092,0.0003492101968731731,0.0,0.0010861195623874664
642,40,0.01651633158326149,3.529614332364872e-05,0.0027859483379870653,0.0022117921616882086,0.0002904411230701953,0.0,0.0008578883134759963
643,40,0.011189790442585945,2.0570891138049774e-05,0.0024448565673083067,0.0018409201875329018,0.00016965139366220683,0.0,0.0005186929483897984
644,40,0.03418890759348869,5.7837587519316e-05,0.003452736185863614,0.00747633958235383,0.0005789981805719435,0.0,0.0017412012675777078
645,40,0.03079015575349331,6.014403697918169e-05,0.004205360077321529,0.007222968153655529,0.00048419355880469084,0.0,0.001445974805392325
646,40,0.022390123456716537,2.4262819351861253e-05,0.0029052540194243193,0.0024808517191559076,0.0003566350496839732,0.0,0.0013413404813036323
647,40,0.017584096640348434,2.4939483409980312e-05,0.0026757463347166777,0.0020223010797053576,0.00024411469348706305,0.0,0.0010419964091852307
648,40,0.026078790426254272,3.017311610165052e-05,0.0022359208669513464,0.006023157853633165,0.00037107960088178515,0.0,0.001407874166034162
649,40,0.019980838522315025,3.418327105464414e-05,0.002649786649271846,0.0050148689188063145,0.00026933016488328576,0.0,0.0009588698158040643
650,40,0.023153847083449364,3.310490137664601e-05,0.0027009618934243917,0.0037416662089526653,0.00035614200169220567,0.0,0.0013116694753989577
651,40,0.022641126066446304,4.025641464977525e-05,0.002558751730248332,0.0035427187103778124,0.00034586398396641016,0.0,0.0013040758203715086
652,40,0.019420430064201355,6.454413960454985e-05,0.0026530474424362183,0.00496669951826334,0.00034076455631293356,0.0,0.0008328493568114936
653,40,0.015818478539586067,4.909788185614161e-05,0.0019138142233714461,0.0037442543543875217,0.00029140926199033856,0.0,0.0007197219529189169
654,40,0.02106015384197235,3.791641574935056e-05,0.0029936444479972124,0.0036229302641004324,0.00032578574609942734,0.0,0.0011147805489599705
655,40,0.017928771674633026,3.218488200218417e-05,0.002952276961877942,0.0039182305335998535,0.0002508599718566984,0.0,0.0008517480455338955
656,40,0.019160237163305283,5.013250120100565e-05,0.0028242759872227907,0.0041921366937458515,0.00031512469286099076,0.0,0.0008942447020672262
657,40,0.016183506697416306,6.17617552052252e-05,0.0029710333328694105,0.0037408792413771152,0.0002971909998450428,0.0,0.0006437922711484134
658,40,0.02201084792613983,3.4130873245885596e-05,0.002266803290694952,0.004095389973372221,0.0002795678155962378,0.0,0.0012818844988942146
659,40,0.01944728195667267,3.8809917896287516e-05,0.002518888795748353,0.002787731820717454,0.00033473953953944147,0.0,0.0010754457907751203
660,40,0.015261460095643997,4.9954705900745466e-05,0.0018577828304842114,0.003619743511080742,0.00023745062935631722,0.0,0.000735947338398546
661,40,0.013883638195693493,4.0114318835549057e-05,0.0022287468891590834,0.003650788450613618,0.00019670624169521034,0.0,0.0005996925756335258
662,40,0.01877586729824543,2.34179478866281e-05,0.002412628848105669,0.003161803586408496,0.00025489149265922606,0.0,0.0010629103053361177
663,40,0.015824055299162865,2.4966868295450695e-05,0.0022142932284623384,0.002068284898996353,0.00021438742987811565,0.0,0.0009372636559419334
664,40,0.016201667487621307,4.973421528120525e-05,0.0022480543702840805,0.004569110926240683,0.00024287165433634073,0.0,0.0006906052003614604
665,40,0.013960026204586029,4.283714952180162e-05,0.001974626677110791,0.003464980749413371,0.00024252603179775178,0.0,0.0006052320240996778
666,40,0.01704888977110386,2.893807686632499e-05,0.0024532314855605364,0.0029369196854531765,0.0002239182940684259,0.0,0.0009390617487952113
667,40,0.01400737464427948,2.9858612833777443e-05,0.0025234234053641558,0.0024443883448839188,0.00016732385847717524,0.0,0.0007336465059779584
668,40,0.017599008977413177,5.0247141189174727e-05,0.0026514544151723385,0.004284955561161041,0.0002730850537773222,0.0,0.0007881500641815364
669,40,0.015128295868635178,4.627203816198744e-05,0.0025161821395158768,0.003732177661731839,0.00023029683507047594,0.0,0.0006530695245601237
670,40,0.014140119776129723,2.2476579033536837e-05,0.0021204177755862474,0.002184595912694931,0.00017866493726614863,0.0,0.0008025980787351727
671,40,0.011629205197095871,2.3333393983193673e-05,0.002006836701184511,0.001623279764316976,0.00016430372488684952,0.0,0.0006332717603072524
672,40,0.017961475998163223,4.5767443225486204e-05,0.0022235342767089605,0.004681769292801619,0.0002593416429590434,0.0,0.0008416986675001681
673,40,0.015429510734975338,4.520934453466907e-05,0.0023701307363808155,0.0039765057153999805,0.0002145449398085475,0.0,0.0006892215460538864
674,40,0.013746513053774834,2.6065556085086428e-05,0.002428664593026042,0.002233824459835887,0.00018869242921937257,0.0,0.0007171034812927246
675,40,0.011134151369333267,2.2631258616456762e-05,0.002172540407627821,0.0016807751962915063,0.00013961194781586528,0.0,0.0005862084217369556
676,40,0.017785662785172462,4.516292756306939e-05,0.002053044969215989,0.004659755155444145,0.00028767704498022795,0.0,0.0008150929352268577
677,40,0.015787996351718903,4.782240648637526e-05,0.002122926525771618,0.004341696854680777,0.00024647475220263004,0.0,0.0006810803315602243
678,40,0.011756464838981628,2.3519722162745893e-05,0.002084028674289584,0.0016257237875834107,0.00014499497774522752,0.0,0.0006573243299499154
679,40,0.010336904786527157,2.2265188817982562e-05,0.0022502969950437546,0.001818993710912764,0.00011374962195986882,0.0,0.0005107852630317211
680,40,0.016793031245470047,4.38614770246204e-05,0.0021465839818120003,0.003908874932676554,0.00026378262555226684,0.0,0.0008055883226916194
681,40,0.014123452827334404,4.7551340685458854e-05,0.001922649098560214,0.003722896333783865,0.00020364095689728856,0.0,0.000639394682366401
682,40,0.012378823012113571,2.9394946977845393e-05,0.0022134326864033937,0.0016123519744724035,0.0001866127277025953,0.0,0.0006657515768893063
683,40,0.009979384951293468,2.3176226022769697e-05,0.0020040529780089855,0.001451287535019219,0.00012559299648273736,0.0,0.0005244938074611127
684,40,0.016841229051351547,4.0230981539934874e-05,0.0023921909742057323,0.00399688258767128,0.0002639491867739707,0.0,0.0007772431708872318
685,40,0.01439933106303215,3.9418682717951015e-05,0.0023280256427824497,0.0036022255662828684,0.0002146851911675185,0.0,0.000628280860837549
686,40,0.011814640834927559,2.5499628463876434e-05,0.0021268241107463837,0.0016437128651887178,0.00016249345208052546,0.0,0.0006393669755198061
687,40,0.010408747009932995,2.6788644390762784e-05,0.0020755636505782604,0.00147110631223768,0.00014399799692910165,0.0,0.0005395308253355324
688,40,0.014917156659066677,4.1196337406290695e-05,0.0019914708100259304,0.0034868940711021423,0.00024051965738181025,0.0,0.0006992398994043469
689,40,0.012696302495896816,4.1144561691908166e-05,0.0020777720492333174,0.002972610294818878,0.0001975030027097091,0.0,0.0005629745428450406
690,40,0.012024490162730217,2.6228490241919644e-05,0.0020763627253472805,0.0018559264717623591,0.00015868566697463393,0.0,0.0006479116273112595
691,40,0.009972655214369297,2.4834151190589182e-05,0.0019835345447063446,0.0014724715147167444,0.00012813188368454576,0.0,0.000521049601957202
692,40,0.014848653227090836,3.918542279279791e-05,0.0019830691162496805,0.003631180850788951,0.0002313542936462909,0.0,0.0006881675217300653
693,40,0.012477485463023186,3.844832826871425e-05,0.0018830939661711454,0.003106060903519392,0.00018910903600044549,0.0,0.0005558791453950107
694,40,0.012022936716675758,2.6780653570313007e-05,0.002137149451300502,0.0017312061972916126,0.00016675927327014506,0.0,0.0006460208096541464
695,40,0.010237821377813816,2.603359280328732e-05,0.0020592715591192245,0.0014923810958862305,0.00013325319741852582,0.0,0.0005327603430487216
696,40,0.013877814635634422,4.0651306335348636e-05,0.0020567781757563353,0.0032154927030205727,0.00021728186402469873,0.0,0.0006392073701135814
697,40,0.011825019493699074,3.799482510657981e-05,0.0019557452760636806,0.0027459491975605488,0.00018405394803266972,0.0,0.0005244790809229016
698,40,0.011872943490743637,2.4912742446758784e-05,0.0020129464101046324,0.0018390193581581116,0.0001605682773515582,0.0,0.0006390382186509669
699,40,0.01000067126005888,2.43832419073442e-05,0.00197086320258677,0.001421264372766018,0.00013026065425947309,0.0,0.0005281554185785353
700,40,0.013560693711042404,3.841386569547467e-05,0.0019773354288190603,0.003288938896730542,0.0002162647433578968,0.0,0.00060933583881706
701,40,0.0037796807009726763,3.1002557079773396e-05,0.0018935177940875292,0.0007352938409894705,4.455290763871744e-05,0.0,6.74337352393195e-05
702,40,0.0025841062888503075,2.3987206077435985e-05,0.0016331771621480584,0.000311621290165931,3.129782999167219e-05,0.0,3.0234210498747416e-05
703,40,0.002287188544869423,2.246470467071049e-05,0.0015530595555901527,0.00020848462008871138,2.6618301490088925e-05,0.0,2.3699660232523456e-05
704,40,0.002126864390447736,2.294457590323873e-05,0.0014612574595957994,0.00018710368021856993,2.4199696781579405e-05,0.0,2.1356188881327398e-05
705,40,0.002040035557001829,2.3001783119980246e-05,0.0013729246566072106,0.00016329321078956127,2.628383481351193e-05,0.0,2.1797768567921594e-05
706,40,0.001982055138796568,2.2081170754972845e-05,0.001358439796604216,0.0001543325633974746,2.4587465304648504e-05,0.0,2.0132696590735577e-05
707,40,0.001946284668520093,2.1811923943459988e-05,0.0013572401367127895,0.0001385638170177117,2.363968269492034e-05,0.0,1.9227207303629257e-05
708,40,0.0019122803350910544,2.0635527107515372e-05,0.001333459746092558,0.00013394473353400826,2.315975507372059e-05,0.0,1.926428194565233e-05
709,40,0.0018805607687681913,2.0617739210138097e-05,0.001325658056885004,0.0001210826012538746,2.3509652237407863e-05,0.0,1.7810583813115954e-05
710,40,0.0018536732532083988,2.0417806808836758e-05,0.001293887384235859,0.00011288151290500537,2.349463466089219e-05,0.0,1.915400571306236e-05
711,40,0.001836025738157332,2.0662240785895847e-05,0.001276278169825673,0.00011278826423222199,2.3773707653163e-05,0.0,1.8856002498068847e-05
712,40,0.0018221487989649177,2.0367178876767866e-05,0.0012630406999960542,0.00011372853623470291,2.3714563212706707e-05,0.0,1.8786677173920907e-05
713,40,0.0018113662954419851,2.0031708118040115e-05,0.0012565046781674027,0.00011499442189233378,2.3863996830186807e-05,0.0,1.8119539163308218e-05
714,40,0.0017981232376769185,2.0413817765074782e-05,0.0012418667320162058,0.00011644519690889865,2.415463313809596e-05,0.0,1.778512159944512e-05
715,40,0.0017792372964322567,2.0264113118173555e-05,0.0012322678230702877,0.00011296794400550425,2.3898977815406397e-05,0.0,1.747477290336974e-05
716,40,0.001761341467499733,2.004281668632757e-05,0.0012277091154828668,0.0001103901959140785,2.3378765035886317e-05,0.0,1.694116508588195e-05
717,40,0.0017454681219533086,1.994705235119909e-05,0.0012136916629970074,0.00010900108463829383,2.3717464500805363e-05,0.0,1.6565367332077585e-05
718,40,0.001731012249365449,1.9687948224600405e-05,0.0012046240735799074,0.00010723249579314142,2.3117128876037896e-05,0.0,1.682965194049757e-05
719,40,0.001720018102787435,1.9640230675577186e-05,0.0011959170224145055,0.00010983436368405819,2.279315776831936e-05,0.0,1.6669493561494164e-05
720,40,0.0017064748099073768,1.9502747818478383e-05,0.0011834397446364164,0.00011065781291108578,2.280177068314515e-05,0.0,1.648569195822347e-05
721,40,0.00169128377456218,1.9532810256350785e-05,0.001175028388388455,0.00010950322757707909,2.2952383005758747e-05,0.0,1.5769539459142834e-05
722,40,0.00168167008087039,1.9207240256946534e-05,0.0011717890156432986,0.00010999372170772403,2.288429459440522e-05,0.0,1.5183713912847452e-05
723,40,0.0016730085480958223,1.9030798284802586e-05,0.001170183066278696,0.00011098734103143215,2.223697265435476e-05,0.0,1.5043772691569757e-05
724,40,0.0016653842758387327,1.9096112737315707e-05,0.0011598053388297558,0.0001116400453611277,2.2562871890841052e-05,0.0,1.492140017944621e-05
725,40,0.001652542850933969,1.9163333490723744e-05,0.0011497163213789463,0.00011491159966681153,2.2204791093827225e-05,0.0,1.4670365089841653e-05
726,40,0.0016411772230640054,1.927790799527429e-05,0.0011458415538072586,0.00011551964416867122,2.154559115297161e-05,0.0,1.4508221283904277e-05
727,40,0.001633158535696566,1.9295070160296746e-05,0.0011373194865882397,0.00011574843665584922,2.1630474293488078e-05,0.0,1.4449088666879106e-05
728,40,0.0016232248162850738,1.9532579244696535e-05,0.001134124817326665,0.00011545282904990017,2.130887150997296e-05,0.0,1.410258664691355e-05
729,40,0.0016131011070683599,1.9502604118315503e-05,0.0011333037400618196,0.00011526638263603672,2.0484036213019863e-05,0.0,1.4018806723470334e-05
730,40,0.001599032897502184,1.9554354366846383e-05,0.0011297677410766482,0.00011754372826544568,2.025104549829848e-05,0.0,1.2965663700015284e-05
731,40,0.0015846195165067911,1.9265686205471866e-05,0.0011319504119455814,0.00011653984256554395,1.932568738993723e-05,0.0,1.2360665095911827e-05
732,40,0.0015730642480775714,1.8788559827953577e-05,0.0011306970845907927,0.00011492509656818584,1.9045422959607095e-05,0.0,1.1819943210866768e-05
733,40,0.0015593189746141434,1.9108238120679744e-05,0.0011200981680303812,0.00011151058424729854,1.900111965369433e-05,0.0,1.185906967293704e-05
734,40,0.001546654966659844,1.9308952687424608e-05,0.001108015887439251,0.00011671256652334705,1.874583358585369e-05,0.0,1.1515921869431622e-05
735,40,0.0015319266822189093,1.9139568394166417e-05,0.001090420177206397,0.00011932515189982951,1.9161681848345324e-05,0.0,1.1142493349325377e-05
736,40,0.001518749981187284,1.9152977984049357e-05,0.001074266037903726,0.00012027980119455606,1.925574179040268e-05,0.0,1.12493607957731e-05
737,40,0.0015098624862730503,1.9065302694798447e-05,0.0010686246678233147,0.00012369087198749185,1.9138977222610265e-05,0.0,1.0709184607549105e-05
738,40,0.001496785320341587,1.9015453290194273e-05,0.0010562208481132984,0.0001250447821803391,1.9437728042248636e-05,0.0,1.0212697816314176e-05
739,40,0.001483025960624218,1.893104490591213e-05,0.0010447101667523384,0.00012515948037616909,1.8961785826832056e-05,0.0,1.0460745215823408e-05
740,40,0.0014699865132570267,1.9274697478977032e-05,0.0010314520914107561,0.00012618457549251616,1.9236404114053585e-05,0.0,1.0071110409626272e-05
741,40,0.0014562733704224229,1.913311098178383e-05,0.0010151119204238057,0.00012626175885088742,1.9331162548041902e-05,0.0,1.0245502380712423e-05
742,40,0.0014433141332119703,1.9210379832657054e-05,0.0010075410827994347,0.00012722982501145452,1.9065968444920145e-05,0.0,9.867309927358292e-06
743,40,0.0014275030698627234,1.842451274569612e-05,0.0009988148231059313,0.0001247614563908428,1.8492399249225855e-05,0.0,1.0057829967990983e-05
744,40,0.001414322410710156,1.9207780496799387e-05,0.0009887809865176678,0.00012295533088035882,1.8672642909223214e-05,0.0,9.665184734330978e-06
745,40,0.0014005376724526286,1.9442468328634277e-05,0.0009760897955857217,0.00012352500925771892,1.8722092136158608e-05,0.0,9.42595306696603e-06
746,40,0.001388387754559517,1.9615668861661106e-05,0.0009671655716374516,0.00012300943490117788,1.8985281712957658e-05,0.0,8.874433660821524e-06
747,40,0.0013752352679148316,1.9965682440670207e-05,0.0009535941644571722,0.00012336610234342515,1.9254026483395137e-05,0.0,8.576912478019949e-06
748,40,0.001361014088615775,1.977173815248534e-05,0.0009431709768250585,0.00012027247430523857,1.9099876226391643e-05,0.0,8.680001883476507e-06
749,40,0.0013425603974610567,2.0128680262132548e-05,0.0009152321144938469,0.00012655192404054105,1.9903443899238482e-05,0.0,8.161317055055406e-06
750,40,0.0013241027481853962,1.9764484022744e-05,0.0008947679889388382,0.00013305258471518755,1.975597842829302e-05,0.0,7.895782800915185e-06
751,50,0.10752376914024353,0.00010039896733360365,0.002951713977381587,0.006046813912689686,0.009357516653835773,0.0,0.00048496798262931406
752,50,0.07786470651626587,8.296043233713135e-05,0.0047468263655900955,0.005427896045148373,0.0038809566758573055,0.0,0.0028797450941056013
753,50,0.07689976692199707,4.664637890527956e-05,0.0060309357941150665,0.015566587448120117,0.0024255095049738884,0.0,0.0031000501476228237
754,50,0.04860885068774223,6.475308327935636e-05,0.005701309069991112,0.011795519851148129,0.0015883517917245626,0.0,0.0015163753414526582
755,50,0.041393619030714035,3.0768704164074734e-05,0.003863164223730564,0.00952546950429678,0.0016395506681874394,0.0,0.0011578709818422794
756,50,0.05446860194206238,0.00016863874043338,0.011167210526764393,0.007046205922961235,0.0018933690153062344,0.0,0.001715285936370492
757,50,0.04597632214426994,0.00010716362157836556,0.0059580253437161446,0.011272009462118149,0.001475728116929531,0.0,0.0013881842605769634
758,50,0.031903255730867386,3.619349445216358e-05,0.009209354408085346,0.00686743576079607,0.0010188680607825518,0.0,0.0005601590964943171
759,50,0.05119382590055466,2.75689617410535e-05,0.006793240550905466,0.01554950326681137,0.0011611717054620385,0.0,0.0017211795784533024
760,50,0.04604118689894676,8.092804637271911e-05,0.010747835040092468,0.009278119541704655,0.0015491421800106764,0.0,0.0010442882776260376
761,50,0.04665876179933548,3.418734922888689e-05,0.0060697742737829685,0.009881933219730854,0.001119409454986453,0.0,0.0019478771137073636
762,50,0.037522219121456146,0.00010563883552094921,0.016816021874547005,0.006069961469620466,0.0008548694313503802,0.0,0.0005981903523206711
763,50,0.03643623739480972,0.00012349571625236422,0.012832543812692165,0.008663972839713097,0.00045782787492498755,0.0,0.0010237942915409803
764,50,0.03533771261572838,5.8675414038589224e-05,0.01025065965950489,0.01114589348435402,0.0007024721708148718,0.0,0.0006857761763967574
765,50,0.03363948315382004,3.712624675245024e-05,0.01097441278398037,0.0069287926889956,0.0007882374920882285,0.0,0.0007816774887032807
766,50,0.020227015018463135,3.543283310136758e-05,0.0056194341741502285,0.003644265467301011,0.00045195050188340247,0.0,0.0006408378249034286
767,50,0.029999176040291786,7.789952360326424e-05,0.005535544827580452,0.007355183362960815,0.00041815423173829913,0.0,0.001284900470636785
768,50,0.03151082247495651,0.00015604638610966504,0.012274215929210186,0.005190134514123201,0.0005750617128796875,0.0,0.000813980819657445
769,50,0.022413436323404312,7.818842277629301e-05,0.005184127017855644,0.005760719999670982,0.0005242179031483829,0.0,0.0006148223765194416
770,50,0.020012475550174713,7.074735185597092e-05,0.008689593523740768,0.003360296133905649,0.00027647052775137126,0.0,0.0005127133335918188
771,50,0.03283054754137993,3.061291863559745e-05,0.006896925624459982,0.006627193186432123,0.0007304158643819392,0.0,0.0011971659259870648
772,50,0.022301677614450455,2.5742941943462938e-05,0.00694642448797822,0.00478809280321002,0.0005410004523582757,0.0,0.0005131411598995328
773,50,0.040767304599285126,4.493979213293642e-05,0.004929089453071356,0.010580169036984444,0.000425228092353791,0.0,0.0020960825495421886
774,50,0.034683093428611755,2.8471864425227977e-05,0.007172323763370514,0.006979898549616337,0.0007577287033200264,0.0,0.0012925114715471864
775,50,0.06314731389284134,0.0002386304404353723,0.024636149406433105,0.011926599778234959,0.00036016415106132627,0.0,0.0022744296584278345
776,50,0.058465488255023956,0.0001901389769045636,0.01866862177848816,0.009432008489966393,0.0003573426220100373,0.0,0.0026601289864629507
777,50,0.027404721826314926,6.293854676187038e-05,0.0053481776267290115,0.004529943689703941,0.0006562615744769573,0.0,0.0010901045752689242
778,50,0.02653604932129383,8.523292490281165e-05,0.008892091922461987,0.0023641404695808887,0.00037315781810320914,0.0,0.0011463004630059004
779,50,0.03467967361211777,5.460566171677783e-05,0.0028835085686296225,0.012142963707447052,0.0006073652766644955,0.0,0.001352494116872549
780,50,0.01755886897444725,6.123550701886415e-05,0.003082679584622383,0.0031663498375564814,0.0006146036903373897,0.0,0.0005102566792629659
781,50,0.0583852082490921,8.253992564277723e-05,0.006639835424721241,0.0220993272960186,0.0006324148853309453,0.0,0.002323935506865382
782,50,0.05628437176346779,6.67146232444793e-05,0.0046755410730838776,0.02050919644534588,0.0007217992679215968,0.0,0.0023814928717911243
783,50,0.034172482788562775,0.0002260693727293983,0.013494991697371006,0.006682572886347771,0.0006289867451414466,0.0,0.0007478980696760118
784,50,0.03277091681957245,0.00017508545715827495,0.008020590990781784,0.011946349404752254,0.0004859804757870734,0.0,0.0007769084768369794
785,50,0.020254528149962425,8.212598913814873e-05,0.00552096264436841,0.0020897118374705315,0.0004516607441473752,0.0,0.0008045120048336685
786,50,0.02047678641974926,7.364897464867681e-05,0.00824434868991375,0.002725633792579174,0.00042332138400524855,0.0,0.0005199940642341971
787,50,0.025894854217767715,4.913247539661825e-05,0.003977684304118156,0.006824457086622715,0.00025660201208665967,0.0,0.0012477561831474304
788,50,0.018740519881248474,5.574257011176087e-05,0.005218957085162401,0.004632787313312292,0.00034958551987074316,0.0,0.0005337177426554263
789,50,0.03819474205374718,4.012739009340294e-05,0.004012921825051308,0.010820824652910233,0.00021274646860547364,0.0,0.002119340468198061
790,50,0.03354649990797043,5.88232978770975e-05,0.0035951260942965746,0.009060020558536053,0.00024280924117192626,0.0,0.0018404435832053423
791,50,0.022695792838931084,5.562774094869383e-05,0.0032605419401079416,0.005362740717828274,0.0004470120766200125,0.0,0.0009546762448735535
792,50,0.016731563955545425,4.1636118112364784e-05,0.0030597997829318047,0.0037286642473191023,0.00020186923211440444,0.0,0.0007882771897129714
793,50,0.025241537019610405,6.337748345686123e-05,0.004669408313930035,0.006862345151603222,0.0002522320719435811,0.0,0.0011124085867777467
794,50,0.02104019746184349,4.17208721046336e-05,0.004552876576781273,0.003229925176128745,0.00035361858317628503,0.0,0.0009679487557150424
795,50,0.03181609511375427,4.7363704652525485e-05,0.004575416445732117,0.01161496527493,0.000340396974934265,0.0,0.0012174382572993636
796,50,0.026616228744387627,4.606915535987355e-05,0.0036959422286599874,0.009087126702070236,0.0002563625166658312,0.0,0.0011223464971408248
797,50,0.01879885233938694,4.874229125562124e-05,0.003566117025911808,0.004254975821822882,0.00036964917671866715,0.0,0.0007232524803839624
798,50,0.01491556316614151,4.695850657299161e-05,0.002654442796483636,0.004075906705111265,0.00017229278455488384,0.0,0.0006415327661670744
799,50,0.025058778002858162,0.00010499434574740008,0.005944318603724241,0.006746024824678898,0.00028903118800371885,0.0,0.0009373128414154053
800,50,0.021631818264722824,9.44172716117464e-05,0.0052468013018369675,0.00527680991217494,0.00034486025106161833,0.0,0.0007565187406726182
801,50,0.020432248711586,6.156927702249959e-05,0.004184300545603037,0.00575418071821332,0.00016394612612202764,0.0,0.0008792737498879433
802,50,0.018328798934817314,6.893507816130295e-05,0.005285867024213076,0.005120040848851204,0.00020683174079749733,0.0,0.0005785638932138681
803,50,0.02173817902803421,4.36783411714714e-05,0.0021483206655830145,0.005766155663877726,0.00029466766864061356,0.0,0.0010833347914740443
804,50,0.01737183704972267,4.6927427320042625e-05,0.002693860325962305,0.005554728675633669,0.00017817862681113183,0.0,0.0007294533425010741
805,50,0.020757226273417473,3.792392817558721e-05,0.003393505932763219,0.005366833880543709,0.00015374700888060033,0.0,0.0010421492625027895
806,50,0.018644317984580994,3.2499236112926155e-05,0.0030113121028989553,0.005243157036602497,0.00018251324945595115,0.0,0.0008532218053005636
807,50,0.019580315798521042,7.551880844403058e-05,0.004654875490814447,0.004780287854373455,0.00013428987585939467,0.0,0.0008726733503863215
808,50,0.018252287060022354,6.159398617455736e-05,0.0030799489468336105,0.005138381849974394,0.00014930592442397028,0.0,0.0008479302632622421
809,50,0.015871698036789894,7.99808040028438e-05,0.004199390299618244,0.0034380988217890263,0.00016863826022017747,0.0,0.0006467844941653311
810,50,0.01258394867181778,6.791311898268759e-05,0.003554608905687928,0.0025230173487216234,0.0001166408765129745,0.0,0.0005271999980323017
811,50,0.020778194069862366,5.059755494585261e-05,0.003763986984267831,0.005783440079540014,0.0001774218981154263,0.0,0.0009405951714143157
812,50,0.016905952244997025,4.503733362071216e-05,0.004080548416823149,0.0036198091693222523,0.00014961556007619947,0.0,0.0007664401782676578
813,50,0.017757046967744827,4.7496629122179e-05,0.003068202640861273,0.005542827304452658,0.0001487398985773325,0.0,0.0007611122564412653
814,50,0.013609932735562325,5.117662294651382e-05,0.002873725490644574,0.003386463737115264,0.00012505424092523754,0.0,0.0006048025097697973
815,50,0.02106020413339138,5.6218981626443565e-05,0.0030125349294394255,0.006685899570584297,0.00021932623349130154,0.0,0.0009112287079915404
816,50,0.0165010504424572,5.763018998550251e-05,0.0028542818035930395,0.004760486539453268,0.00015580809849780053,0.0,0.0007270569913089275
817,50,0.017431557178497314,5.748699913965538e-05,0.003522878047078848,0.0053322589956223965,0.000140793839818798,0.0,0.0007110995356924832
818,50,0.014521717093884945,4.5270735427038744e-05,0.0029902891255915165,0.004149389453232288,0.00013260966807138175,0.0,0.0006010670913383365
819,50,0.019210241734981537,6.320416287053376e-05,0.0034388545900583267,0.005777464713901281,0.00017540532280690968,0.0,0.0008176664705388248
820,50,0.016505053266882896,5.113817678648047e-05,0.002590915421023965,0.00485924631357193,0.0001729832001728937,0.0,0.0007273922092281282
821,50,0.01674002781510353,5.9342681197449565e-05,0.003759444924071431,0.004771457519382238,0.0001554235495859757,0.0,0.0006595547311007977
822,50,0.014631908386945724,4.98819281347096e-05,0.003315042005851865,0.004367798566818237,0.00013008828682359308,0.0,0.0005598302814178169
823,50,0.01672380417585373,6.006285184412263e-05,0.0033731614239513874,0.004708404187113047,0.00014039146481081843,0.0,0.0007178261294029653
824,50,0.014419552870094776,5.724689253838733e-05,0.003244868479669094,0.003943051677197218,0.0001384479837724939,0.0,0.0005789905553683639
825,50,0.01676805689930916,5.131318903295323e-05,0.0032777078449726105,0.004995057824999094,0.00011977336544077843,0.0,0.0007246243767440319
826,50,0.013912035152316093,5.045628495281562e-05,0.0030093160457909107,0.0040084137581288815,0.0001305500918533653,0.0,0.0005538347759284079
827,50,0.01725546456873417,5.270698602544144e-05,0.0028488694224506617,0.004825296811759472,0.00015780054673086852,0.0,0.0007950584986247122
828,50,0.014610116370022297,4.747489947476424e-05,0.002705130958929658,0.004017782397568226,0.00013462500646710396,0.0,0.0006493477849289775
829,50,0.01567431539297104,5.357326881494373e-05,0.003277319250628352,0.004611867945641279,0.00011544488370418549,0.0,0.0006577105377800763
830,50,0.013054164126515388,5.000679811928421e-05,0.002933307783678174,0.0036694908048957586,0.0001019127230392769,0.0,0.0005382231320254505
831,50,0.016804754734039307,5.499748658621684e-05,0.003104225732386112,0.004966207779943943,0.00014038897643331438,0.0,0.0007275434909388423
832,50,0.013877412304282188,4.939931386616081e-05,0.0026502031832933426,0.003824938088655472,0.0001248026528628543,0.0,0.0006104845087975264
833,50,0.016306543722748756,5.7764871598919854e-05,0.0032539053354412317,0.004870107863098383,0.00013567565474659204,0.0,0.000676801020745188
834,50,0.013611572794616222,4.9306152504868805e-05,0.002868169918656349,0.003913369029760361,0.00010567979188635945,0.0,0.0005723930080421269
835,50,0.015830261632800102,5.2197861805325374e-05,0.0031485494691878557,0.0045903767459094524,0.00013741494331043214,0.0,0.0006664987304247916
836,50,0.0131624024361372,4.4237138354219496e-05,0.002692710841074586,0.003547420259565115,0.00011395538604119793,0.0,0.0005738480831496418
837,50,0.015977289527654648,5.687986049451865e-05,0.003420636523514986,0.004969348199665546,0.0001320987066719681,0.0,0.0006209437851794064
838,50,0.01306380145251751,5.33001875737682e-05,0.003036909271031618,0.003766013775020838,0.00011371681466698647,0.0,0.0005070409970358014
839,50,0.015868309885263443,5.3234958613757044e-05,0.0028842913452535868,0.004746849648654461,0.00014168189954943955,0.0,0.000676711555570364
840,50,0.012809500098228455,5.120446439832449e-05,0.002787647768855095,0.003567730775102973,0.00011280149919912219,0.0,0.0005274901632219553
841,50,0.016535500064492226,5.159694410394877e-05,0.003177027916535735,0.005206408444792032,0.0001342365867458284,0.0,0.0006758100935257971
842,50,0.013751290738582611,4.78799847769551e-05,0.0029786808881908655,0.0041511086747050285,0.00011612669914029539,0.0,0.0005412354366853833
843,50,0.015160776674747467,5.016806608182378e-05,0.002701627556234598,0.004522994626313448,0.0001344451156910509,0.0,0.0006541534676216543
844,50,0.01298812497407198,4.547424759948626e-05,0.0024397466331720352,0.0037643974646925926,0.00012309166777413338,0.0,0.0005507590249180794
845,50,0.015459185466170311,5.428920121630654e-05,0.0032232466619461775,0.004789303056895733,0.0001226296299137175,0.0,0.0006166049861349165
846,50,0.013104289770126343,4.811682447325438e-05,0.0028308145701885223,0.0040490892715752125,0.00011039946548407897,0.0,0.0005072274361737072
847,50,0.015002867206931114,5.240487007540651e-05,0.0029878891073167324,0.0042579444125294685,0.00012856911052949727,0.0,0.0006418938282877207
848,50,0.012810662388801575,4.8681577027309686e-05,0.002653840696439147,0.0035825446248054504,0.00011670760432025418,0.0,0.0005358519265428185
849,50,0.014903079718351364,5.633780165226199e-05,0.0030830949544906616,0.004566992167383432,0.0001224628067575395,0.0,0.0005972026265226305
850,50,0.012540304102003574,5.023266567150131e-05,0.002871384611353278,0.003725901711732149,0.00010765907063614577,0.0,0.00048161944141611457
851,50,0.003270586719736457,3.762734922929667e-05,0.0018864527810364962,0.000439299619756639,5.1931605412391946e-05,0.0,3.878909410559572e-05
852,50,0.002358523663133383,2.759488415904343e-05,0.0015564828645437956,0.0002480053517501801,3.3416683436371386e-05,0.0,1.922735282278154e-05
853,50,0.0021646195091307163,2.6039639124064706e-05,0.001517823664471507,0.0001828345557441935,2.7833570129587315e-05,0.0,1.5958590665832162e-05
854,50,0.0020621665753424168,2.6047178835142404e-05,0.001439264160580933,0.00016298882837872952,2.574083009676542e-05,0.0,1.7645805201027542e-05
855,50,0.0019485235679894686,2.6688680009101517e-05,0.0013491089921444654,0.00016494975716341287,2.3345659428741783e-05,0.0,1.7431952073820867e-05
856,50,0.0018923211609944701,2.5468485546298325e-05,0.0013117823982611299,0.00015960219025146216,2.255040453746915e-05,0.0,1.6996402337099425e-05
857,50,0.0018321870593354106,2.4881177523639053e-05,0.0012759426608681679,0.00014097146049607545,2.292420504090842e-05,0.0,1.6114961908897385e-05
858,50,0.0017684963531792164,2.5089160772040486e-05,0.001241287449374795,0.00012836088717449456,2.2887683371664025e-05,0.0,1.4488199667539448e-05
859,50,0.0017285124631598592,2.3751577828079462e-05,0.0012122578918933868,0.00012608428369276226,2.2133674065116793e-05,0.0,1.4508204003504943e-05
860,50,0.0016764316242188215,2.4717128326301463e-05,0.0011684888741001487,0.000115671478852164,2.3088743546395563e-05,0.0,1.3666672202816699e-05
861,50,0.0016404134221374989,2.4235445380327292e-05,0.0011334666050970554,0.00011836605699500069,2.344132008147426e-05,0.0,1.2993210475542583e-05
862,50,0.0016099693020805717,2.3672711904509924e-05,0.0011210227385163307,0.000116656010504812,2.2042582713766024e-05,0.0,1.2819199582736474e-05
863,50,0.0015752163017168641,2.3810482161934488e-05,0.0010972089366987348,0.00010939780622720718,2.2934222215553746e-05,0.0,1.1545687812031247e-05
864,50,0.0015443151351064444,2.4105505872284994e-05,0.0010797646827995777,0.00010670488700270653,2.1811441911268048e-05,0.0,1.1562552572286222e-05
865,50,0.001521616242825985,2.369946196267847e-05,0.0010617865482345223,0.00010308569471817464,2.188126018154435e-05,0.0,1.1423190699133556e-05
866,50,0.0014988748589530587,2.3731668989057653e-05,0.0010305555770173669,0.00010997137724189088,2.2708725737174973e-05,0.0,1.075289947038982e-05
867,50,0.0014753455761820078,2.4784409106359817e-05,0.0010079252533614635,0.00011143003212055191,2.3184944438980892e-05,0.0,9.935656635207124e-06
868,50,0.001454512937925756,2.42050809902139e-05,0.0009906517807394266,0.00011529425682965666,2.241330366814509e-05,0.0,1.002288354357006e-05
869,50,0.0014323033392429352,2.3991255147848278e-05,0.000970765424426645,0.0001207325913128443,2.2203086700756103e-05,0.0,9.478318133915309e-06
870,50,0.0014092937344685197,2.3525757569586858e-05,0.0009555149008519948,0.00012610088742803782,2.1166946680750698e-05,0.0,9.248274182027671e-06
871,50,0.0013834036653861403,2.3589591364725493e-05,0.0009247337002307177,0.00013212197518441826,2.0835122995777056e-05,0.0,9.460714863962494e-06
872,50,0.0013613682240247726,2.3021118977339938e-05,0.0009041013545356691,0.00013209889584686607,2.0531915652099997e-05,0.0,9.682771633379161e-06
873,50,0.0013379505835473537,2.2629694285569713e-05,0.0008895834325812757,0.00013301466242410243,2.0147879695286974e-05,0.0,9.124397365667392e-06
874,50,0.0013141126837581396,2.2370513761416078e-05,0.0008778086048550904,0.0001340143062407151,1.8793951312545687e-05,0.0,9.197975487040821e-06
875,50,0.0012954757548868656,2.2047630409360863e-05,0.0008651005337014794,0.00013436973677016795,1.804016028472688e-05,0.0,9.355623660667334e-06
876,50,0.0012736426433548331,2.2615655325353146e-05,0.0008515245863236487,0.00012952950783073902,1.7681157260085456e-05,0.0,9.316126124758739e-06
877,50,0.0012550371466204524,2.2125548639451154e-05,0.0008386329282075167,0.00012747824075631797,1.763128602760844e-05,0.0,9.048754691320937e-06
878,50,0.0012376043014228344,2.2093106963438913e-05,0.0008284386130981147,0.00012593367137014866,1.695582795946393e-05,0.0,9.158068678516429e-06
879,50,0.001223415369167924,2.24446011998225e-05,0.0008115624659694731,0.00012646749382838607,1.709518073766958e-05,0.0,9.198907719110139e-06
880,50,0.0012108138762414455,2.2115760657470673e-05,0.0008045820286497474,0.00012345983122941107,1.6839430827531032e-05,0.0,9.226188012689818e-06
881,50,0.0011980453273281455,2.19061657844577e-05,0.000792335718870163,0.0001265999599127099,1.670078381721396e-05,0.0,9.019568096846342e-06
882,50,0.0011874916963279247,2.2089361664257012e-05,0.0007849649409763515,0.00012696311750914901,1.655498635955155e-05,0.0,8.792443622951396e-06
883,50,0.0011772067518904805,2.2247142624109983e-05,0.0007733152597211301,0.00012613626313395798,1.6678521205903962e-05,0.0,8.872289072314743e-06
884,50,0.0011648947838693857,2.2185164198162965e-05,0.0007608963642269373,0.00012978633458260447,1.6370504454243928e-05,0.0,8.832191269902978e-06
885,50,0.001153632067143917,2.2273854483501054e-05,0.0007516141631640494,0.00012766696454491466,1.6452391719212756e-05,0.0,8.755318049225025e-06
886,50,0.001133468933403492,2.3206024707178585e-05,0.0007265083841048181,0.00013189854507800192,1.674372106208466e-05,0.0,8.44187889015302e-06
887,50,0.0011177838314324617,2.2683621864416637e-05,0.0007157640648074448,0.000130162836285308,1.6250134649453685e-05,0.0,8.667191650602035e-06
888,50,0.001104822033084929,2.2731539502274245e-05,0.0006968426168896258,0.00013309849600773305,1.6603549738647416e-05,0.0,8.611393241153564e-06
889,50,0.0010880641639232635,2.303722794749774e-05,0.0006784419529139996,0.00013785285409539938,1.6568452338106e-05,0.0,8.304759830934927e-06
890,50,0.0010731758084148169,2.249917815788649e-05,0.0006683376850560308,0.00014099747932050377,1.6081618014140986e-05,0.0,8.052535122260451e-06
891,50,0.0010539130307734013,2.2353891836246476e-05,0.0006584582733921707,0.00013697159010916948,1.5492134480155073e-05,0.0,8.120789971144404e-06
892,50,0.0010329285869374871,2.3125945517676882e-05,0.0006410732748918235,0.00013313988165464252,1.5724308468634263e-05,0.0,7.834632924641483e-06
893,50,0.001011757180094719,2.2718284526490606e-05,0.0006196399917826056,0.00013830987154506147,1.6176556528080255e-05,0.0,6.932357791811228e-06
894,50,0.0009846718749031425,2.2116833861218765e-05,0.000602678454015404,0.00013211667828727514,1.5267985872924328e-05,0.0,7.5080115493619815e-06
895,50,0.000964605191256851,2.3266915377462283e-05,0.0005809874273836613,0.00012962061737198383,1.5763313058414496e-05,0.0,7.309711236302974e-06
896,50,0.0009454389219172299,2.275782753713429e-05,0.0005654048291034997,0.00012660118227358907,1.5757617802591994e-05,0.0,7.309887223527767e-06
897,50,0.0009194496087729931,2.206828139605932e-05,0.0005436569917947054,0.0001251632784260437,1.556143251946196e-05,0.0,7.294670922419755e-06
898,50,0.0008989868219941854,2.2866142899147235e-05,0.000528128701262176,0.00012958610022906214,1.5410794730996713e-05,0.0,6.429790119000245e-06
899,50,0.0008708874811418355,2.2691880076308735e-05,0.0005122220609337091,0.00012664205860346556,1.4542038115905598e-05,0.0,6.391109764081193e-06
900,50,0.0008492509368807077,2.2381793314707465e-05,0.0005012174369767308,0.0001218830220750533,1.3771736121270806e-05,0.0,6.605139333260013e-06
901,60,0.07605400681495667,0.00010568501602392644,0.0019369985675439239,0.00586306257173419,0.006471568718552589,0.0,0.00034325788146816194
902,60,0.06406664103269577,7.379925955319777e-05,0.003840745659545064,0.01065855659544468,0.0026175857055932283,0.0,0.0023317683953791857
903,60,0.052828773856163025,3.0962230084696785e-05,0.0039414516650140285,0.007593798451125622,0.0017056214855983853,0.0,0.0024206347297877073
904,60,0.048435062170028687,5.493155185831711e-05,0.004746897146105766,0.018727296963334084,0.0015357030788436532,0.0,0.000954890507273376
905,60,0.037969376891851425,3.177299731760286e-05,0.0031228745356202126,0.015248388051986694,0.0012078547151759267,0.0,0.0007487796829082072
906,60,0.03803238645195961,6.580032641068101e-05,0.00814293883740902,0.01344448234885931,0.0009833616204559803,0.0,0.0006545546348206699
907,60,0.03015197440981865,2.178271097363904e-05,0.003813609015196562,0.008173836395144463,0.0010101207299157977,0.0,0.0008041539113037288
908,60,0.035383496433496475,8.865990821504965e-05,0.013329247944056988,0.010915509425103664,0.0006074143457226455,0.0,0.0004975935444235802
909,60,0.024180704727768898,6.134153227321804e-05,0.005804669577628374,0.005817300174385309,0.0006051068194210529,0.0,0.0006446326151490211
910,60,0.02815067023038864,5.9364396292949095e-05,0.00994793325662613,0.007942561991512775,0.000517136650159955,0.0,0.0005029444582760334
911,60,0.02196677029132843,4.1491948650218546e-05,0.008815809153020382,0.005236076656728983,0.000358512595994398,0.0,0.0004288265772629529
912,60,0.028120260685682297,7.146563439164311e-05,0.004829928744584322,0.00613876199349761,0.000998479314148426,0.0,0.0007095311302691698
913,60,0.025115525349974632,9.718848741613328e-05,0.006860101129859686,0.005067090038210154,0.0008397864294238389,0.0,0.00046932813711464405
914,60,0.022760532796382904,2.150570617232006e-05,0.003949259873479605,0.005373901221901178,0.00046367303002625704,0.0,0.0008779136114753783
915,60,0.024134788662195206,4.624634311767295e-05,0.006748237647116184,0.009798192419111729,0.0003354248474352062,0.0,0.000418786279624328
916,60,0.020054854452610016,7.886809908086434e-05,0.0039879148826003075,0.003257828764617443,0.000672835623845458,0.0,0.0006001885049045086
917,60,0.02516273409128189,5.7674580602906644e-05,0.004996994975954294,0.011164771392941475,0.00047554686898365617,0.0,0.00041878240881487727
918,60,0.014825781807303429,8.01158748799935e-05,0.0038989281747490168,0.0025547323748469353,0.000540989451110363,0.0,0.00028821107116527855
919,60,0.01792915165424347,5.111601421958767e-05,0.0036560529842972755,0.008143740706145763,0.0002512423088774085,0.0,0.00035658187698572874
920,60,0.016653768718242645,1.858505856944248e-05,0.004033130127936602,0.002092232694849372,0.0004685063904616982,0.0,0.0005824757390655577
921,60,0.016966257244348526,1.9679242541315034e-05,0.003687567776069045,0.005884338170289993,0.00034127087565138936,0.0,0.0003961963520850986
922,60,0.018797140568494797,3.658710193121806e-05,0.006347452290356159,0.0022551147267222404,0.0003808914334513247,0.0,0.000634907279163599
923,60,0.018257714807987213,1.8524726328905672e-05,0.005667157005518675,0.006066005676984787,0.0002921260893344879,0.0,0.00035847665276378393
924,60,0.023315083235502243,8.337689359905198e-05,0.005365731194615364,0.0016220700927078724,0.0006194501183927059,0.0,0.0010049402480944991
925,60,0.02884392812848091,0.0001020239433273673,0.006284845527261496,0.006342765409499407,0.0008436002535745502,0.0,0.0007678289548493922
926,60,0.012209540233016014,3.4794866223819554e-05,0.002501749200746417,0.002733314875513315,0.0002502306888345629,0.0,0.00044373743003234267
927,60,0.025486305356025696,6.346223381115124e-05,0.007990398444235325,0.0035222689621150494,0.0006626196554861963,0.0,0.0007283980376087129
928,60,0.02111550234258175,3.6468431062530726e-05,0.0045221042819321156,0.00732156028971076,0.0003805468149948865,0.0,0.0005429901066236198
929,60,0.018278824165463448,6.329689495032653e-05,0.00536500895395875,0.0023845487739890814,0.0005503722932189703,0.0,0.0004962247330695391
930,60,0.02562938816845417,0.00010706928878789768,0.005746432114392519,0.004356346093118191,0.0008333942387253046,0.0,0.0007085599354468286
931,60,0.012510828673839569,6.370869232341647e-05,0.002545597730204463,0.004765884019434452,0.00022639420058112592,0.0,0.0002871695323847234
932,60,0.028524097055196762,6.073024633224122e-05,0.008561460301280022,0.003553259652107954,0.0008362160879187286,0.0,0.0007986485725268722
933,60,0.028850361704826355,5.449245873023756e-05,0.00762355700135231,0.01191809494048357,0.000500254740472883,0.0,0.00042516697430983186
934,60,0.027144111692905426,6.960721657378599e-05,0.006136266048997641,0.0032766805961728096,0.0005205283523537219,0.0,0.0012456276454031467
935,60,0.027865875512361526,9.957045404007658e-05,0.00845275167375803,0.004556136205792427,0.0006829569465480745,0.0,0.0007927847327664495
936,60,0.03328540921211243,2.31657631957205e-05,0.007787687238305807,0.008290574885904789,0.000594345445279032,0.0,0.001124052912928164
937,60,0.02818971499800682,3.189600829500705e-05,0.006326883099973202,0.00461235037073493,0.0006517254514619708,0.0,0.001070133177563548
938,60,0.018714848905801773,7.495479803765193e-05,0.006163142155855894,0.0013397698057815433,0.0004270475765224546,0.0,0.0006866507465019822
939,60,0.021123630926012993,4.738261486636475e-05,0.006954054813832045,0.0035371994599699974,0.00029463000828400254,0.0,0.0007638694951310754
940,60,0.01785062439739704,1.581196738698054e-05,0.0030909960623830557,0.004709663335233927,0.00038717000279575586,0.0,0.0006162453792057931
941,60,0.010664397850632668,3.260577068431303e-05,0.0038070788141340017,0.0009780310792848468,0.0002620980376377702,0.0,0.00032257018028758466
942,60,0.021841000765562057,4.0938750316854566e-05,0.004107615910470486,0.003725650254637003,0.0005119732231833041,0.0,0.000884706387296319
943,60,0.02178235538303852,4.340967279858887e-05,0.0050253537483513355,0.00397020298987627,0.0005479916580952704,0.0,0.0007263472070917487
944,60,0.016322046518325806,1.3824274901708122e-05,0.0035598452668637037,0.001295034890063107,0.0004081725492142141,0.0,0.0007371616666205227
945,60,0.013118138536810875,1.2186426829430275e-05,0.0028638988733291626,0.002343236468732357,0.0003484953776933253,0.0,0.00044138639350421727
946,60,0.028345821425318718,4.686819374910556e-05,0.003919022623449564,0.0035182780120521784,0.0006012606318108737,0.0,0.001484904671087861
947,60,0.02000044286251068,6.636920443270355e-05,0.003950955346226692,0.0016708191251382232,0.00041058528586290777,0.0,0.0010206446750089526
948,60,0.011785401031374931,3.2646315958118066e-05,0.0029220518190413713,0.0013806724455207586,0.0002797969209495932,0.0,0.00046520610339939594
949,60,0.011766337789595127,3.3519245334900916e-05,0.002892629476264119,0.0017236925195902586,0.00027450238121673465,0.0,0.0004371472750790417
950,60,0.017473813146352768,7.689202175242826e-05,0.0035066467244178057,0.0012246186379343271,0.0003791347553487867,0.0,0.0008874307386577129
951,60,0.01473294384777546,5.9991085436195135e-05,0.0029609568882733583,0.0012448265915736556,0.00034906380460597575,0.0,0.0006976531003601849
952,60,0.01822042465209961,1.643719951971434e-05,0.0037846029736101627,0.002484377706423402,0.0004276327963452786,0.0,0.0007658678223378956
953,60,0.016945045441389084,1.6491267160745338e-05,0.003847005544230342,0.0016579932998865843,0.0003959706809837371,0.0,0.0007463847286999226
954,60,0.010385743342339993,3.164948429912329e-05,0.0024780116509646177,0.0009426184697076678,0.0002317658654646948,0.0,0.00046158049372024834
955,60,0.008299164474010468,3.1689454772276804e-05,0.002277191262692213,0.0009076646529138088,0.00016617959772702307,0.0,0.00034208231954835355
956,60,0.01968904584646225,1.9557812265702523e-05,0.004115061368793249,0.0019051028648391366,0.0004534293548204005,0.0,0.0009115031571127474
957,60,0.01755479723215103,1.5219018678180873e-05,0.003830122994259,0.0018637290922924876,0.0004277222615201026,0.0,0.0007568503497168422
958,60,0.009817086160182953,2.7544247132027522e-05,0.0023321660701185465,0.0006858106353320181,0.00017278618179261684,0.0,0.0005043702549301088
959,60,0.008259579539299011,3.62330065399874e-05,0.002731713466346264,0.0005884862621314824,0.00015194744628388435,0.0,0.00033836724469438195
960,60,0.017766401171684265,1.4854842447675765e-05,0.003323798533529043,0.001569543732330203,0.00039738891064189374,0.0,0.0008884313865564764
961,60,0.014077704399824142,2.1815492800669745e-05,0.0034157580230385065,0.001379366614855826,0.00029646861366927624,0.0,0.0006296078790910542
962,60,0.012634573504328728,4.6820663555990905e-05,0.002571814227849245,0.0007789405644871294,0.00028238489176146686,0.0,0.0006413148948922753
963,60,0.010485797189176083,3.4516826417529956e-05,0.002344113076105714,0.0007442876230925322,0.00018747815920505673,0.0,0.0005488098249770701
964,60,0.014883186668157578,1.204091950057773e-05,0.0033705513924360275,0.001422997796908021,0.0003658294153865427,0.0,0.0006419302662834525
965,60,0.012293949723243713,1.350750244455412e-05,0.003046482801437378,0.0010967819252982736,0.00029362860368564725,0.0,0.0005200892337597907
966,60,0.01287136785686016,4.457224713405594e-05,0.0027587462682276964,0.0008456031791865826,0.0002608300419524312,0.0,0.0006614146404899657
967,60,0.011925704777240753,4.892697324976325e-05,0.0026621390134096146,0.0008879637462086976,0.00026363905635662377,0.0,0.0005690284888260067
968,60,0.012460984289646149,1.5880734281381592e-05,0.002956992946565151,0.0012702303938567638,0.00025956836179830134,0.0,0.0005622196476906538
969,60,0.010534467175602913,1.2467185115383472e-05,0.0025943568907678127,0.0009941895259544253,0.00023909479205030948,0.0,0.00045425049029290676
970,60,0.013208827003836632,4.1071809391723946e-05,0.0030351208988577127,0.0008759021293371916,0.00023390522983390838,0.0,0.0006917679565958679
971,60,0.011226002126932144,3.9457649108953774e-05,0.0026944822166115046,0.0006472800159826875,0.0002035490470007062,0.0,0.0005809291615150869
972,60,0.011434264481067657,1.3176610991649795e-05,0.0025150219444185495,0.001078436034731567,0.00025942985666915774,0.0,0.0005233330884948373
973,60,0.009375426918268204,1.472119583922904e-05,0.0023434737231582403,0.0009027864434756339,0.00020626209152396768,0.0,0.0004051824507769197
974,60,0.014082854613661766,3.951351027353667e-05,0.002975883660838008,0.00089130928972736,0.0002848542935680598,0.0,0.0007327605271711946
975,60,0.011807551607489586,3.3783937396947294e-05,0.0028155301697552204,0.0006716615171171725,0.00022265195730142295,0.0,0.0006060056621208787
976,60,0.010997090488672256,1.136674836743623e-05,0.00245771836489439,0.001113711972720921,0.0002520201087463647,0.0,0.000489409314468503
977,60,0.008761934004724026,1.2180456906207837e-05,0.0021400980185717344,0.0008047955925576389,0.00020291177497711033,0.0,0.00037757420795969665
978,60,0.014467974193394184,4.385674765217118e-05,0.0028469907119870186,0.0008831178420223296,0.0003014276153407991,0.0,0.0007679732516407967
979,60,0.012264681980013847,4.619249375537038e-05,0.002593694254755974,0.0006846103351563215,0.00026306742802262306,0.0,0.0006309510790742934
980,60,0.01024731807410717,1.63948061526753e-05,0.0024372742045670748,0.0009263265528716147,0.00022185928537510335,0.0,0.00046487292274832726
981,60,0.008520475588738918,1.4666436982224695e-05,0.0021987424697726965,0.0007092956220731139,0.00019358142162673175,0.0,0.00036619568709284067
982,60,0.013962658122181892,4.175994035904296e-05,0.0028532850556075573,0.0008401057566516101,0.00027173105627298355,0.0,0.0007510196301154792
983,60,0.011759448796510696,3.9311104046646506e-05,0.002470368519425392,0.0005667491932399571,0.00023644162865821272,0.0,0.0006318603409454226
984,60,0.010276232846081257,1.3444382602756377e-05,0.002353415824472904,0.0009806281886994839,0.00023536496155429631,0.0,0.0004575095372274518
985,60,0.008700168691575527,1.3797733117826283e-05,0.0020849741995334625,0.0007594130001962185,0.00020159264386165887,0.0,0.0003826057363767177
986,60,0.013176100328564644,4.175574576947838e-05,0.002911718562245369,0.0007699151174165308,0.0002602961612865329,0.0,0.0006849749479442835
987,60,0.011064772494137287,3.8127589505165815e-05,0.002516505541279912,0.0005594894173555076,0.00021794866188429296,0.0,0.0005771162686869502
988,60,0.010391183197498322,1.3217036212154198e-05,0.002448173938319087,0.0009617027244530618,0.00023603231238666922,0.0,0.00046077658771537244
989,60,0.00880846381187439,1.3055001545581035e-05,0.0022218748927116394,0.0007876429008319974,0.00020152820798102766,0.0,0.0003770608745981008
990,60,0.012315342202782631,3.860635115415789e-05,0.0026631453074514866,0.0006388698238879442,0.00024612536071799695,0.0,0.0006513467524200678
991,60,0.010277185589075089,3.766379813896492e-05,0.002441978780552745,0.0005037406808696687,0.00020582202705554664,0.0,0.0005235581193119287
992,60,0.010723311454057693,1.3012447197979782e-05,0.0024052124936133623,0.0009414544329047203,0.0002399203076492995,0.0,0.0004964428953826427
993,60,0.008907396346330643,1.3212949852459133e-05,0.0022147924173623323,0.0007682278519496322,0.00020010471052955836,0.0,0.0003910115920007229
994,60,0.012051604688167572,3.985545481555164e-05,0.0026024235412478447,0.000612159667070955,0.00024169983225874603,0.0,0.0006380167906172574
995,60,0.010008582845330238,3.8129139284137636e-05,0.002394523471593857,0.00048295740270987153,0.0001951880258275196,0.0,0.0005141092697158456
996,60,0.010767997242510319,1.2761277503159363e-05,0.002389816101640463,0.0008911219774745405,0.00024835896329022944,0.0,0.0004990707966499031
997,60,0.009117230772972107,1.3189694072934799e-05,0.002258716616779566,0.0007689758786000311,0.00020779257465619594,0.0,0.00039984233444556594
998,60,0.011428811587393284,3.929247395717539e-05,0.002451689913868904,0.0005342024378478527,0.00023214046086650342,0.0,0.0006082222098484635
999,60,0.009613716043531895,3.737556471605785e-05,0.0022960433270782232,0.00043023761827498674,0.00019068457186222076,0.0,0.0004943214007653296
1000,60,0.010776317678391933,1.2283380783628672e-05,0.002349195769056678,0.0008867211290635169,0.0002490079205017537,0.0,0.0005038037779740989
1001,60,0.0019475750159472227,2.3772812710376456e-05,0.0011354336747899652,0.0002474198117852211,2.7395060897106305e-05,0.0,2.669981404324062e-05
1002,60,0.0015473656821995974,2.0557856259983964e-05,0.001018330454826355,0.00015894735406618565,2.0284689526306465e-05,0.0,1.4668309631815646e-05
1003,60,0.0014356451574712992,1.9058796169701964e-05,0.0009475169354118407,0.00015872716903686523,1.791566319297999e-05,0.0,1.3118567039782647e-05
1004,60,0.0013472030404955149,1.9476827219477855e-05,0.0008635006961412728,0.00014722645573783666,1.7769483747542836e-05,0.0,1.3930417480878532e-05
1005,60,0.0012756490614265203,2.005440546781756e-05,0.0008148007327690721,0.00013309526548255235,1.6887302990653552e-05,0.0,1.3882557141187135e-05
1006,60,0.001216801581904292,1.9987195628345944e-05,0.0007666550227440894,0.00012708416034001857,1.746829912008252e-05,0.0,1.2839220289606601e-05
1007,60,0.001178566599264741,1.889439045044128e-05,0.000747188285458833,0.00012583368516061455,1.6969619537121616e-05,0.0,1.1695405191858299e-05
1008,60,0.001146730501204729,1.9330716895638034e-05,0.0007193289347924292,0.00011864286352647468,1.652258106332738e-05,0.0,1.2420222446962725e-05
1009,60,0.0011198718566447496,1.967500793398358e-05,0.0006941086030565202,0.0001157559163402766,1.6563870303798467e-05,0.0,1.2469365174183622e-05
1010,60,0.0010929098352789879,1.8965083654620685e-05,0.0006807460449635983,0.00011603286839090288,1.593481283634901e-05,0.0,1.1781759894802235e-05
1011,60,0.0010714736999943852,1.8629922124091536e-05,0.0006685625994578004,0.00010821699834195897,1.5551195247098804e-05,0.0,1.2055223123752512e-05
1012,60,0.0010509456042200327,1.8498625649954192e-05,0.0006621003849431872,0.00011017039651051164,1.4867981917632278e-05,0.0,1.1149632882734295e-05
1013,60,0.0010335397673770785,1.853886351455003e-05,0.0006482809549197555,0.00010434780415380374,1.5183503819571342e-05,0.0,1.105371120502241e-05
1014,60,0.0010162105318158865,1.8159180399379693e-05,0.0006415799143724144,9.738339576870203e-05,1.4925240975571796e-05,0.0,1.0983562788169365e-05
1015,60,0.000999543466605246,1.7981010387302376e-05,0.000635146105196327,9.51475158217363e-05,1.4514150279865135e-05,0.0,1.061273451341549e-05
1016,60,0.0009879551362246275,1.812338268791791e-05,0.0006265640258789062,9.090059029404074e-05,1.4445044143940322e-05,0.0,1.0791669410536997e-05
1017,60,0.0009746014256961644,1.830680230341386e-05,0.0006165989325381815,8.938134124036878e-05,1.4887620636727661e-05,0.0,1.0143816325580701e-05
1018,60,0.0009632491855882108,1.810602225305047e-05,0.000604059430770576,9.297524957219139e-05,1.4981151252868585e-05,0.0,9.82969686447177e-06
1019,60,0.0009495256817899644,1.7865146219264716e-05,0.0005996690015308559,9.089818922802806e-05,1.4330311387311667e-05,0.0,9.779021638678387e-06
1020,60,0.0009358552051708102,1.8076127162203193e-05,0.0005952257779426873,8.720233017811552e-05,1.4299566828412935e-05,0.0,9.235531251761131e-06
1021,60,0.0009231233852915466,1.7579322957317345e-05,0.0005881157121621072,8.50030846777372e-05,1.3682507415069267e-05,0.0,9.560020771459676e-06
1022,60,0.0009122169576585293,1.7488215235061944e-05,0.0005782724474556744,8.508441533194855e-05,1.3796965504297987e-05,0.0,9.340225005871616e-06
1023,60,0.0009017589036375284,1.779634112608619e-05,0.0005715774605050683,8.494297071592882e-05,1.4054829080123454e-05,0.0,8.689382411830593e-06
1024,60,0.0008900052052922547,1.7580139683559537e-05,0.0005610650987364352,8.782039367360994e-05,1.3758774002781138e-05,0.0,8.595182407589164e-06
1025,60,0.000878211809322238,1.7438369468436576e-05,0.0005545339081436396,8.61476655700244e-05,1.3675453374162316e-05,0.0,8.3337299656705e-06
1026,60,0.0008681102190166712,1.774366683093831e-05,0.0005440687527880073,8.414447074756026e-05,1.3669187865161803e-05,0.0,8.546144272258971e-06
1027,60,0.0008544658194296062,1.752530261001084e-05,0.0005328478873707354,8.903648995328695e-05,1.3459781257552095e-05,0.0,8.045833055803087e-06
1028,60,0.0008429318550042808,1.744205474096816e-05,0.000524712260812521,9.048261563293636e-05,1.3507258699974045e-05,0.0,7.5222264968033414e-06
1029,60,0.0008310853154398501,1.7530866898596287e-05,0.000514209212269634,9.163314825855196e-05,1.2941924978804309e-05,0.0,7.829285095795058e-06
1030,60,0.0008166751940734684,1.7103102436522022e-05,0.000505512289237231,9.334100468549877e-05,1.2248043276485987e-05,0.0,7.82383813202614e-06
1031,60,0.0008056634105741978,1.6991010852507316e-05,0.0004953059833496809,9.4537615950685e-05,1.1997530236840248e-05,0.0,7.885353625169955e-06
1032,60,0.000789192970842123,1.710060860204976e-05,0.0004853939753957093,9.262897947337478e-05,1.1419171642046422e-05,0.0,7.987767276063096e-06
1033,60,0.0007783077890053391,1.6832666005939245e-05,0.0004775628331117332,9.59587559918873e-05,1.1268252819718327e-05,0.0,7.527098659920739e-06
1034,60,0.0007655374938622117,1.683978371147532e-05,0.0004756272246595472,9.051692177308723e-05,1.0903851034527179e-05,0.0,7.3515034273441415e-06
1035,60,0.0007556786295026541,1.7007481801556423e-05,0.00046693559852428734,8.893370250007138e-05,1.0965104593196884e-05,0.0,7.315081802516943e-06
1036,60,0.0007454956648871303,1.6903557479963638e-05,0.000464031269075349,8.788891864242032e-05,1.039204653352499e-05,0.0,7.275141342688585e-06
1037,60,0.0007312468951568007,1.68157657753909e-05,0.00045487721217796206,9.012101509142667e-05,1.0009352990891784e-05,0.0,6.9339330366346985e-06
1038,60,0.0007208723691292107,1.6586944184382446e-05,0.00044549923040904105,9.159482578979805e-05,9.812525604502298e-06,0.0,6.906611361046089e-06
1039,60,0.0007106723496690392,1.6721218344173394e-05,0.0004368813242763281,8.861402602633461e-05,9.738085282151587e-06,0.0,7.107494639058132e-06
1040,60,0.0007015388691797853,1.6808502550702542e-05,0.0004284465394448489,8.766099927015603e-05,9.883735401672311e-06,0.0,6.978542842261959e-06
1041,60,0.0006934038829058409,1.6375046470784582e-05,0.0004210804181639105,8.613719546701759e-05,9.713922736409586e-06,0.0,7.267201908689458e-06
1042,60,0.0006863203598186374,1.662788781686686e-05,0.00041511666495352983,8.678006997797638e-05,9.65152503340505e-06,0.0,7.128053766791709e-06
1043,60,0.0006743986741639674,1.6679718100931495e-05,0.0004003309877589345,8.971198985818774e-05,9.68293534242548e-06,0.0,7.084658136591315e-06
1044,60,0.0006651866133324802,1.625543700356502e-05,0.0003907974751200527,8.77195197972469e-05,9.795990990824066e-06,0.0,7.245429515023716e-06
1045,60,0.0006545811775140464,1.685974893916864e-05,0.0003824682207778096,8.861751848598942e-05,9.712812243378721e-06,0.0,6.950757779122796e-06
1046,60,0.0006447631167247891,1.6673442587489262e-05,0.00037698334199376404,8.905809227144346e-05,9.789435353013687e-06,0.0,6.415385541913565e-06
1047,60,0.0006389609770849347,1.683292430243455e-05,0.0003719998348969966,9.025733743328601e-05,9.506556125415955e-06,0.0,6.4805308284121566e-06
1048,60,0.000631379138212651,1.6646326912450604e-05,0.0003651174483820796,9.228234557667747e-05,9.366413905809168e-06,0.0,6.366889465425629e-06
1049,60,0.0006217006011866033,1.7015725461533293e-05,0.00035604872391559184,9.344512363895774e-05,9.130154467129614e-06,0.0,6.3889492594171315e-06
1050,60,0.0006141031044535339,1.6977935956674628e-05,0.00034680371754802763,9.55278956098482e-05,9.107527148444206e-06,0.0,6.371831659635063e-06
1051,70,0.04097849503159523,6.701972597511485e-05,0.0011162902228534222,0.003336160210892558,0.003446391085162759,0.0,0.00019951122521888465
1052,70,0.04269106313586235,3.0395833164220676e-05,0.002609974704682827,0.005600803531706333,0.001336102606728673,0.0,0.0021088863722980022
1053,70,0.03339888155460358,1.9799361325567588e-05,0.001998641062527895,0.0040038349106907845,0.0011371906148269773,0.0,0.0016004699282348156
1054,70,0.03728439658880234,2.267565650981851e-05,0.0018953429535031319,0.010445680469274521,0.0013874650467187166,0.0,0.0011046048020944
1055,70,0.03951673209667206,1.887706821435131e-05,0.0026265967171639204,0.012177261523902416,0.0013415656285360456,0.0,0.001127833966165781
1056,70,0.03216929733753204,4.994420305592939e-05,0.004581069573760033,0.007828737609088421,0.001066534430719912,0.0,0.0009044200996868312
1057,70,0.030674170702695847,4.115744013688527e-05,0.0030121351592242718,0.003860650584101677,0.0012232705485075712,0.0,0.0011527520837262273
1058,70,0.02897793799638748,1.010357664199546e-05,0.004538268782198429,0.00885843113064766,0.0005603345925919712,0.0,0.0009967789519578218
1059,70,0.022375408560037613,6.31907896604389e-05,0.00727400928735733,0.002626721514388919,0.0006164588849060237,0.0,0.0006246899138204753
1060,70,0.021722590550780296,2.258657150377985e-05,0.0014925437280908227,0.0060578626580536366,0.0005606913473457098,0.0,0.0008542684954591095
1061,70,0.022632358595728874,9.516627324046567e-05,0.0077205984853208065,0.0046635218895971775,0.0005375381442718208,0.0,0.00047776909195818007
1062,70,0.018382828682661057,5.8275949413655326e-05,0.004859797190874815,0.004297556821256876,0.00029730351525358856,0.0,0.0006194162997417152
1063,70,0.01717633381485939,4.669299232773483e-05,0.0028102954383939505,0.005466770846396685,0.00043425458716228604,0.0,0.0004510029102675617
1064,70,0.016565311700105667,6.428966298699379e-05,0.004032454919070005,0.0026348051615059376,0.00026889954460784793,0.0,0.0007144766277633607
1065,70,0.014703599736094475,2.586264417914208e-05,0.002825593575835228,0.002372303744778037,0.00026551002520136535,0.0,0.0006824739393778145
1066,70,0.015739774331450462,5.627004793495871e-05,0.002665975596755743,0.0014788517728447914,0.0004501182702369988,0.0,0.0007037494797259569
1067,70,0.015215358696877956,0.00010516706970520318,0.004855314735323191,0.0016205989522859454,0.0003302689001429826,0.0,0.0005331588909029961
1068,70,0.01549798995256424,3.415040555410087e-05,0.003668578341603279,0.001189623144455254,0.0004424824728630483,0.0,0.0006180813652463257
1069,70,0.011041373014450073,1.5459951100638136e-05,0.004289461299777031,0.0013241834240034223,0.00017256324645131826,0.0,0.0003686635463964194
1070,70,0.019737238064408302,8.72768578119576e-05,0.005792355164885521,0.0016209729947149754,0.0005496786907315254,0.0,0.000673984526656568
1071,70,0.014889922924339771,6.343214772641659e-05,0.0049275304190814495,0.0016202161787077785,0.0002802228555083275,0.0,0.000547651550732553
1072,70,0.014240391552448273,5.1079467084491625e-05,0.004046301823109388,0.0012749132001772523,0.00043367891339585185,0.0,0.00045313083683140576
1073,70,0.01330619677901268,3.14064345730003e-05,0.002473226748406887,0.001665576477535069,0.00030614639399573207,0.0,0.0006074522389099002
1074,70,0.010888516902923584,3.049492988793645e-05,0.0015409319894388318,0.001855107955634594,0.0004190662002656609,0.0,0.0003271320019848645
1075,70,0.009964380413293839,2.5335781174362637e-05,0.001115394989028573,0.001998716965317726,0.00021623505745083094,0.0,0.00046625820687040687
1076,70,0.009501416236162186,2.479329123161733e-05,0.00136290374211967,0.0016702520661056042,0.0003081060713157058,0.0,0.0003362405695952475
1077,70,0.008273925632238388,1.261216493730899e-05,0.001973940758034587,0.0015844074077904224,0.0002142137091141194,0.0,0.00025608279975131154
1078,70,0.00926222000271082,1.1013840776286088e-05,0.0009769584285095334,0.0016901835333555937,0.0002773516171146184,0.0,0.00038105485145933926
1079,70,0.005934116430580616,1.9096285541309044e-05,0.002108056331053376,0.0006490072119049728,0.00014927804295439273,0.0,0.00016651758051011711
1080,70,0.009576387703418732,1.4482525330095086e-05,0.004079083912074566,0.001426240662112832,0.0001402700290782377,0.0,0.00026538799284026027
1081,70,0.009156575426459312,3.983052010880783e-05,0.001525531173683703,0.0018206433160230517,0.00020089736790396273,0.0,0.00037615973269566894
1082,70,0.005145837552845478,2.7503403543960303e-05,0.001669813646003604,0.0008298879838548601,0.0001025466772262007,0.0,0.00015931660891510546
1083,70,0.0073981573805212975,9.250235052604694e-06,0.0017988664330914617,0.00038514210609719157,0.0001285547623410821,0.0,0.0003919350856449455
1084,70,0.0038014929741621017,5.710525329050142e-06,0.0016317364061251283,0.0006693282630294561,7.310941873583943e-05,0.0,7.636236114194617e-05
1085,70,0.020858535543084145,0.00015756524226162583,0.011944490484893322,0.0030313609167933464,0.0002574323152657598,0.0,0.00031507964013144374
1086,70,0.013507341966032982,0.0001158436862169765,0.0068355281837284565,0.0011922313133254647,0.00022927302052266896,0.0,0.00030710091232322156
1087,70,0.020117323845624924,4.1421899368287995e-05,0.009445397183299065,0.004654149059206247,0.0002562000590842217,0.0,0.00034143542870879173
1088,70,0.025684364140033722,8.055916987359524e-05,0.012550612911581993,0.004019250627607107,0.0003081407630816102,0.0,0.0005952534265816212
1089,70,0.010345304384827614,2.1901243599131703e-05,0.001308811828494072,0.0018174335127696395,0.00018187753448728472,0.0,0.0005378382047638297
1090,70,0.020218228921294212,7.452716818079352e-05,0.008899613283574581,0.00284922425635159,0.0003103206108789891,0.0,0.0005291657871566713
1091,70,0.010682377964258194,3.113744969596155e-05,0.001514777890406549,0.0020591604989022017,0.0001902969233924523,0.0,0.0005174332181923091
1092,70,0.013561729341745377,2.5394721888005733e-05,0.003910633269697428,0.0010525601683184505,0.0003534612769726664,0.0,0.0005038527306169271
1093,70,0.008563712239265442,2.480976763763465e-05,0.0021085822954773903,0.001347266254015267,0.00011929514585062861,0.0,0.0003890102088917047
1094,70,0.011642375029623508,1.5277413695002906e-05,0.0027567269280552864,0.0006375395460054278,0.0003331760526634753,0.0,0.0004901070496998727
1095,70,0.007436514366418123,3.517031655064784e-05,0.0032061589881777763,0.000905916909687221,0.00012713910837192088,0.0,0.00020178774138912559
1096,70,0.01592087559401989,2.7120877348352224e-05,0.005439670290797949,0.0017423188546672463,0.00029737240402027965,0.0,0.000573804194573313
1097,70,0.012047159485518932,2.1485433535417542e-05,0.005416231695562601,0.0006416197866201401,0.00021907684276811779,0.0,0.00037770543713122606
1098,70,0.015776580199599266,8.9437366113998e-05,0.005618838593363762,0.001937893102876842,0.00027172788395546377,0.0,0.0005413131439127028
1099,70,0.018986118957400322,0.0001060266513377428,0.008590258657932281,0.001223613042384386,0.00035584851866587996,0.0,0.0005507735186256468
1100,70,0.008509960025548935,1.7163720258395188e-05,0.0021044653840363026,0.0009841466089710593,0.00013968697749078274,0.0,0.0004007314855698496
1101,70,0.01621900498867035,3.3074651582865044e-05,0.007008361164480448,0.0020555565133690834,0.00021684890089090914,0.0,0.0004953524330630898
1102,70,0.007993199862539768,1.0966644367726985e-05,0.001081938506104052,0.0011201207526028156,0.00018451530195306987,0.0,0.00039350209408439696
1103,70,0.022771058604121208,0.00011141649883938953,0.0076085529290139675,0.004906044341623783,0.000310511386487633,0.0,0.0007039930787868798
1104,70,0.023291416466236115,8.383280510315672e-05,0.008434087969362736,0.0023569567129015923,0.00041297898860648274,0.0,0.0008286748779937625
1105,70,0.010258899070322514,1.8833985450328328e-05,0.0013539096107706428,0.00409033615142107,0.00014589466445613652,0.0,0.0003336872614454478
1106,70,0.016146890819072723,3.9288275729632005e-05,0.007395823020488024,0.0013919379562139511,0.0002744268567766994,0.0,0.0004575572384055704
1107,70,0.012215595692396164,2.280916851304937e-05,0.0011462063994258642,0.0038300964515656233,0.0002471499901730567,0.0,0.00047449840349145234
1108,70,0.009545382112264633,7.547422865172848e-05,0.004733867011964321,0.001381623325869441,0.00015036066179163754,0.0,0.00018508106586523354
1109,70,0.013339921832084656,1.8756178178591654e-05,0.0010397419100627303,0.0041560218669474125,0.00028950211708433926,0.0,0.0005230381502769887
1110,70,0.008272592909634113,1.3075217793812044e-05,0.0024038783740252256,0.0018305096309632063,0.00018118547450285405,0.0,0.00022132750018499792
1111,70,0.019546348601579666,4.183605051366612e-05,0.0021202510688453913,0.005376466084271669,0.00036127681960351765,0.0,0.0008395026088692248
1112,70,0.0205011498183012,4.65725279354956e-05,0.002795208478346467,0.0049919080920517445,0.0005567386979237199,0.0,0.0007100073853507638
1113,70,0.00917443260550499,4.4181273551657796e-05,0.0015414160443469882,0.0014334159204736352,0.00021501495211850852,0.0,0.0004005270020570606
1114,70,0.01234167255461216,3.2346739317290485e-05,0.0018628437537699938,0.002598492195829749,0.00036927920882590115,0.0,0.0004155197530053556
1115,70,0.010437685996294022,1.4830047803116031e-05,0.0016907871467992663,0.0006171019631437957,0.0002689335378818214,0.0,0.0005425630952231586
1116,70,0.007621791213750839,3.378967448952608e-05,0.0022626230493187904,0.000833725614938885,0.00021146133076399565,0.0,0.00023770399275235832
1117,70,0.010470649227499962,4.292610174161382e-05,0.0013068094849586487,0.0014709866372868419,0.00026221940061077476,0.0,0.0005027732695452869
1118,70,0.006114326883107424,6.341050175251439e-05,0.0028002369217574596,0.0005713789723813534,0.00014311428822111338,0.0,0.00012481576413847506
1119,70,0.013886943459510803,2.538835360610392e-05,0.0027929714415222406,0.0029031382873654366,0.0002362299564993009,0.0,0.0005803145468235016
1120,70,0.006856752559542656,4.266939504304901e-05,0.0031135703902691603,0.00042260679765604436,0.00015818652173038572,0.0,0.00016960409993771464
1121,70,0.02097008004784584,5.6259272241732106e-05,0.00337185338139534,0.0055432445369660854,0.00037762231659144163,0.0,0.0008222499745897949
1122,70,0.01723640412092209,9.046918421518058e-05,0.004980653058737516,0.0030547387432307005,0.00035336462315171957,0.0,0.000557689752895385
1123,70,0.008856513537466526,1.86216966540087e-05,0.0014930159086361527,0.0024345743004232645,0.0001503024686826393,0.0,0.0003407276817597449
1124,70,0.007660544477403164,1.4221373021428008e-05,0.0014796577161177993,0.0008548095356673002,0.0001903451920952648,0.0,0.00034084042999893427
1125,70,0.01009511761367321,1.3393650078796782e-05,0.0010766953928396106,0.003241956699639559,0.00017980924167204648,0.0,0.0003964979841839522
1126,70,0.005267993547022343,2.1583073248621076e-05,0.0010798126459121704,0.0006658146739937365,0.00011726186494342983,0.0,0.00023281644098460674
1127,70,0.015525748021900654,1.6919715562835336e-05,0.0011381965596228838,0.0036181716714054346,0.0003504319756757468,0.0,0.000724814017303288
1128,70,0.012076696380972862,2.562718691478949e-05,0.001601751777343452,0.0013947131810709834,0.0002878568775486201,0.0,0.000617603596765548
1129,70,0.010663262568414211,3.6653978895628825e-05,0.0016880579059943557,0.0029936477076262236,0.00025173911126330495,0.0,0.0003427511837799102
1130,70,0.0095941461622715,2.6195073587587103e-05,0.0013911367859691381,0.0012106485664844513,0.00022171436285134405,0.0,0.00047490224824287
1131,70,0.010509097017347813,3.469260627753101e-05,0.002435982460156083,0.002238475950434804,0.00023218935530167073,0.0,0.00034780523856170475
1132,70,0.007109619677066803,1.81307132152142e-05,0.0016673975624144077,0.0003775700752157718,0.00016816824791021645,0.0,0.00033648390672169626
1133,70,0.013473033905029297,5.672298721037805e-05,0.0032006497494876385,0.0033107141498476267,0.0003205723478458822,0.0,0.00036992240347899497
1134,70,0.009364087134599686,4.3508876842679456e-05,0.002466028556227684,0.000616456032730639,0.0002518997061997652,0.0,0.0003719097003340721
1135,70,0.013095608912408352,2.2283682483248413e-05,0.0022185195703059435,0.0032149571925401688,0.0003129297401756048,0.0,0.00045105506433174014
1136,70,0.01025508251041174,3.040180672542192e-05,0.002272501355037093,0.0005574827082455158,0.00028539838967844844,0.0,0.0004540712689049542
1137,70,0.01155256386846304,2.5210396415786818e-05,0.0015931096859276295,0.003686239942908287,0.00027348080766387284,0.0,0.00035131952608935535
1138,70,0.007437374908477068,1.9502180293784477e-05,0.0011160235153511167,0.000600065104663372,0.00022317245020531118,0.0,0.0003470059600658715
1139,70,0.012890694662928581,1.4334691513795406e-05,0.0012020907597616315,0.0036349643487483263,0.00033822740078903735,0.0,0.00046570313861593604
1140,70,0.008144797757267952,1.9311017240397632e-05,0.0007484943489544094,0.0005267388187348843,0.0002708693209569901,0.0,0.00041415600571781397
1141,70,0.012313689105212688,3.002021367137786e-05,0.0013356178533285856,0.0040023475885391235,0.0003096980508416891,0.0,0.0003848722844850272
1142,70,0.009783996269106865,1.6220392353716306e-05,0.0009773942874744534,0.001191682298667729,0.00031770672649145126,0.0,0.0004421631165314466
1143,70,0.009977897629141808,2.2403868570108898e-05,0.0015327018918469548,0.0026034165639430285,0.00023539425455965102,0.0,0.0003465432091616094
1144,70,0.008236018940806389,1.9087981854681857e-05,0.0009385907906107605,0.0006161378114484251,0.000293539633275941,0.0,0.0003726806025952101
1145,70,0.010940481908619404,4.873810394201428e-05,0.002085773041471839,0.002900579944252968,0.000271394761512056,0.0,0.0003191443393006921
1146,70,0.008581642992794514,2.9258117137942463e-05,0.0013897946337237954,0.000755367917008698,0.00029730572714470327,0.0,0.0003434164682403207
1147,70,0.010542234405875206,2.59490425378317e-05,0.0020517639350146055,0.002250677440315485,0.0002502948045730591,0.0,0.00037108955439180136
1148,70,0.00862937979400158,2.6992362109012902e-05,0.0017419349169358611,0.00032834408921189606,0.00031061534537002444,0.0,0.0003425955364946276
1149,70,0.009683020412921906,3.0405470170080662e-05,0.0016413774574175477,0.0026061132084578276,0.00022720260312780738,0.0,0.0003133098070975393
1150,70,0.0073399618268013,2.871892684197519e-05,0.0016382599715143442,0.0003059314622078091,0.00025474734138697386,0.0,0.0002819577930495143
1151,70,0.0006374085787683725,1.1021430509572383e-05,0.00031978802871890366,9.624861559132114e-05,1.2697673810180277e-05,0.0,8.337383405887522e-06
1152,70,0.0005542533472180367,9.087547368835658e-06,0.00029954363708384335,8.359026105608791e-05,8.948426511778962e-06,0.0,7.254766387632117e-06
1153,70,0.0005205700872465968,1.0118405043613166e-05,0.0002710114058572799,7.209617615444586e-05,9.158522516372614e-06,0.0,7.575884865218541e-06
1154,70,0.0004847858799621463,9.091972970054485e-06,0.0002539513516239822,7.492391159757972e-05,7.609260137542151e-06,0.0,7.072602329571964e-06
1155,70,0.0004543802933767438,8.724272447580006e-06,0.00023833077284507453,6.627850962104276e-05,6.645937901339494e-06,0.0,7.458736035914626e-06
1156,70,0.00043775467202067375,8.655834790260997e-06,0.00023197519476525486,5.917223825235851e-05,6.371066774590872e-06,0.0,7.424072919093305e-06
1157,70,0.00042432540794834495,8.347627954208292e-06,0.00022632215404883027,5.414332918007858e-05,6.140291588963009e-06,0.0,7.410936632368248e-06
1158,70,0.0004143766709603369,8.465043720207177e-06,0.00022271244961302727,5.1771403377642855e-05,6.147695785330143e-06,0.0,6.9950820034136996e-06
1159,70,0.0004051997675560415,8.310274097311776e-06,0.0002161213051294908,4.609223469742574e-05,6.236224180611316e-06,0.0,7.23137054592371e-06
1160,70,0.00040000409353524446,8.358849299838766e-06,0.0002133097586920485,4.509325299295597e-05,6.034363650542218e-06,0.0,7.2898574217106216e-06
1161,70,0.00039572760579176247,8.205824087781366e-06,0.00021296832710504532,4.510036524152383e-05,5.967294782749377e-06,0.0,6.978013061598176e-06
1162,70,0.0003893497632816434,8.106279892672319e-06,0.000208676588954404,4.325567351770587e-05,6.081390893086791e-06,0.0,6.849732017144561e-06
1163,70,0.0003842664591502398,8.187819730665069e-06,0.00020611427316907793,4.236373570165597e-05,6.009203389112372e-06,0.0,6.7508581196307205e-06
1164,70,0.000380117679014802,8.026457180676516e-06,0.00020295687136240304,4.007466486655176e-05,6.068909897294361e-06,0.0,6.83706093695946e-06
1165,70,0.0003769854665733874,7.98784640210215e-06,0.00019959837663918734,4.02049336116761e-05,6.2484950831276365e-06,0.0,6.670936272712424e-06
1166,70,0.000373391667380929,8.182075362128671e-06,0.0001984383852686733,4.0222450479632244e-05,6.079107151890639e-06,0.0,6.5757694756030105e-06
1167,70,0.00037012738175690174,8.09340417617932e-06,0.00019734732632059604,4.0429971704725176e-05,5.990140380163211e-06,0.0,6.435527666326379e-06
1168,70,0.00036594015546143055,8.066094778769184e-06,0.0001954451872734353,4.092946619493887e-05,5.830496775161009e-06,0.0,6.3194411268341355e-06
1169,70,0.00036290130810812116,8.122283361444715e-06,0.0001957834610948339,4.049932613270357e-05,5.651928404404316e-06,0.0,6.197696166054811e-06
1170,70,0.000360846403054893,8.06837579148123e-06,0.00019609923765528947,3.9064576412783936e-05,5.563426839216845e-06,0.0,6.197994480316993e-06
1171,70,0.00035893009044229984,8.015630555746611e-06,0.00019509039702825248,3.791832205024548e-05,5.5026566769811325e-06,0.0,6.287918949965388e-06
1172,70,0.0003569146792870015,7.951882253109943e-06,0.0001921963266795501,3.863098754663952e-05,5.732251338486094e-06,0.0,6.08129812462721e-06
1173,70,0.0003547801752574742,7.987999197212048e-06,0.00019135227194055915,3.9977010601432994e-05,5.596007213171106e-06,0.0,5.950284048594767e-06
1174,70,0.00035256275441497564,8.017742402444128e-06,0.00018952386744786054,3.916651621693745e-05,5.644325938192196e-06,0.0,5.941135441389633e-06
1175,70,0.0003511277318466455,7.980167538335081e-06,0.0001897877227747813,3.929267404600978e-05,5.53688732907176e-06,0.0,5.869829237781232e-06
1176,70,0.0003493797848932445,7.896350325609092e-06,0.00018876024114433676,4.002802961622365e-05,5.464390596898738e-06,0.0,5.80512460146565e-06
1177,70,0.00034700645483098924,7.93987692304654e-06,0.000187527752132155,4.02913756261114e-05,5.367731773731066e-06,0.0,5.757013241236564e-06
1178,70,0.00034477986628189683,7.955617547850125e-06,0.00018631895363796502,3.991066841990687e-05,5.41245117346989e-06,0.0,5.647009857057128e-06
1179,70,0.0003425836912356317,8.056742444750853e-06,0.00018498241843190044,4.054325836477801e-05,5.359641363611445e-06,0.0,5.540485290111974e-06
1180,70,0.00033988134237006307,7.958125934237614e-06,0.00018344170530326664,3.9688089600531384e-05,5.31962587047019e-06,0.0,5.55971519133891e-06
1181,70,0.00033735300530679524,7.882983481977135e-06,0.000182445248356089,4.0515958971809596e-05,5.1893684940296225e-06,0.0,5.461510681925574e-06
1182,70,0.00033529134816490114,7.992743121576495e-06,0.00018077230197377503,4.053537122672424e-05,5.257087650534231e-06,0.0,5.342005806596717e-06
1183,70,0.0003330088802613318,7.921346877992619e-06,0.0001791689865058288,4.155134956818074e-05,5.1837769206031226e-06,0.0,5.252940354694147e-06
1184,70,0.00032989439205266535,7.846139851608314e-06,0.00017653802933637053,4.041923602926545e-05,5.1865126806660555e-06,0.0,5.322584456735058e-06
1185,70,0.0003272363683208823,7.87311091698939e-06,0.00017542972636874765,3.969260797020979e-05,5.117127329867799e-06,0.0,5.306965704221511e-06
1186,70,0.00032494173501618207,7.918555638752878e-06,0.00017318001482635736,3.962832852266729e-05,5.3245039453031495e-06,0.0,5.096981112728827e-06
1187,70,0.00032226534676738083,7.969567377585918e-06,0.00017260453023482114,3.773834396270104e-05,5.255781161395134e-06,0.0,5.13950953973108e-06
1188,70,0.00032026582630351186,7.834593816369306e-06,0.00017144872981589288,3.826397005468607e-05,5.175006663193926e-06,0.0,5.0968455980182625e-06
1189,70,0.0003182175860274583,7.850574547774158e-06,0.00017003364337142557,3.928879596060142e-05,5.14430621478823e-06,0.0,4.960150363331195e-06
1190,70,0.00031649897573515773,7.783475666656159e-06,0.00016991789743769914,3.8397047319449484e-05,5.052011147199664e-06,0.0,4.9880450205819216e-06
1191,70,0.00031483781640417874,7.668390935577918e-06,0.00016889115795493126,3.8536283682333305e-05,4.947882644046331e-06,0.0,5.026317012379877e-06
1192,70,0.00031285814475268126,7.594983799208421e-06,0.00016930226411204785,3.979927350883372e-05,4.9008172027242836e-06,0.0,4.715344857686432e-06
1193,70,0.0003112279227934778,7.619892585353227e-06,0.00016898219473659992,3.938448935514316e-05,4.812945917365141e-06,0.0,4.71118846689933e-06
1194,70,0.0003093196137342602,7.522476607846329e-06,0.00016821184544824064,3.909353108610958e-05,4.6711447794223204e-06,0.0,4.778032234753482e-06
1195,70,0.0003059242735616863,7.660525625396986e-06,0.00016542630328331143,4.034777157357894e-05,4.69279802928213e-06,0.0,4.556170097202994e-06
1196,70,0.0003027954662684351,7.710064892307855e-06,0.00016412466356996447,3.901250966009684e-05,4.745899332192494e-06,0.0,4.448922936717281e-06
1197,70,0.00030099318246357143,7.715421816101298e-06,0.0001633753563510254,3.899426155840047e-05,4.68775533590815e-06,0.0,4.403057118906872e-06
1198,70,0.0002989184868056327,7.674285370740108e-06,0.0001625637523829937,3.846540494123474e-05,4.656598775909515e-06,0.0,4.364904270914849e-06
1199,70,0.0002973421651404351,7.832412848074455e-06,0.00016154523473232985,3.8329020753735676e-05,4.676256594393635e-06,0.0,4.287293450033758e-06
1200,70,0.00029560222174040973,7.756978448014706e-06,0.000159856237587519,3.7871453969273716e-05,4.679781341110356e-06,0.0,4.331974650995107e-06
1201,80,0.011620640754699707,2.881817454181146e-05,0.00040682454709894955,0.0006767717422917485,0.0007449585827998817,0.0,0.00030586408684030175
1202,80,0.03138430789113045,4.966240157955326e-05,0.004079269710928202,0.0090206703171134,0.0006591954152099788,0.0,0.001164275105111301
1203,80,0.01746680773794651,2.7057698389398865e-05,0.001298450748436153,0.0037377281114459038,0.00047100201481953263,0.0,0.0007693551597185433
1204,80,0.030353106558322906,1.6029609469114803e-05,0.0028422949835658073,0.009651104919612408,0.0005862924153916538,0.0,0.001198075246065855
1205,80,0.02465229481458664,3.722185647347942e-05,0.0019755286630243063,0.00853782705962658,0.0004797391884494573,0.0,0.0009304325794801116
1206,80,0.016335204243659973,3.0337538191815838e-05,0.002658942248672247,0.004175826907157898,0.0003827800101134926,0.0,0.0005642296746373177
1207,80,0.016864700242877007,1.419702221028274e-05,0.0022160003427416086,0.0026234823744744062,0.00046345379087142646,0.0,0.0007376482826657593
1208,80,0.009744834154844284,3.6194171116221696e-05,0.001772120944224298,0.0014166153268888593,0.0002533255028538406,0.0,0.00039866482256911695
1209,80,0.006955430842936039,7.369426839431981e-06,0.00041604123543947935,0.0011376735055819154,0.00020404222595971078,0.0,0.00033539245487190783
1210,80,0.01922917366027832,8.122803410515189e-05,0.006848517339676619,0.0019704545848071575,0.0004870340635534376,0.0,0.0005458632949739695
1211,80,0.00995531678199768,3.3905649615917355e-05,0.0010570904705673456,0.0019515113672241569,0.0003953889536205679,0.0,0.0002958920376840979
1212,80,0.0365462452173233,5.8388883189763874e-05,0.011975856497883797,0.0041466667316854,0.0007183473207987845,0.0,0.0013181859394535422
1213,80,0.03778855875134468,5.164848698768765e-05,0.009221316315233707,0.006588910706341267,0.0008320843917317688,0.0,0.0013605839340016246
1214,80,0.016726266592741013,2.6159872504649684e-05,0.0027481636498123407,0.001603354001417756,0.0003274406772106886,0.0,0.0009074182016775012
1215,80,0.02210278809070587,9.691864397609606e-05,0.004696152172982693,0.0035044020041823387,0.0007054366869851947,0.0,0.0006750947213731706
1216,80,0.018368609249591827,7.13658519089222e-05,0.0042983153834939,0.002961359452456236,0.000399609562009573,0.0,0.0007041473290883005
1217,80,0.010743464343249798,5.1825230912072584e-05,0.0013161287643015385,0.001851394190452993,0.00033496570540592074,0.0,0.0004174458736088127
1218,80,0.01679135113954544,5.7252338592661545e-05,0.004012815188616514,0.002350062830373645,0.0003285302664153278,0.0,0.0007085917750373483
1219,80,0.007297068368643522,1.8976401406689547e-05,0.0008155618561431766,0.0007050218991935253,0.00029728736262768507,0.0,0.00027846344164572656
1220,80,0.01919887773692608,3.963524795835838e-05,0.0029083702247589827,0.004793210886418819,0.0004692442307714373,0.0,0.000676521856803447
1221,80,0.011034931987524033,1.136682021751767e-05,0.0011201255256310105,0.002170897787436843,0.00032827231916598976,0.0,0.00044498188071884215
1222,80,0.0213160440325737,1.7142809156212024e-05,0.0034007003996521235,0.0049407947808504105,0.0004942418891005218,0.0,0.0008014985942281783
1223,80,0.01740109547972679,1.2935602171637584e-05,0.001385218114592135,0.0028260620310902596,0.000612305651884526,0.0,0.0007053822046145797
1224,80,0.012196062132716179,1.870460619102232e-05,0.0017865932313725352,0.0034374564420431852,0.00026042095851153135,0.0,0.0004349098599050194
1225,80,0.015952497720718384,2.880031752283685e-05,0.002969023073092103,0.0019331134390085936,0.00040412781527265906,0.0,0.0006980283069424331
1226,80,0.006369708571583033,8.570370482630096e-06,0.0008921296685002744,0.0016555027104914188,0.00018212487339042127,0.0,0.00019922568753827363
1227,80,0.026027869433164597,5.865882849320769e-05,0.008712468668818474,0.001662709633819759,0.0005875149508938193,0.0,0.0009718884830363095
1228,80,0.01821848377585411,3.651324368547648e-05,0.005264705512672663,0.0036370642483234406,0.0003646881668828428,0.0,0.0005633318796753883
1229,80,0.021491048857569695,6.59725337754935e-05,0.006431688088923693,0.0006092099938541651,0.00044470434659160674,0.0,0.000993713503703475
1230,80,0.027785828337073326,8.940054976847023e-05,0.009382870979607105,0.0013821875909343362,0.000498781620990485,0.0,0.0011943553108721972
1231,80,0.006281890440732241,6.956770448596217e-06,0.0006655105389654636,0.0016810301458463073,0.00011143890878884122,0.0,0.0002814004255924374
1232,80,0.011831820011138916,1.9644925487227738e-05,0.003455387894064188,0.0019884328357875347,0.00023286041687242687,0.0,0.00040397499105893075
1233,80,0.01134504098445177,3.509826638037339e-05,0.0021077829878777266,0.0015897750854492188,0.0002681660989765078,0.0,0.0004930723225697875
1234,80,0.0059220693074166775,2.4237158868345432e-05,0.0011373512679710984,0.0008244282216764987,0.00015480921138077974,0.0,0.00023879605578258634
1235,80,0.025162532925605774,4.10235661547631e-05,0.007088047452270985,0.001228030538186431,0.0005412422469817102,0.0,0.0011393007589504123
1236,80,0.02163052372634411,3.714066406246275e-05,0.005074622109532356,0.0007261059945449233,0.0005118308472447097,0.0,0.0010674346704035997
1237,80,0.008583033457398415,2.8190579541842453e-05,0.003572329878807068,0.0008659216109663248,0.0001203404099214822,0.0,0.00029131871997378767
1238,80,0.007004383020102978,1.6610696548013948e-05,0.002000098116695881,0.0006141616613604128,0.00013529599527828395,0.0,0.00030205529765225947
1239,80,0.016780726611614227,5.166100891074166e-05,0.006727884523570538,0.0012763068079948425,0.000349620619090274,0.0,0.0005228668451309204
1240,80,0.010879246518015862,4.093963434570469e-05,0.004662663210183382,0.00038776331348344684,0.00025928576360456645,0.0,0.00031950228731147945
1241,80,0.0177654679864645,4.899617124465294e-05,0.005382560659199953,0.0013570868177339435,0.00033777698990888894,0.0,0.0007599054952152073
1242,80,0.0178519356995821,7.728099444648251e-05,0.00699468981474638,0.0004462471988517791,0.000356470380211249,0.0,0.0006769013707526028
1243,80,0.008159584365785122,2.4060183932306245e-05,0.0013221680419519544,0.0011888141743838787,0.00020041213429067284,0.0,0.00036204204661771655
1244,80,0.0059458971954882145,1.815340328903403e-05,0.0016954074380919337,0.0003412521618884057,0.0001429336261935532,0.0,0.0002461747790221125
1245,80,0.017237521708011627,3.2487358112121e-05,0.00381272379308939,0.001204325701110065,0.0003166852693539113,0.0,0.0009021132718771696
1246,80,0.010810619220137596,2.5180903321597725e-05,0.002125574741512537,0.0005943715805187821,0.0002308230905327946,0.0,0.0005757260951213539
1247,80,0.014738410711288452,4.4687763875117525e-05,0.004328813869506121,0.0016981916269287467,0.00030070572393015027,0.0,0.0005659660091623664
1248,80,0.012489291839301586,2.788967867672909e-05,0.0028438728768378496,0.0010570825543254614,0.00028693766216747463,0.0,0.0005691070109605789
1249,80,0.010414945892989635,3.91900357499253e-05,0.003822055645287037,0.0009863210143521428,0.00018077627464663237,0.0,0.00037596162292174995
1250,80,0.006431557238101959,2.9884580726502463e-05,0.0017993897199630737,0.00044429986155591905,0.00013002198829781264,0.0,0.00028577627381309867
1251,80,0.01960879936814308,5.302718636812642e-05,0.006896361708641052,0.0016445467481389642,0.0003924804332200438,0.0,0.0007090060389600694
1252,80,0.017407245934009552,5.0487629778217524e-05,0.006249351892620325,0.0017034598859027028,0.00034699070965871215,0.0,0.0005934039945714176
1253,80,0.006882501766085625,3.2932959584286436e-05,0.0017870385199785233,0.000280005915556103,0.00014097598614171147,0.0,0.00033727646223269403
1254,80,0.006570879369974136,2.824108742061071e-05,0.0019766325131058693,0.0007095765904523432,0.00010118428326677531,0.0,0.0002844586269930005
1255,80,0.01631144806742668,3.731928882189095e-05,0.00444870674982667,0.0009219711646437645,0.00038527522701770067,0.0,0.000705069862306118
1256,80,0.013896593824028969,3.48582434526179e-05,0.003762350417673588,0.0015520829474553466,0.0003043839242309332,0.0,0.000550346274394542
1257,80,0.008872592821717262,3.080930400756188e-05,0.002630111761391163,0.0002499980910215527,0.0001845574879553169,0.0,0.00041160982800647616
1258,80,0.008273215033113956,2.108000080625061e-05,0.00225171004422009,0.0007942281663417816,0.000136240225401707,0.0,0.0003843794693239033
1259,80,0.012120028957724571,3.8872389268362895e-05,0.0036893729120492935,0.00045849799062125385,0.0003089024103246629,0.0,0.0004844261857215315
1260,80,0.009532744064927101,2.9007562261540443e-05,0.0024824985302984715,0.0007654799264855683,0.00022917655587662011,0.0,0.0003963991766795516
1261,80,0.011754474602639675,3.5521326935850084e-05,0.004101053345948458,0.00022579811047762632,0.00021678012853953987,0.0,0.0005224300548434258
1262,80,0.010116547346115112,2.9459466531989165e-05,0.0031462623737752438,0.00044687004992738366,0.00017820329230744392,0.0,0.0004711922083515674
1263,80,0.0097418874502182,2.7809504899778403e-05,0.00326592568308115,0.00027864918229170144,0.0002310328563908115,0.0,0.00038591749034821987
1264,80,0.007538462523370981,2.058235440927092e-05,0.0024006073363125324,0.0003585845115594566,0.0001791609829524532,0.0,0.00029670781805180013
1265,80,0.012945850379765034,5.211349343881011e-05,0.004452569875866175,0.0003044496406801045,0.0002593411772977561,0.0,0.0005543305305764079
1266,80,0.011300720274448395,4.686336251324974e-05,0.003889384912326932,0.0003058317815884948,0.00022668670862913132,0.0,0.00047917728079482913
1267,80,0.00808301568031311,2.0105922885704786e-05,0.002585752634331584,0.00034402572782710195,0.00019101814541500062,0.0,0.00032229500357061625
1268,80,0.006330335512757301,1.7615282558836043e-05,0.002218568231910467,0.00023870827862992883,0.00014933924830984324,0.0,0.00023620510182809085
1269,80,0.013881102204322815,4.444902151590213e-05,0.004246894735842943,0.0004215233202558011,0.0002670399844646454,0.0,0.0006497835856862366
1270,80,0.011680086143314838,4.357164289103821e-05,0.0037962282076478004,0.00026743861963041127,0.00023194852110464126,0.0,0.0005253362469375134
1271,80,0.0075856465846300125,1.6936875908868387e-05,0.0021770461462438107,0.00043521018233150244,0.00017673155525699258,0.0,0.00031891383696347475
1272,80,0.005802452564239502,1.4210829249350354e-05,0.001659834524616599,0.00022608274593949318,0.0001517174532637,0.0,0.00023851498553995043
1273,80,0.014012640342116356,4.3868549255421385e-05,0.0044532958418130875,0.0005758485640399158,0.00025769308558665216,0.0,0.0006362696876749396
1274,80,0.01139059942215681,3.657060005934909e-05,0.0033622451592236757,0.0003246254345867783,0.0002275133301736787,0.0,0.0005392024759203196
1275,80,0.007872253656387329,2.181803938583471e-05,0.002696451498195529,0.0005035065696574748,0.0001748006761772558,0.0,0.0002902470005210489
1276,80,0.006163382902741432,1.681374487816356e-05,0.0019475125009194016,0.0002531849895603955,0.00015040574362501502,0.0,0.0002441813994664699
1277,80,0.013221999630331993,4.70250379294157e-05,0.004553861916065216,0.0005844671395607293,0.00023389818670693785,0.0,0.0005697662709280849
1278,80,0.010868677869439125,4.282451482140459e-05,0.0038268854841589928,0.000341246573952958,0.00019859662279486656,0.0,0.00046717553050257266
1279,80,0.007968285121023655,1.9802651877398603e-05,0.0024678276386111975,0.0005258532473817468,0.00018087131320498884,0.0,0.00031460882746614516
1280,80,0.0065070511773228645,1.959946530405432e-05,0.002287715906277299,0.00031524902442470193,0.00014975620433688164,0.0,0.00023869248980190605
1281,80,0.012311079539358616,3.877956987707876e-05,0.003648024518042803,0.0005815062904730439,0.0002284866786794737,0.0,0.0005757902399636805
1282,80,0.010378796607255936,3.698552609421313e-05,0.003292132169008255,0.00045069018960930407,0.00019198849622625858,0.0,0.0004679103731177747
1283,80,0.007871227338910103,1.8655231542652473e-05,0.002310293959453702,0.00044606495066545904,0.00018524927145335823,0.0,0.00032437205663882196
1284,80,0.006537135690450668,1.7355007003061473e-05,0.0019362694583833218,0.00039808693691156805,0.00015581338084302843,0.0,0.0002627290668897331
1285,80,0.011639718897640705,3.912751344614662e-05,0.003660916117951274,0.0004659005790017545,0.00021575915161520243,0.0,0.0005316183087415993
1286,80,0.009755978360772133,3.222580926376395e-05,0.0029751909896731377,0.0004127162683289498,0.00017805432435125113,0.0,0.0004555301566142589
1287,80,0.00800867099314928,2.2233578420127742e-05,0.0025595605839043856,0.0003982788766734302,0.00018741354870144278,0.0,0.00031544629018753767
1288,80,0.00665412750095129,1.9364426407264546e-05,0.002031155629083514,0.00038243792369030416,0.0001579616218805313,0.0,0.00026415532920509577
1289,80,0.010947052389383316,3.802249193540774e-05,0.0035945246927440166,0.0004036785685457289,0.0002025547728408128,0.0,0.0004885278758592904
1290,80,0.009021278470754623,3.2862422813195735e-05,0.002952255541458726,0.00038583713467232883,0.00016346329357475042,0.0,0.00040156900649890304
1291,80,0.008377280086278915,2.2184112822287716e-05,0.002604140667244792,0.00036746752448379993,0.00020055707136634737,0.0,0.0003377916873432696
1292,80,0.0069647133350372314,1.9988739950349554e-05,0.0022123591043055058,0.00036439328687265515,0.00016407058865297586,0.0,0.00027272661100141704
1293,80,0.010180408135056496,3.4122680517612025e-05,0.0031924215145409107,0.0003568528627511114,0.0001912583247758448,0.0,0.00046844282769598067
1294,80,0.00838286243379116,2.9692186217289418e-05,0.0026897077914327383,0.00033239414915442467,0.00015077958232723176,0.0,0.0003823271836154163
1295,80,0.008602370508015156,2.128596679540351e-05,0.00260550738312304,0.00038084600237198174,0.0002054140204563737,0.0,0.00035405909875407815
1296,80,0.007171181030571461,1.8379376342636533e-05,0.0022012691479176283,0.0003768262977246195,0.00016912732098717242,0.0,0.0002883432898670435
1297,80,0.009470557793974876,3.487315552774817e-05,0.0029485959094017744,0.0003214282914996147,0.00018402893329039216,0.0,0.0004325371701270342
1298,80,0.007689254824072123,3.0054967282922007e-05,0.002363689476624131,0.00031698765815235674,0.0001465224486310035,0.0,0.0003513298579491675
1299,80,0.008904857560992241,2.128469895978924e-05,0.002768860664218664,0.00035588222090154886,0.00021029972413089126,0.0,0.00036558331339620054
1300,80,0.0072784884832799435,1.7604474123800173e-05,0.002206521574407816,0.00035718761500902474,0.0001720668951747939,0.0,0.00029765054932795465
1301,80,0.00032675464171916246,3.494100383250043e-06,8.51444638101384e-05,5.2180112106725574e-05,7.422955604852177e-06,0.0,1.1170641300850548e-05
1302,80,0.000260018598055467,2.9939733394712675e-06,7.122990791685879e-05,4.259738125256263e-05,5.351031632017111e-06,0.0,8.968701877165586e-06
1303,80,0.0002284915535710752,2.849562179108034e-06,5.965988748357631e-05,3.910925443051383e-05,4.378023731987923e-06,0.0,8.309260920214001e-06
1304,80,0.00020496582146734,2.290983275088365e-06,5.517308454727754e-05,3.370563354110345e-05,3.3735805118340068e-06,0.0,8.006030839169398e-06
1305,80,0.00019056088058277965,2.122761316059041e-06,5.2549439715221524e-05,2.8508988179964945e-05,2.7273831619822886e-06,0.0,8.010585588635877e-06
1306,80,0.00018181053746957332,2.1045336779934587e-06,5.1939900004072115e-05,2.4710301659069955e-05,2.571397544670617e-06,0.0,7.73418287280947e-06
1307,80,0.00017594487871974707,1.9282995253888657e-06,5.0510094297351316e-05,2.4748323994572274e-05,2.4370272058149567e-06,0.0,7.438788543367991e-06
1308,80,0.0001703167799860239,1.8482626273907954e-06,4.909978815703653e-05,2.1018531697336584e-05,2.405461600574199e-06,0.0,7.429558536387049e-06
1309,80,0.00016472773859277368,1.8099444787367247e-06,4.663888466893695e-05,2.001103712245822e-05,2.2456360966316424e-06,0.0,7.381151590379886e-06
1310,80,0.00015978942974470556,1.748117483657552e-06,4.612088014255278e-05,1.994071681110654e-05,2.1032478798588272e-06,0.0,7.094723969203187e-06
1311,80,0.00015516871644649655,1.772015934875526e-06,4.26752376370132e-05,1.914071799546946e-05,2.107129148498643e-06,0.0,7.050945441733347e-06
1312,80,0.0001514274044893682,1.8132390096070594e-06,4.058172999066301e-05,1.860642441897653e-05,2.0558261439873604e-06,0.0,6.986774678807706e-06
1313,80,0.00014839271898381412,1.7707391180010745e-06,4.0373033698415384e-05,1.7924523490364663e-05,1.9032111140404595e-06,0.0,6.9292309490265325e-06
1314,80,0.00014468602603301406,1.7132789480456267e-06,3.912471220246516e-05,1.751740273903124e-05,1.9117262581858085e-06,0.0,6.721336831105873e-06
1315,80,0.00014242758334148675,1.7289224842897966e-06,3.794745134655386e-05,1.6801408492028713e-05,1.8442535747453803e-06,0.0,6.750726697646314e-06
1316,80,0.00013996975030750036,1.86554507308756e-06,3.684826151584275e-05,1.7132853827206418e-05,1.9217125100112753e-06,0.0,6.490595751529327e-06
1317,80,0.00013737232075072825,1.8722945469562546e-06,3.558797834557481e-05,1.7502297851024196e-05,1.8495304630050668e-06,0.0,6.3914449128787965e-06
1318,80,0.00013499734632205218,1.7437888573113014e-06,3.425316754146479e-05,1.7766365999705158e-05,1.7485047010268318e-06,0.0,6.374897111527389e-06
1319,80,0.00013312947703525424,1.69259305948799e-06,3.420167195145041e-05,1.6806314306450076e-05,1.6894998680072604e-06,0.0,6.353389835567214e-06
1320,80,0.00013019220205023885,1.7168136992040672e-06,3.392850703676231e-05,1.639179390622303e-05,1.652440232646768e-06,0.0,6.163068064779509e-06
1321,80,0.0001278927957173437,1.7719867173582315e-06,3.2800064218463376e-05,1.670451820245944e-05,1.6937657392190886e-06,0.0,5.967857759969775e-06
1322,80,0.0001253536611329764,1.783350171535858e-06,3.2070289307739586e-05,1.6529940694454126e-05,1.616059194020636e-06,0.0,5.880947810510406e-06
1323,80,0.00012236199108883739,1.7379937844452797e-06,3.1244759156834334e-05,1.5897257981123403e-05,1.6048123825385119e-06,0.0,5.743384917877847e-06
1324,80,0.00011991796782240272,1.6746485016483348e-06,3.1008261430542916e-05,1.583037374075502e-05,1.5612620245519793e-06,0.0,5.5792061175452545e-06
1325,80,0.00011796593753388152,1.6429348761448637e-06,3.100253888987936e-05,1.6449756003567018e-05,1.4279527249527746e-06,0.0,5.459118256112561e-06
1326,80,0.000115666858619079,1.5878985095696407e-06,3.053968248423189e-05,1.633616011531558e-05,1.3072365163679933e-06,0.0,5.413075086835306e-06
1327,80,0.00011371786240488291,1.5728962807770586e-06,3.065469354623929e-05,1.5794616047060117e-05,1.3456683518597856e-06,0.0,5.223897460382432e-06
1328,80,0.00011137659021187574,1.6445990240754327e-06,3.069207741646096e-05,1.6036752640502527e-05,1.342052769359725e-06,0.0,4.958262707077665e-06
1329,80,0.000108880820334889,1.6087446965684649e-06,3.034599831153173e-05,1.519026409368962e-05,1.320908040725044e-06,0.0,4.852673100685934e-06
1330,80,0.00010708244371926412,1.5877676560194232e-06,2.989987115142867e-05,1.4306790944829118e-05,1.2883035651611863e-06,0.0,4.840497695113299e-06
1331,80,0.00010482078505447134,1.545296072436031e-06,2.9478693249984644e-05,1.4273818123911042e-05,1.3377123195823515e-06,0.0,4.6145855776558165e-06
1332,80,0.00010277607361786067,1.5875621102168225e-06,2.9166276362957433e-05,1.522073580417782e-05,1.3726753422815818e-06,0.0,4.307474682718748e-06
1333,80,0.00010044506780104712,1.5398928780996357e-06,2.828144351951778e-05,1.622472882445436e-05,1.2773436992574716e-06,0.0,4.162556251685601e-06
1334,80,9.814156510401517e-05,1.5440026572832721e-06,2.7840469556394964e-05,1.6159809092641808e-05,1.2525399597507203e-06,0.0,4.007188636023784e-06
1335,80,9.601712372386828e-05,1.5324023934226716e-06,2.697879790503066e-05,1.6026584489736706e-05,1.2402721267790184e-06,0.0,3.907661721314071e-06
1336,80,9.365061123389751e-05,1.6443415233879932e-06,2.630544622661546e-05,1.5566263755317777e-05,1.347897182313318e-06,0.0,3.6655585518019507e-06
1337,80,9.203664376400411e-05,1.6853440456543467e-06,2.5944653316400945e-05,1.4954966900404543e-05,1.3292827816258068e-06,0.0,3.615885361796245e-06
1338,80,9.00100203580223e-05,1.6364994053219561e-06,2.5970553906518035e-05,1.4148890841170214e-05,1.3330017054613563e-06,0.0,3.4924062219943153e-06
1339,80,8.810395956970751e-05,1.5828820778551744e-06,2.624625813041348e-05,1.4224086044123396e-05,1.2738340728901676e-06,0.0,3.3312392133666435e-06
1340,80,8.642692409921438e-05,1.5457419522135751e-06,2.5948214897653088e-05,1.427510505891405e-05,1.2516444485299871e-06,0.0,3.21414222526073e-06
1341,80,8.484936552122235e-05,1.5900518519629259e-06,2.547611074987799e-05,1.3991683772474062e-05,1.2648085885302862e-06,0.0,3.114343599008862e-06
1342,80,8.339261694345623e-05,1.5797809282958042e-06,2.496870183676947e-05,1.4071840269025415e-05,1.2373684512567706e-06,0.0,3.0398607577808434e-06
1343,80,8.203749894164503e-05,1.5409534626087407e-06,2.5049834221135825e-05,1.3771309568255674e-05,1.227558186656097e-06,0.0,2.9399816412478685e-06
1344,80,8.089026960078627e-05,1.531837028778682e-06,2.5060366169782355e-05,1.3735990251007024e-05,1.252035758625425e-06,0.0,2.804171799652977e-06
1345,80,7.930667197797447e-05,1.5023415471659973e-06,2.4901713914005086e-05,1.2989097740501165e-05,1.2440960972526227e-06,0.0,2.7472553938423516e-06
1346,80,7.847437518648803e-05,1.5071562984303455e-06,2.477458110661246e-05,1.3144643162377179e-05,1.2350690212770132e-06,0.0,2.6697307475842535e-06
1347,80,7.75086518842727e-05,1.5496691503358306e-06,2.503593532310333e-05,1.2712873285636306e-05,1.2036861107844743e-06,0.0,2.6173308924626326e-06
1348,80,7.667530735488981e-05,1.539173581477371e-06,2.4863655198714696e-05,1.2644956768781412e-05,1.2118499626012635e-06,0.0,2.550901854192489e-06
1349,80,7.558696961496025e-05,1.4998862525317236e-06,2.4585146093158983e-05,1.2351490113360342e-05,1.169446704807342e-06,0.0,2.545597681091749e-06
1350,80,7.438127067871392e-05,1.4892507351760287e-06,2.4670820494065993e-05,1.1744585208361968e-05,1.1975353118032217e-06,0.0,2.450125975883566e-06
1351,90,0.004012190271168947,4.349471055320464e-06,0.00018425194139126688,0.00011794562306022272,5.101091301185079e-05,0.0,0.0003195533936377615
1352,90,0.031649209558963776,8.609928045189008e-05,0.008213522844016552,0.0013676814269274473,0.0008045346476137638,0.0,0.001393656013533473
1353,90,0.03199679031968117,4.358763908385299e-05,0.003658933797851205,0.0021174412686377764,0.0011521289125084877,0.0,0.0014655538834631443
1354,90,0.0178208127617836,2.6142461138078943e-05,0.003327364567667246,0.001467033289372921,0.0006870964425615966,0.0,0.0006129306857474148
1355,90,0.015347196720540524,5.9130554291186854e-05,0.004896637052297592,0.0011230576783418655,0.00031807218329049647,0.0,0.0006087649380788207
1356,90,0.024467062205076218,2.7863117793458514e-05,0.0033098426647484303,0.0007863343344070017,0.0006579210748896003,0.0,0.001376381260342896
1357,90,0.015178443863987923,7.32953631086275e-05,0.004345670808106661,0.00043048031511716545,0.00035322800977155566,0.0,0.0006796717643737793
1358,90,0.023129232227802277,8.346017420990393e-05,0.004425803665071726,0.002420172095298767,0.0007452875142917037,0.0,0.0008746921084821224
1359,90,0.023479413241147995,5.593406967818737e-05,0.004155885893851519,0.0015270772855728865,0.000838761159684509,0.0,0.0009352905908599496
1360,90,0.008165588602423668,2.3096885342965834e-05,0.0014492574846372008,0.000788736215326935,0.000211901860893704,0.0,0.0003785478766076267
1361,90,0.010354974307119846,3.188722985214554e-05,0.0011678512673825026,0.0002977506665047258,0.0003926121862605214,0.0,0.0004931363509967923
1362,90,0.01959897391498089,4.987949432688765e-05,0.005584085360169411,0.0009399193222634494,0.00042895751539617777,0.0,0.0008735514711588621
1363,90,0.01136835664510727,1.093819082598202e-05,0.0011991889914497733,0.0006038001738488674,0.00041031939326785505,0.0,0.0005451235920190811
1364,90,0.02383628487586975,0.00010011919948738068,0.00817287527024746,0.001150621217675507,0.0005749670090153813,0.0,0.0008662998443469405
1365,90,0.024058980867266655,8.034546044655144e-05,0.006809629034250975,0.0009593495633453131,0.0006219206843525171,0.0,0.0009990449761971831
1366,90,0.005870580207556486,2.939343721664045e-05,0.001567633356899023,0.00032908967114053667,8.101898129098117e-05,0.0,0.0003134273865725845
1367,90,0.00546194426715374,2.686096922843717e-05,0.0009512719116173685,0.0003232647432014346,0.00012699741637334228,0.0,0.00028905723593197763
1368,90,0.022316593676805496,5.3944400860928e-05,0.004745882004499435,0.000757166591938585,0.0007328770589083433,0.0,0.0009430828504264355
1369,90,0.017121244221925735,4.3642699893098325e-05,0.003026469610631466,0.000677226111292839,0.0006105663487687707,0.0,0.0007268242188729346
1370,90,0.014621562324464321,3.714378908625804e-05,0.0028889256063848734,0.00029889430152252316,0.0004964565159752965,0.0,0.0006432033842429519
1371,90,0.013068215921521187,4.8679652536520734e-05,0.00319433375261724,0.0004861554771196097,0.00034799095010384917,0.0,0.0005859137745574117
1372,90,0.014460930600762367,4.1882667574100196e-05,0.002059598220512271,0.000512130674906075,0.0005093196523375809,0.0,0.0006754123023711145
1373,90,0.011410759761929512,4.661340426537208e-05,0.0029096249490976334,0.0004522359522525221,0.00032618289696983993,0.0,0.00047404554788954556
1374,90,0.016964565962553024,3.425169052206911e-05,0.002112215617671609,0.00035775633295997977,0.0006096870056353509,0.0,0.0008363472297787666
1375,90,0.014681782573461533,3.989589094999246e-05,0.002154683228582144,0.0004183843557257205,0.0005185528425499797,0.0,0.0006883291061967611
1376,90,0.010398143902420998,2.0023355318699032e-05,0.001554399961605668,0.0005694396677426994,0.00034729106118902564,0.0,0.00047813705168664455
1377,90,0.008140230551362038,1.9108945707557723e-05,0.001053453073836863,0.0002167192433262244,0.000293835939373821,0.0,0.0003912590036634356
1378,90,0.01797737553715706,5.066233643447049e-05,0.0036463458091020584,0.0006127022788859904,0.0005483606364578009,0.0,0.0008184059406630695
1379,90,0.014393074437975883,2.6114950742339715e-05,0.002404590370133519,0.000559863168746233,0.00046474431292153895,0.0,0.0006755063077434897
1380,90,0.010724660009145737,4.9020847654901445e-05,0.002955871634185314,0.0006168883410282433,0.0003095715364906937,0.0,0.00040071638068184257
1381,90,0.008617592975497246,3.30445691361092e-05,0.0019733370281755924,0.0005265101208351552,0.0002420621458441019,0.0,0.00036640799953602254
1382,90,0.015308158472180367,3.56096206814982e-05,0.0035540941171348095,0.00031461400794796646,0.00041411700658500195,0.0,0.00072626699693501
1383,90,0.012722783721983433,3.5755605495069176e-05,0.003281352575868368,0.00027523026801645756,0.00032203877344727516,0.0,0.0005910057807341218
1384,90,0.010522207245230675,2.3211438019643538e-05,0.001954688923433423,0.0004069985297974199,0.00032866158289834857,0.0,0.0004850692639593035
1385,90,0.008596369996666908,2.7421870981925167e-05,0.0019473060965538025,0.0004610195755958557,0.0002620040322653949,0.0,0.0003540582547429949
1386,90,0.014368799515068531,2.7379701350582764e-05,0.0026515584904700518,0.000532444566488266,0.0004558426153380424,0.0,0.0006598990294151008
1387,90,0.011484155431389809,2.5257775632780977e-05,0.0022329629864543676,0.00048507461906410754,0.0003398291300982237,0.0,0.0005342568620108068
1388,90,0.011711837723851204,2.5395924240001477e-05,0.00225235428661108,0.00025354200624860823,0.0003760723047889769,0.0,0.0005419822409749031
1389,90,0.009983964264392853,2.15966283576563e-05,0.00181382370647043,0.0003484701446723193,0.00031930088880471885,0.0,0.00046070650569163263
1390,90,0.012230451218783855,2.8113534426665865e-05,0.0024733569007366896,0.0003371857455931604,0.0003863582678604871,0.0,0.0005528212641365826
1391,90,0.010126175358891487,2.4154742277460173e-05,0.0017759297043085098,0.00022219384845811874,0.00034813227830454707,0.0,0.00046225744881667197
1392,90,0.012575232423841953,2.5760942662600428e-05,0.002556723775342107,0.00038654197123833,0.0003891147207468748,0.0,0.0005715058650821447
1393,90,0.011432809755206108,2.2751826691091992e-05,0.001700022490695119,0.0003517950535751879,0.000411808694479987,0.0,0.000524015398696065
1394,90,0.010223986580967903,2.3717582735116594e-05,0.002335132332518697,0.00029775273287668824,0.00029664242174476385,0.0,0.0004600960237439722
1395,90,0.008716048672795296,1.4752417882846203e-05,0.0013121893862262368,0.00019917286408599466,0.0003155207959935069,0.0,0.0004034726007375866
1396,90,0.013627111911773682,4.0363385778618976e-05,0.0030721905641257763,0.0005075344233773649,0.00041742989560589194,0.0,0.0005832724855281413
1397,90,0.012055426836013794,2.8771642973879352e-05,0.00207507680170238,0.0004544146650005132,0.0004171634209342301,0.0,0.0005325530073605478
1398,90,0.009674237109720707,2.771490289887879e-05,0.0021129888482391834,0.0002376748452661559,0.0002881170657929033,0.0,0.0004414687864482403
1399,90,0.008638680912554264,2.7234498702455312e-05,0.0015734994085505605,0.00024934601970016956,0.0002944576845038682,0.0,0.0003844024322461337
1400,90,0.013083110563457012,2.7316445994074456e-05,0.0023359141778200865,0.0004696078540291637,0.0004342618631199002,0.0,0.0005907653830945492
1401,90,0.011374272406101227,2.745253914326895e-05,0.0018826506566256285,0.0004586510476656258,0.000404242193326354,0.0,0.0004963096580468118
1402,90,0.010082842782139778,2.0040122763020918e-05,0.0017128440085798502,0.00024359053350053728,0.0003445282345637679,0.0,0.0004661085840780288
1403,90,0.008694463409483433,1.837665149651002e-05,0.001242729602381587,0.00021582083718385547,0.00031258322997018695,0.0,0.0004091703740414232
1404,90,0.012618452310562134,2.803762436087709e-05,0.0020760854240506887,0.0004952438757754862,0.00044209850602783263,0.0,0.000559810025151819
1405,90,0.01038993988186121,2.3092417904990725e-05,0.0014601758448407054,0.0004582421970553696,0.0003811746137216687,0.0,0.0004636683443095535
1406,90,0.011144855991005898,2.379351826675702e-05,0.0018927466589957476,0.0002679058816283941,0.00039218892925418913,0.0,0.0005038520321249962
1407,90,0.00942307524383068,2.0798781406483613e-05,0.0014552550856024027,0.00022679493122268468,0.00034924279316328466,0.0,0.00042277987813577056
1408,90,0.011736570857465267,2.633023541420698e-05,0.0017928300658240914,0.0004933907184749842,0.00041904827230609953,0.0,0.0005233537522144616
1409,90,0.009892668575048447,2.306132773810532e-05,0.0013912980211898685,0.0003890144871547818,0.00036902553983964026,0.0,0.0004399039607960731
1410,90,0.011021355167031288,2.2046502635930665e-05,0.0017309171380475163,0.00031687499722465873,0.00039138575084507465,0.0,0.0005037658847868443
1411,90,0.009242292493581772,1.847507883212529e-05,0.0013450070982798934,0.0002340859646210447,0.00034285945002920926,0.0,0.00042161293094977736
1412,90,0.011225948110222816,2.607512942631729e-05,0.0017772159771993756,0.0005381717928685248,0.00039762919186614454,0.0,0.0004908193368464708
1413,90,0.00924920104444027,2.100552592310123e-05,0.0013056215830147266,0.00043009367072954774,0.00033890362828969955,0.0,0.00041034433525055647
1414,90,0.011101165786385536,2.4189246687456034e-05,0.0018640088383108377,0.0003426643961574882,0.00038671446964144707,0.0,0.000500315916724503
1415,90,0.009110985323786736,1.94339645531727e-05,0.0014640592271462083,0.0002463901764713228,0.000323929765727371,0.0,0.0004141804820392281
1416,90,0.011006292887032032,2.770016908471007e-05,0.0017029129667207599,0.0005237748846411705,0.000398665462853387,0.0,0.0004765249614138156
1417,90,0.009097300469875336,2.5371782612637617e-05,0.0013864370994269848,0.0004508241545408964,0.0003335308574605733,0.0,0.00038993588532321155
1418,90,0.010801007971167564,2.0248335204087198e-05,0.0016905033262446523,0.000328005786286667,0.00038788843085058033,0.0,0.0004883366054855287
1419,90,0.008836924098432064,1.9424707716098055e-05,0.0013888593530282378,0.00026379115297459066,0.00031899879104457796,0.0,0.00039748611743561924
1420,90,0.010993853211402893,2.4000157281989232e-05,0.0015691210282966495,0.00049670843873173,0.0004051771538797766,0.0,0.0004852251731790602
1421,90,0.009188581258058548,2.1335790734156035e-05,0.001242293044924736,0.0004425585793796927,0.00034282595152035356,0.0,0.00040541341877542436
1422,90,0.010287439450621605,2.0772544303326868e-05,0.001626387471333146,0.00030775665072724223,0.00037508647073991597,0.0,0.0004581657995004207
1423,90,0.00837298296391964,1.721411717880983e-05,0.0012348556192591786,0.000220060144783929,0.0003136284358333796,0.0,0.00037645685370080173
1424,90,0.011247075162827969,2.6561701815808192e-05,0.0016358145512640476,0.0005319899064488709,0.00041759040323086083,0.0,0.0004876804305240512
1425,90,0.009472761303186417,2.3389613488689065e-05,0.0012768504675477743,0.0004212464264128357,0.00036463726428337395,0.0,0.0004104901454411447
1426,90,0.00972698349505663,1.888565566332545e-05,0.0014779986813664436,0.00034382546436972916,0.00035349896643310785,0.0,0.000435128400567919
1427,90,0.007950713858008385,1.6736081306589767e-05,0.001143501023761928,0.00021342253603506833,0.00030314718605950475,0.0,0.0003545581712387502
1428,90,0.011416573077440262,2.4944665710791014e-05,0.001554763177409768,0.0006130425026640296,0.00042467896128073335,0.0,0.000497703324072063
1429,90,0.009648339822888374,2.1523330360651016e-05,0.0012150881811976433,0.0004565775452647358,0.0003719503292813897,0.0,0.00042356480844318867
1430,90,0.009172845631837845,1.9133216483169235e-05,0.0013829123927280307,0.00035527822910808027,0.0003334730281494558,0.0,0.0004080790968146175
1431,90,0.0073702335357666016,1.595140747667756e-05,0.0010339731816202402,0.00021216423192527145,0.0002809521683957428,0.0,0.0003298622905276716
1432,90,0.011735543608665466,2.747080179688055e-05,0.0016280905110761523,0.0006464548059739172,0.0004406450316309929,0.0,0.0005027077277190983
1433,90,0.009809779934585094,2.406267958576791e-05,0.0013083162484690547,0.00045444892020896077,0.00037847604835405946,0.0,0.0004238191759213805
1434,90,0.008735951967537403,1.7602493244339712e-05,0.0012850877828896046,0.00036939344136044383,0.00032081760582514107,0.0,0.00038556920480914414
1435,90,0.006927711423486471,1.6279434930766e-05,0.0010396429570391774,0.00019288380281068385,0.0002622595347929746,0.0,0.00030563102336600423
1436,90,0.011929931119084358,2.59728440141771e-05,0.0015499257715418935,0.0006933341501280665,0.0004518043715506792,0.0,0.0005142654408700764
1437,90,0.009976344183087349,2.3897857317933813e-05,0.0013348915381357074,0.00047153327614068985,0.0003844639868475497,0.0,0.00043013811227865517
1438,90,0.00823921151459217,1.6226305888267234e-05,0.0011593577219173312,0.0003647499834187329,0.00030481634894385934,0.0,0.00036507140612229705
1439,90,0.006491553969681263,1.5181489288806915e-05,0.0009466464398428798,0.00017540049157105386,0.00024908786872401834,0.0,0.0002863446716219187
1440,90,0.012092385441064835,2.6303709091735072e-05,0.0015364447608590126,0.0007105119875632226,0.00046107269008643925,0.0,0.0005208397633396089
1441,90,0.010116134770214558,2.363412750128191e-05,0.0012919737491756678,0.00045267579844221473,0.00039655560976825655,0.0,0.00043822944280691445
1442,90,0.007821779698133469,1.581791730131954e-05,0.001115388353355229,0.00037794208037666976,0.0002874533529393375,0.0,0.0003438096900936216
1443,90,0.0061699566431343555,1.4681344509881455e-05,0.0008839873480610549,0.00015857390826568007,0.00024025265884120017,0.0,0.000271018740022555
1444,90,0.012154500931501389,2.6496860300539993e-05,0.0015461812727153301,0.0007409641984850168,0.0004627216840162873,0.0,0.0005213642725721002
1445,90,0.010176297277212143,2.3687798602622934e-05,0.0012924775946885347,0.000445847021182999,0.00040145288221538067,0.0,0.0004399755853228271
1446,90,0.007513214368373156,1.521019385108957e-05,0.0010602124966681004,0.0003904392069671303,0.00027491524815559387,0.0,0.0003298200317658484
1447,90,0.005943735130131245,1.4243927580537274e-05,0.0008407928980886936,0.0001403986243531108,0.00023456408234778792,0.0,0.0002602658933028579
1448,90,0.012042302638292313,2.6235027689835988e-05,0.0015017226105555892,0.0007627529557794333,0.00045970475184731185,0.0,0.0005154544487595558
1449,90,0.009991941973567009,2.3322136257775128e-05,0.0012495890259742737,0.00042134986142627895,0.00039744412060827017,0.0,0.00043232389725744724
1450,90,0.007444830611348152,1.5220384739222936e-05,0.001043648924678564,0.0004154962080065161,0.00027246528770774603,0.0,0.00032458125497214496
1451,90,0.00026846665423363447,3.8533344195457175e-06,8.787578553892672e-05,3.1573457818012685e-05,6.7208375185146e-06,0.0,7.795570127200335e-06
1452,90,0.00019201678514946252,1.3279247923492221e-06,7.211553020169958e-05,2.366301850997843e-05,3.2708603612263687e-06,0.0,6.220170689630322e-06
1453,90,0.00016329236677847803,9.240306440005952e-07,6.393581861630082e-05,1.606688238098286e-05,2.2409760731534334e-06,0.0,5.995586434437428e-06
1454,90,0.00014696006837766618,8.328071317009744e-07,5.91097486903891e-05,1.3235327969596256e-05,1.9795752450590953e-06,0.0,5.3986423154128715e-06
1455,90,0.00013061746722087264,7.207357270999637e-07,5.03898918395862e-05,1.308982064074371e-05,1.774231805029558e-06,0.0,4.867470579483779e-06
1456,90,0.00011686002108035609,6.553379421347927e-07,4.6205281250877306e-05,1.107567277358612e-05,1.5337016066041542e-06,0.0,4.358671048976248e-06
1457,90,0.00010875861335080117,5.830841587339819e-07,4.305534457671456e-05,1.1059392818424385e-05,1.3897165445087012e-06,0.0,4.0163631638279185e-06
1458,90,0.0001023424556478858,5.773873681391706e-07,4.113537215744145e-05,1.0563854630163405e-05,1.3025179441683576e-06,0.0,3.70406587535399e-06
1459,90,9.813174256123602e-05,5.61113608910091e-07,4.071437433594838e-05,9.362019227410201e-06,1.158952954938286e-06,0.0,3.590470214476227e-06
1460,90,9.2711066827178e-05,7.07770709595934e-07,3.782452768064104e-05,7.458873369614594e-06,1.4035396134204348e-06,0.0,3.268449972892995e-06
1461,90,8.708676614332944e-05,7.263097927534545e-07,3.442246452323161e-05,6.827389370300807e-06,1.3017875062359963e-06,0.0,3.209272563253762e-06
1462,90,8.427358989138156e-05,6.651763442278025e-07,3.323145574540831e-05,6.522272997244727e-06,1.240871370100649e-06,0.0,3.1445970307686366e-06
1463,90,8.11820209491998e-05,5.853441393810499e-07,3.2924468541750684e-05,6.74526609145687e-06,1.1473479162305011e-06,0.0,2.9453460683726007e-06
1464,90,7.94558654888533e-05,5.686600275112141e-07,3.20991275657434e-05,6.5449885369162075e-06,1.1267848094576038e-06,0.0,2.897524154832354e-06
1465,90,7.619763346156105e-05,6.506220984192623e-07,3.0413177228183486e-05,6.202914846653584e-06,1.1487154552014545e-06,0.0,2.744376615737565e-06
1466,90,7.280336285475641e-05,7.146350071707275e-07,2.8397706046234816e-05,6.444484370149439e-06,1.213364498653391e-06,0.0,2.51128926720412e-06
1467,90,7.023462239885703e-05,6.75587386922416e-07,2.8277327146497555e-05,6.49242383587989e-06,1.165739035968727e-06,0.0,2.3131897251005284e-06
1468,90,6.748404121026397e-05,5.863843171027838e-07,2.7389136448618956e-05,6.022187790222233e-06,1.0568478501227219e-06,0.0,2.291785449415329e-06
1469,90,6.579100590897724e-05,5.750756599809392e-07,2.6682075258577242e-05,5.907490503886947e-06,1.026580207508232e-06,0.0,2.2360561615641927e-06
1470,90,6.38038181932643e-05,5.883474614165607e-07,2.5416607968509197e-05,5.754916401201626e-06,1.0529146265980671e-06,0.0,2.1514797481358983e-06
1471,90,6.199092604219913e-05,6.324920036604453e-07,2.4675571694388054e-05,5.790070645161904e-06,1.0551241302891867e-06,0.0,2.034154704233515e-06
1472,90,6.085700442781672e-05,6.497709819086595e-07,2.38725606322987e-05,5.739306288887747e-06,1.0980960496453918e-06,0.0,1.961440830200445e-06
1473,90,5.948335456196219e-05,6.468465585385275e-07,2.34620656556217e-05,5.72694989386946e-06,1.0659948657121276e-06,0.0,1.8987543626280967e-06
1474,90,5.805836190120317e-05,6.577146223207819e-07,2.272068741149269e-05,5.890923148399452e-06,1.0879750789172249e-06,0.0,1.7909285361383809e-06
1475,90,5.64727743039839e-05,6.78483218052861e-07,2.215097083535511e-05,5.777092155767605e-06,1.1050591410821653e-06,0.0,1.681563503552752e-06
1476,90,5.5091244576033205e-05,7.057223001538659e-07,2.1647556422976777e-05,5.850639809068525e-06,1.1219510724913562e-06,0.0,1.5667811794628506e-06
1477,90,5.3483574447454885e-05,7.243386903610372e-07,2.0780074919457547e-05,5.628449343930697e-06,1.1830879884655587e-06,0.0,1.4519832802761812e-06
1478,90,5.193472316022962e-05,7.337352485592419e-07,2.0211702576489188e-05,5.448641331895487e-06,1.176515411316359e-06,0.0,1.3775490970147075e-06
1479,90,5.08116718265228e-05,7.487575430786819e-07,1.9943074221373536e-05,5.323985078575788e-06,1.168687163044524e-06,0.0,1.3108983694110066e-06
1480,90,4.976057607564144e-05,7.784843774061301e-07,1.9461052943370305e-05,5.515558768820483e-06,1.198279278469272e-06,0.0,1.2022686632917612e-06
1481,90,4.87163633806631e-05,7.940715818222088e-07,1.9419048840063624e-05,5.399510428105714e-06,1.206134470521647e-06,0.0,1.1042388905480038e-06
1482,90,4.788260775967501e-05,7.840798161851126e-07,1.9322884327266365e-05,5.378554760682164e-06,1.179660330308252e-06,0.0,1.0600483619782608e-06
1483,90,4.722167432191782e-05,7.870609692872677e-07,1.9043405700358562e-05,5.239529855316505e-06,1.1848649137391476e-06,0.0,1.0303028830094263e-06
1484,90,4.629055183613673e-05,7.794561156515556e-07,1.8963068214361556e-05,5.108790446683997e-06,1.1896740943484474e-06,0.0,9.54249344431446e-07
1485,90,4.5458280510501936e-05,7.641855290785315e-07,1.8850236301659606e-05,5.059298928244971e-06,1.1723618627001997e-06,0.0,9.060941579264181e-07
1486,90,4.451298082130961e-05,7.568972364424553e-07,1.8440206986269914e-05,4.897791768598836e-06,1.1474487564555602e-06,0.0,8.943596867538872e-07
1487,90,4.388480374473147e-05,7.349821657953726e-07,1.8376202206127346e-05,4.77677440358093e-06,1.1341476238158066e-06,0.0,8.655368901600013e-07
1488,90,4.32685628766194e-05,7.110111823749321e-07,1.8450975403538905e-05,4.8141305342142005e-06,1.1007080047420459e-06,0.0,8.285367130156374e-07
1489,90,4.272286969353445e-05,6.857499101897702e-07,1.8321359675610438e-05,4.5701503950112965e-06,1.0738467608462088e-06,0.0,8.407140512645128e-07
1490,90,4.2126681364607066e-05,6.796972797928902e-07,1.7937521988642402e-05,4.531674676400144e-06,1.045391059051326e-06,0.0,8.523873589183495e-07
1491,90,4.175447975285351e-05,6.990986776145292e-07,1.7536920495331287e-05,4.619490937329829e-06,1.0610735898808343e-06,0.0,8.28823147003277e-07
1492,90,4.13793750340119e-05,6.871766800031764e-07,1.7567823306308128e-05,4.54500013802317e-06,1.042097437675693e-06,0.0,8.158399396052118e-07
1493,90,4.0992388676386327e-05,6.626693220823654e-07,1.7591410141903907e-05,4.626592726708623e-06,1.008765821097768e-06,0.0,8.024058502087428e-07
1494,90,4.069156784680672e-05,6.370970027091971e-07,1.7769119949662127e-05,4.729459760710597e-06,9.74380100160488e-07,0.0,7.81209109845804e-07
1495,90,4.044170054839924e-05,6.199300628395576e-07,1.7777845641830936e-05,4.712052941613365e-06,9.536078096061829e-07,0.0,7.795797500875778e-07
1496,90,4.023540168418549e-05,6.086293637963536e-07,1.809563400456682e-05,4.56867473985767e-06,9.181161999549659e-07,0.0,7.781297881592764e-07
1497,90,3.9827165892347693e-05,5.705688863599789e-07,1.8447342881700024e-05,4.4852577048004605e-06,8.614663329353789e-07,0.0,7.709334681749169e-07
1498,90,3.943846240872517e-05,5.751250569119293e-07,1.8213018847745843e-05,4.325866484578e-06,8.497488579450874e-07,0.0,7.826965884305537e-07
1499,90,3.914259286830202e-05,5.507860123543651e-07,1.8473803720553406e-05,4.30869658885058e-06,8.094352779153269e-07,0.0,7.71495365370356e-07
1500,90,3.89168162655551e-05,5.401907401392236e-07,1.8508688299334608e-05,4.416815500007942e-06,7.833160111658799e-07,0.0,7.617959454364609e-07
