epoch,start_step,step_loss,loss_data,loss_haslach,loss_pako,loss_ic,loss_bc_base,loss_bc_tip
1,0,0.04287039116024971,3.829803245025687e-05,0.038219671696424484,0.001120345783419907,0.0,0.0,0.0003492073155939579
2,0,0.03524167835712433,2.9782788260490634e-05,0.03185740485787392,0.000613622774835676,0.0,0.0,0.0002740865747909993
3,0,0.018630851060152054,1.065967353497399e-05,0.01579231210052967,0.00043233466567471623,0.0,0.0,0.00023955435608513653
4,0,0.010812090709805489,4.520758920989465e-06,0.008390477858483791,0.0003464985347818583,0.0,0.0,0.0002070593909593299
5,0,0.011933302506804466,4.4701614569930825e-06,0.009998717345297337,0.0002768983249552548,0.0,0.0,0.0001653216895647347
6,0,0.011645467951893806,3.4580727970023872e-06,0.010214224457740784,0.00021177521557547152,0.0,0.0,0.00012160099140601233
7,0,0.0105182696133852,3.301774313513306e-06,0.009459279477596283,0.00016053290164563805,0.0,0.0,8.951556083047763e-05
8,0,0.007394731044769287,4.185102625342552e-06,0.0065377140417695045,0.0001292988599743694,0.0,0.0,7.235335215227678e-05
9,0,0.0052692168392241,4.938933670928236e-06,0.004503926262259483,0.00011348022235324606,0.0,0.0,6.468714127549902e-05
10,0,0.0061334483325481415,4.717611773230601e-06,0.00542494747787714,0.00010342054883949459,0.0,0.0,6.00362618570216e-05
11,0,0.0065861535258591175,3.283962314526434e-06,0.005932581145316362,9.441206930205226e-05,0.0,0.0,5.558767225011252e-05
12,0,0.0044240220449864864,1.5010539300419623e-06,0.0038211909122765064,8.636275015305728e-05,0.0,0.0,5.149672506377101e-05
13,0,0.0023322133347392082,7.909218311397126e-07,0.0017663061153143644,8.02904469310306e-05,0.0,0.0,4.848257958656177e-05
14,0,0.0027213420253247023,1.6565838905080454e-06,0.0021747974678874016,7.687981269555166e-05,0.0,0.0,4.680081474361941e-05
15,0,0.00408061221241951,3.1117019716475625e-06,0.003539663041010499,7.611070031998679e-05,0.0,0.0,4.617267768480815e-05
16,0,0.003983430098742247,3.897974693245487e-06,0.0034410266671329737,7.70998522057198e-05,0.0,0.0,4.614055796992034e-05
17,0,0.002808729885146022,3.7577067359961802e-06,0.0022629485465586185,7.874710718169808e-05,0.0,0.0,4.6327659219969064e-05
18,0,0.0022315920796245337,3.1230570129991975e-06,0.001684261835180223,8.029515447560698e-05,0.0,0.0,4.639121107175015e-05
19,0,0.002467384561896324,2.343003870919347e-06,0.001923569361679256,8.146325126290321e-05,0.0,0.0,4.6000899601494893e-05
20,0,0.0025833514519035816,1.5508176147704944e-06,0.002050351584330201,8.23011141619645e-05,0.0,0.0,4.4914777390658855e-05
21,0,0.0022555128671228886,8.748216941967257e-07,0.0017416640184819698,8.272526611108333e-05,0.0,0.0,4.3024880142183974e-05
22,0,0.001820594072341919,4.2411011236254126e-07,0.0013339454308152199,8.205218910006806e-05,0.0,0.0,4.0417227864963934e-05
23,0,0.0014811500441282988,1.925294697002755e-07,0.0010278697591274977,7.896625902503729e-05,0.0,0.0,3.7412148230941966e-05
24,0,0.001294631278142333,1.226745496296644e-07,0.0008779046474955976,7.209517934825271e-05,0.0,0.0,3.445086986175738e-05
25,0,0.001333559863269329,1.6807781832994806e-07,0.0009538333397358656,6.0952916101086885e-05,0.0,0.0,3.1860538001637906e-05
26,0,0.0014208529610186815,2.4192542014134233e-07,0.0010765023762360215,4.6760771510889754e-05,0.0,0.0,2.973479058709927e-05
27,0,0.001239512232132256,2.4575166435170104e-07,0.000926082138903439,3.250426016165875e-05,0.0,0.0,2.806800875987392e-05
28,0,0.0009025759063661098,1.9325135269809834e-07,0.0006113497074693441,2.1710244254791178e-05,0.0,0.0,2.6932268156087957e-05
29,0,0.0008579028071835637,1.7975565924643888e-07,0.000577082100789994,1.6443302229163237e-05,0.0,0.0,2.6419760615681298e-05
30,0,0.0011193788377568126,2.11400475791379e-07,0.0008386836852878332,1.60301206051372e-05,0.0,0.0,2.6445368348504417e-05
31,0,0.0011896842624992132,1.9394560979435482e-07,0.0009043595637194812,1.7794549421523698e-05,0.0,0.0,2.6733621780294925e-05
32,0,0.0008753378060646355,1.0615155332516224e-07,0.000585672096349299,1.9251721823820844e-05,0.0,0.0,2.7030780984205194e-05
33,0,0.0005589142674580216,4.3155552020834875e-08,0.00026702307513915,1.9510172933223657e-05,0.0,0.0,2.723378383961972e-05
34,0,0.0005434650229290128,6.828179266449297e-08,0.00025136207113973796,1.885480378405191e-05,0.0,0.0,2.7317984859109856e-05
35,0,0.0006710421876050532,1.4358920452650636e-07,0.00038049957947805524,1.7701533579383977e-05,0.0,0.0,2.7269748898106627e-05
36,0,0.0007064418168738484,2.20595381961175e-07,0.0004188452148810029,1.6189940652111545e-05,0.0,0.0,2.711860361159779e-05
37,0,0.0006577204912900925,2.9044127813904197e-07,0.0003736828512046486,1.4394417121366132e-05,0.0,0.0,2.6935278583550826e-05
38,0,0.0006122236372902989,3.329518563077727e-07,0.00033187924418598413,1.2542688637040555e-05,0.0,0.0,2.6746871299110353e-05
39,0,0.0005847996799275279,3.116345794751396e-07,0.00030843092827126384,1.1011434253305197e-05,0.0,0.0,2.6504567358642817e-05
40,0,0.0005754875601269305,2.318842291515466e-07,0.0003034323744941503,1.019678165903315e-05,0.0,0.0,2.6162651920458302e-05
41,0,0.0005628226208500564,1.4086627686538122e-07,0.00029489598819054663,1.032716318150051e-05,0.0,0.0,2.5745859602466226e-05
42,0,0.0004905712557956576,7.551488323542799e-08,0.0002259996981592849,1.129832526203245e-05,0.0,0.0,2.5319770429632626e-05
43,0,0.00039373256731778383,4.9746546437745565e-08,0.0001316681009484455,1.2681022781180218e-05,0.0,0.0,2.493336796760559e-05
44,0,0.00039006699807941914,6.217661052687617e-08,0.00013000023318454623,1.3922744983574376e-05,0.0,0.0,2.4608181774965487e-05
45,0,0.0004673527437262237,8.507311122230021e-08,0.0002091340720653534,1.4581033610738814e-05,0.0,0.0,2.435525857436005e-05
46,0,0.0004811856779269874,8.209796220626231e-08,0.00022486239322461188,1.4445893611991778e-05,0.0,0.0,2.417952782707289e-05
47,0,0.0004036204481963068,5.432738348076782e-08,0.00014928450400475413,1.3542625310947187e-05,0.0,0.0,2.407389911240898e-05
48,0,0.00035272707464173436,3.2959746931737754e-08,0.00010040301276603714,1.207674722536467e-05,0.0,0.0,2.4021437639021315e-05
49,0,0.00037239925586618483,2.8520169337298285e-08,0.00012195254385005683,1.0362941793573555e-05,0.0,0.0,2.4005525119719096e-05
50,0,0.0003898831782862544,2.6244038053846452e-08,0.00014098924293648452,8.731777597859036e-06,0.0,0.0,2.401359233772382e-05
51,0,0.00036918726982548833,2.1911928271833858e-08,0.00012145446089562029,7.4155486800009385e-06,0.0,0.0,2.4029532141867094e-05
52,0,0.00034163263626396656,2.709246338383764e-08,9.479682921664789e-05,6.473575012932997e-06,0.0,0.0,2.4033512090682052e-05
53,0,0.00032769411336630583,4.927550634192812e-08,8.161993173416704e-05,5.818265435664216e-06,0.0,0.0,2.4020662749535404e-05
54,0,0.00032871379517018795,8.512454741094189e-08,8.31987417768687e-05,5.317672730598133e-06,0.0,0.0,2.4011225832509808e-05
55,0,0.000338533369358629,1.1937027011299506e-07,9.321363904746249e-05,4.895841811958235e-06,0.0,0.0,2.4030450731515884e-05
56,0,0.000334444543113932,1.2977564267657726e-07,8.889217860996723e-05,4.5724696065008175e-06,0.0,0.0,2.4085013137664646e-05
57,0,0.00031402360764332116,1.1044962633377509e-07,6.789576582377777e-05,4.409094344737241e-06,0.0,0.0,2.416083043499384e-05
58,0,0.0003088819212280214,8.035448217924568e-08,6.214741006260738e-05,4.391258244140772e-06,0.0,0.0,2.4226290406659245e-05
59,0,0.00032056591589935124,5.7111698481548956e-08,7.376039866358042e-05,4.384104613563977e-06,0.0,0.0,2.423642945359461e-05
60,0,0.0003145275986753404,4.128985509055383e-08,6.863434100523591e-05,4.2539022615528665e-06,0.0,0.0,2.4159806343959644e-05
61,0,0.0002927752793766558,3.0884450552548515e-08,4.8624460760038346e-05,4.015070317109348e-06,0.0,0.0,2.401048732281197e-05
62,0,0.00028741342248395085,2.7213310715978878e-08,4.520289076026529e-05,3.800881358984043e-06,0.0,0.0,2.3838243578211404e-05
63,0,0.0002960872952826321,2.5877247011862892e-08,5.5481435992987826e-05,3.7091688227519626e-06,0.0,0.0,2.3687081920797937e-05
64,0,0.00029637309489771724,2.0827636504350266e-08,5.688182864105329e-05,3.7314534893084783e-06,0.0,0.0,2.35738971241517e-05
65,0,0.0002888430608436465,1.3322651426506127e-08,5.005370985600166e-05,3.8136270177346887e-06,0.0,0.0,2.349624082853552e-05
66,0,0.00028265200671739876,7.360815956758415e-09,4.428441388881765e-05,3.931491846742574e-06,0.0,0.0,2.3442873498424888e-05
67,0,0.00027889120974577963,4.358238658852542e-09,4.0792660001898184e-05,4.103006631339667e-06,0.0,0.0,2.3399119527311996e-05
68,0,0.0002785992983262986,5.0463722089943985e-09,4.071485091117211e-05,4.351085408416111e-06,0.0,0.0,2.3352831703959964e-05
69,0,0.0002788856509141624,9.968683656325084e-09,4.1227911424357444e-05,4.659823844122002e-06,0.0,0.0,2.3298794985748827e-05
70,0,0.00027518783463165164,1.915202929581028e-08,3.78088625438977e-05,4.964135314367013e-06,0.0,0.0,2.3239568690769374e-05
71,0,0.00027305237017571926,3.152729988187275e-08,3.5995715734316036e-05,5.18370870850049e-06,0.0,0.0,2.3184144083643332e-05
72,0,0.0002751337015070021,4.1519996329952846e-08,3.839846249320544e-05,5.266724201646866e-06,0.0,0.0,2.314269841008354e-05
73,0,0.0002731677668634802,4.204010650710188e-08,3.672669845400378e-05,5.206116838962771e-06,0.0,0.0,2.3119291654438712e-05
74,0,0.0002674881834536791,3.37551639972844e-08,3.133524296572432e-05,5.029532985645346e-06,0.0,0.0,2.3108965251594782e-05
75,0,0.00026632481603883207,2.4006871157666865e-08,3.050433224416338e-05,4.7838143473200034e-06,0.0,0.0,2.3101265469449572e-05
76,0,0.00026743070338852704,1.747542377472655e-08,3.2025618565967306e-05,4.5221909203974064e-06,0.0,0.0,2.308654075022787e-05
77,0,0.0002655755670275539,1.4424786698441494e-08,3.066919089178555e-05,4.288665422791382e-06,0.0,0.0,2.3060329112922773e-05
78,0,0.0002634355041664094,1.4105567380795492e-08,2.9078082661726512e-05,4.101290869584773e-06,0.0,0.0,2.302420216437895e-05
79,0,0.00026277737924829125,1.5469678871227188e-08,2.896535261243116e-05,3.948472567572026e-06,0.0,0.0,2.2984808310866356e-05
80,0,0.00026205385802313685,1.745901556660101e-08,2.871844480978325e-05,3.8039565879444126e-06,0.0,0.0,2.295139893249143e-05
81,0,0.00026127477758564055,1.89631830238568e-08,2.8306259991950355e-05,3.64833977073431e-06,0.0,0.0,2.293012039444875e-05
82,0,0.0002600225561764091,1.832665574852399e-08,2.732589746301528e-05,3.4834245070669567e-06,0.0,0.0,2.2919490220374428e-05
83,0,0.0002584433532319963,1.5581102630335408e-08,2.597688217065297e-05,3.3318792702630162e-06,0.0,0.0,2.2911901396582834e-05
84,0,0.00025816718698479235,1.3490830674811605e-08,2.59504267887678e-05,3.2220671073446283e-06,0.0,0.0,2.289812073286157e-05
85,0,0.0002578327839728445,1.430940610447351e-08,2.5935732992365956e-05,3.17138460559363e-06,0.0,0.0,2.2871136025059968e-05
86,0,0.0002560872526373714,1.80280768091734e-08,2.458936614857521e-05,3.180322437401628e-06,0.0,0.0,2.282995410496369e-05
87,0,0.00025525674573145807,2.3332962229005716e-08,2.4196151571231894e-05,3.2326101973012555e-06,0.0,0.0,2.2780464860261418e-05
88,0,0.0002555162354838103,2.780282493120012e-08,2.4881188437575474e-05,3.298883711977396e-06,0.0,0.0,2.2730835553375073e-05
89,0,0.00025463782367296517,2.9048727867575508e-08,2.4396260414505377e-05,3.3510343655507313e-06,0.0,0.0,2.2686148440698162e-05
90,0,0.00025334369274787605,2.6929395602337536e-08,2.346808832953684e-05,3.3793721740948968e-06,0.0,0.0,2.2646931029157713e-05
91,0,0.0002528860350139439,2.3382909830615972e-08,2.336540273972787e-05,3.3936971703951713e-06,0.0,0.0,2.2610354790231213e-05
92,0,0.00025250998442061245,2.0500486641594762e-08,2.3356309611699544e-05,3.4085499009961495e-06,0.0,0.0,2.2572461602976546e-05
93,0,0.00025180523516610265,1.9128192363382368e-08,2.3048834918881766e-05,3.429034450164181e-06,0.0,0.0,2.2530823116539977e-05
94,0,0.00025090129929594696,1.8710904825525176e-08,2.2573185560759157e-05,3.4476336168154376e-06,0.0,0.0,2.2486177840619348e-05
95,0,0.00025013001868501306,1.8460790229823942e-08,2.223687079094816e-05,3.4514969229348935e-06,0.0,0.0,2.2442320187110454e-05
96,0,0.00024994451086968184,1.8040077875980387e-08,2.2455160433310084e-05,3.4324484659009613e-06,0.0,0.0,2.2403886760002933e-05
97,0,0.00024962954921647906,1.7156983389554625e-08,2.2488284230348654e-05,3.391304517208482e-06,0.0,0.0,2.2373282263288274e-05
98,0,0.0002487422607373446,1.5896935323667094e-08,2.1899315470363945e-05,3.3352939681208227e-06,0.0,0.0,2.234917519672308e-05
99,0,0.0002481705159880221,1.5021822008520758e-08,2.1608317183563486e-05,3.273693209848716e-06,0.0,0.0,2.2327349142869934e-05
100,0,0.00024784065317362547,1.5149778320733276e-08,2.15801101148827e-05,3.2151469895325135e-06,0.0,0.0,2.230302561656572e-05
101,0,0.00023289430828299373,1.169766239428327e-08,2.4644146833452396e-05,2.433146619296167e-06,0.0,0.0,2.0580531781888567e-05
102,0,0.00017821408982854337,2.4074351401282e-08,4.102733873878606e-05,3.4924037208838854e-06,0.0,0.0,1.3367027349886484e-05
103,0,0.00010718410339904949,2.8805333229797725e-08,3.8685793697368354e-05,6.279013177845627e-06,0.0,0.0,6.219049282663036e-06
104,0,8.130068454192951e-05,2.1400584415687263e-08,3.2208339689532295e-05,1.0452817150508054e-05,0.0,0.0,3.861812729155645e-06
105,0,4.926134351990186e-05,2.5641977430268525e-08,2.4437202228000388e-05,9.690810657048132e-06,0.0,0.0,1.510769038759463e-06
106,0,4.3320018448866904e-05,1.9868361178509986e-08,2.1064659449621104e-05,1.0543125426920597e-05,0.0,0.0,1.169236384157557e-06
107,0,3.5993729397887364e-05,1.5493615279638107e-08,1.7575148376636207e-05,9.863633749773726e-06,0.0,0.0,8.539452096556488e-07
108,0,3.331491825520061e-05,1.0353446100452857e-08,1.6941410649451427e-05,9.251945812138729e-06,0.0,0.0,7.111207764864957e-07
109,0,3.1128551199799404e-05,8.366517256774841e-09,1.6449810573249124e-05,8.991180948214605e-06,0.0,0.0,5.679192440766201e-07
110,0,2.9513983463402838e-05,7.189616457736747e-09,1.637035165913403e-05,8.638525287096854e-06,0.0,0.0,4.497917416301789e-07
111,0,2.849451448128093e-05,7.906178822736365e-09,1.6373658581869677e-05,7.943764103401918e-06,0.0,0.0,4.169187945990416e-07
112,0,2.7339683583704755e-05,7.459409978594067e-09,1.616377994650975e-05,7.1659078457742e-06,0.0,0.0,4.002537536962336e-07
113,0,2.6299081582692452e-05,7.410566382759498e-09,1.5877576515777037e-05,6.531019607791677e-06,0.0,0.0,3.8830748394502734e-07
114,0,2.531501195335295e-05,9.453618332599945e-09,1.6251766282948665e-05,5.526007953449152e-06,0.0,0.0,3.5277838605907164e-07
115,0,2.3753293135087006e-05,1.092738166619256e-08,1.5892970623099245e-05,4.328949671617011e-06,0.0,0.0,3.5204467963012576e-07
116,0,2.25288858928252e-05,1.3205633919710635e-08,1.5928530046949163e-05,3.1093406960280845e-06,0.0,0.0,3.4778096846821427e-07
117,0,2.1243933588266373e-05,1.1734130112017738e-08,1.5594803699059412e-05,2.525326408431283e-06,0.0,0.0,3.112069748567592e-07
118,0,2.0367446268210188e-05,1.1627431462102322e-08,1.5570916730212048e-05,2.0845352537435247e-06,0.0,0.0,2.700368213481852e-07
119,0,1.9344388419995084e-05,1.1975715530354591e-08,1.5042165614431724e-05,1.493954755460436e-06,0.0,0.0,2.796292903894937e-07
120,0,1.8657428881851956e-05,6.985713341123301e-09,1.4488904525933322e-05,1.3951283790447633e-06,0.0,0.0,2.766409465948527e-07
121,0,1.7870373994810507e-05,5.328119723202462e-09,1.3687975297216326e-05,1.075911427506071e-06,0.0,0.0,3.101159791185637e-07
122,0,1.747423448250629e-05,5.43377520756394e-09,1.347295255982317e-05,8.477719006805273e-07,0.0,0.0,3.1480777806791593e-07
123,0,1.7013751858030446e-05,5.683186365956772e-09,1.3127385500411037e-05,6.598953063985391e-07,0.0,0.0,3.2207876188294904e-07
124,0,1.6580834198975936e-05,5.461606722434453e-09,1.2726492059300654e-05,6.672158292531094e-07,0.0,0.0,3.1816642831472564e-07
125,0,1.611315383343026e-05,6.164190047286411e-09,1.2109365343349054e-05,5.690318403139827e-07,0.0,0.0,3.4285920946786064e-07
126,0,1.566743230796419e-05,6.4382139619567624e-09,1.1990240636805538e-05,5.636496780425659e-07,0.0,0.0,3.1071047601471946e-07
127,0,1.5362493286374956e-05,6.448394707092575e-09,1.190327475342201e-05,5.832545753037266e-07,0.0,0.0,2.8695154696833924e-07
128,0,1.5146265468501952e-05,5.6808082682380245e-09,1.1706123586918693e-05,6.561372174473945e-07,0.0,0.0,2.7783235623246583e-07
129,0,1.4570779967471026e-05,6.0157439030206206e-09,1.1465933312138077e-05,6.366037723637419e-07,0.0,0.0,2.4622281102892885e-07
130,0,1.427565348421922e-05,6.3004947925549004e-09,1.1363988960511051e-05,5.292679361446062e-07,0.0,0.0,2.3760968304031849e-07
131,0,1.4042151633475441e-05,7.48297690478239e-09,1.1241964784858283e-05,5.599307542070164e-07,0.0,0.0,2.232773255173015e-07
132,0,1.374416024191305e-05,8.011022067933027e-09,1.0904534974542912e-05,4.468187455586303e-07,0.0,0.0,2.384796005117096e-07
133,0,1.3597846191260032e-05,7.65215535381003e-09,1.0627040865074378e-05,5.32142621523235e-07,0.0,0.0,2.431009988868027e-07
134,0,1.3475237210514024e-05,7.0425665299467255e-09,1.057716963259736e-05,5.022222353545658e-07,0.0,0.0,2.388803466146783e-07
135,0,1.333460932073649e-05,6.431129406792024e-09,1.042420080921147e-05,5.028647933613684e-07,0.0,0.0,2.401112055849808e-07
136,0,1.3159507034288254e-05,6.87405377064465e-09,1.0381101674283855e-05,4.1004301465363824e-07,0.0,0.0,2.3614883559730515e-07
137,0,1.302949840464862e-05,6.926875073531846e-09,1.0233562534267548e-05,4.3582016928667144e-07,0.0,0.0,2.3531892168193735e-07
138,0,1.2920496374135837e-05,7.392617629164988e-09,1.00089509942336e-05,4.152026349402149e-07,0.0,0.0,2.4889502014957543e-07
139,0,1.2822563803638332e-05,7.418373026979452e-09,9.905638762575109e-06,4.6096053551991645e-07,0.0,0.0,2.4485461835865863e-07
140,0,1.2733396943076514e-05,7.87547715930259e-09,9.808069989958312e-06,4.7327250740636373e-07,0.0,0.0,2.444178619498416e-07
141,0,1.2678091479756404e-05,8.290170327995838e-09,9.853942174231634e-06,4.5883805910307274e-07,0.0,0.0,2.3570208895762335e-07
142,0,1.2595536645676475e-05,8.25551271788072e-09,9.8597729447647e-06,4.220720200009964e-07,0.0,0.0,2.305436339611333e-07
143,0,1.2535896530607715e-05,8.42957970093039e-09,9.815855264605489e-06,4.041729084747203e-07,0.0,0.0,2.3074392174748937e-07
144,0,1.2445107131497934e-05,7.914479738246882e-09,9.80168715614127e-06,4.160143021181284e-07,0.0,0.0,2.2194913640305458e-07
145,0,1.2318544577283319e-05,6.872938218549507e-09,9.735794264997821e-06,4.012957788290805e-07,0.0,0.0,2.174581794633923e-07
146,0,1.223017716256436e-05,6.7915899570891725e-09,9.73661917669233e-06,3.955397289701068e-07,0.0,0.0,2.0912267473249813e-07
147,0,1.2159614016127307e-05,6.756698311960463e-09,9.726274583954364e-06,4.3854757336703187e-07,0.0,0.0,1.988035620570372e-07
148,0,1.2086428796465043e-05,6.429919707784393e-09,9.705409866000991e-06,4.415508385591238e-07,0.0,0.0,1.9330383338456159e-07
149,0,1.1963772521994542e-05,6.612518532733702e-09,9.728907571115997e-06,3.6983936979595455e-07,0.0,0.0,1.858412446154034e-07
150,0,1.1803911547758617e-05,7.176371052963759e-09,9.641147698857822e-06,4.06062412139363e-07,0.0,0.0,1.7495246140697418e-07
151,10,0.0012570035178214312,5.93966262840695e-07,0.0004355628334451467,5.0019039917970076e-05,6.26132168690674e-06,0.0,7.082144293235615e-05
152,10,0.0008164425962604582,8.448305379715748e-07,0.00043399876449257135,2.9511109460145235e-05,1.1181978152308147e-05,0.0,2.402681093371939e-05
153,10,0.0011131009086966515,1.1343613550707232e-06,0.0005016212235204875,0.00012199669436085969,2.2617392460233532e-05,0.0,2.6217470804112963e-05
154,10,0.0008717782329767942,7.936200177027786e-07,0.0003691468737088144,5.512996358447708e-05,2.1437110262922943e-05,0.0,2.3233669708133675e-05
155,10,0.0009161985944956541,9.85573024081532e-07,0.0005290876724757254,2.8546337489387952e-05,1.1827286471088883e-05,0.0,2.393061549810227e-05
156,10,0.0008633685647509992,9.096985422729631e-07,0.0004327701171860099,5.3223124268697575e-05,5.997851985739544e-06,0.0,3.164870940963738e-05
157,10,0.0007624105783179402,9.911979077514843e-07,0.00044688477646559477,3.170444324496202e-05,5.177955245017074e-06,0.0,2.3105063519324176e-05
158,10,0.0009028149652294815,1.1807917417172575e-06,0.0006090941606089473,5.6933720770757645e-05,6.613408459088532e-06,0.0,1.6947220501606353e-05
159,10,0.0006939586019143462,6.725545631525165e-07,0.0003906127531081438,5.175394471734762e-05,7.148393251554808e-06,0.0,1.7943544662557542e-05
160,10,0.0007400312460958958,7.714023126936809e-07,0.00043772830395027995,1.8390484910923988e-05,7.639415343874134e-06,0.0,2.0674689949373715e-05
161,10,0.0007470154669135809,9.008770120999543e-07,0.00044773012632504106,1.1388373422960285e-05,9.820061677601188e-06,0.0,1.8879543858929537e-05
162,10,0.0006253393366932869,6.000607868372754e-07,0.0003331713960506022,1.4463766092376318e-05,1.197377423522994e-05,0.0,1.5736641216790304e-05
163,10,0.0007110117003321648,5.936147999818786e-07,0.0004456157621461898,1.8122907931683585e-05,1.0766189006972127e-05,0.0,1.3901752026868053e-05
164,10,0.0006019962602294981,6.182611400618043e-07,0.00037005546619184315,1.6001920812414028e-05,7.310895398404682e-06,0.0,1.4221166566130705e-05
165,10,0.0005931741325184703,8.411557246290613e-07,0.0003143812355119735,1.5286184861906804e-05,5.71420241612941e-06,0.0,2.055235563602764e-05
166,10,0.000619509897660464,9.341704867438239e-07,0.00035247235791757703,1.4579952221538406e-05,5.666512606694596e-06,0.0,1.94858275790466e-05
167,10,0.0005366831901483238,6.575594397872919e-07,0.0003220544313080609,3.104850111412816e-05,6.048239356459817e-06,0.0,1.2244031495356467e-05
168,10,0.0005675132852047682,5.374937472879537e-07,0.00035502100945450366,3.795628435909748e-05,6.627163202210795e-06,0.0,1.0772686437121592e-05
169,10,0.0005200251471251249,5.375988507694274e-07,0.0003353077918291092,1.933844032464549e-05,6.156063591333805e-06,0.0,1.0328064490749966e-05
170,10,0.0005091539351269603,7.156608603509085e-07,0.0003144514630548656,2.568769923527725e-05,5.361402145354077e-06,0.0,1.1468506272649392e-05
171,10,0.0005199227016419172,8.8387497498843e-07,0.00031662589753977954,2.621823296067305e-05,5.080993560113711e-06,0.0,1.2538471310108434e-05
172,10,0.00046111756819300354,8.057166382968717e-07,0.0002946739550679922,1.2585656804731116e-05,5.013182999391574e-06,0.0,1.0292042134096846e-05
173,10,0.0004875010345131159,7.778904773658724e-07,0.0003220404905732721,2.4038945412030444e-05,4.962197181157535e-06,0.0,9.102172953134868e-06
174,10,0.0004634917131625116,8.439946554972266e-07,0.00031375567778013647,2.26445135922404e-05,4.372733656055061e-06,0.0,8.252018233179115e-06
175,10,0.00043948940583504736,1.0065431297334726e-06,0.00030931559740565717,9.333776688436046e-06,3.7126760616956744e-06,0.0,8.270671969512478e-06
176,10,0.0004516729386523366,1.0476196621311828e-06,0.0003178510523866862,1.053484265867155e-05,3.67475877283141e-06,0.0,8.549187441531103e-06
177,10,0.0004181397380307317,8.070324497566617e-07,0.00029869252466596663,9.60012857831316e-06,4.03951025873539e-06,0.0,6.8644967541331425e-06
178,10,0.00042713136645033956,6.111469588176988e-07,0.0003119817120023072,8.694370990269817e-06,4.520302354649175e-06,0.0,6.064111403247807e-06
179,10,0.0004171638283878565,5.950265062892868e-07,0.00029937337967567146,9.256432349502575e-06,4.621520020009484e-06,0.0,6.1723776525468566e-06
180,10,0.00039988913340494037,7.384318223557784e-07,0.0002872789336834103,7.6267929216555785e-06,4.142581474297913e-06,0.0,6.281914465944283e-06
181,10,0.0004045794776175171,8.481890745315468e-07,0.00029982937849126756,7.274459221662255e-06,3.473836386547191e-06,0.0,6.188906809256878e-06
182,10,0.0003860986907966435,7.633341283508344e-07,0.00029415980679914355,6.743545327481115e-06,3.0780154247622704e-06,0.0,5.365187007555505e-06
183,10,0.0003913671534974128,6.737507192156045e-07,0.0003042372700292617,6.997612217674032e-06,3.0342780519276857e-06,0.0,4.911573796562152e-06
184,10,0.00038148422027006745,6.901481697241252e-07,0.00029614503728225827,6.325853064481635e-06,3.0846699701214675e-06,0.0,4.747649654746056e-06
185,10,0.0003710330929607153,7.992825885594357e-07,0.00028103552176617086,6.4100736381078605e-06,3.2841221582202706e-06,0.0,4.994698883820092e-06
186,10,0.000378837576135993,8.478280619783618e-07,0.00028281527920626104,7.117225777619751e-06,3.457642833382124e-06,0.0,5.348082595446613e-06
187,10,0.00036524300230666995,7.260971415234962e-07,0.0002781105285976082,5.499383405549452e-06,3.2175544220081065e-06,0.0,4.8731444621807896e-06
188,10,0.0003649347345344722,6.129836833679292e-07,0.00028878141893073916,4.697317763202591e-06,2.8106530862714862e-06,0.0,4.273648301023059e-06
189,10,0.0003625031386036426,6.092849957894941e-07,0.0002923354913946241,4.698211796494434e-06,2.5894994450936792e-06,0.0,3.896516318491194e-06
190,10,0.00035731447860598564,6.861214956188633e-07,0.00028674720670096576,5.312883331498597e-06,2.579749434516998e-06,0.0,3.8770781429775525e-06
191,10,0.00035797152668237686,7.393532541755121e-07,0.00028582371305674314,5.437939307739725e-06,2.6555367185210343e-06,0.0,3.941514023608761e-06
192,10,0.0003498343867249787,6.835497288193437e-07,0.00027775196940638125,4.642995918402448e-06,2.751394958977471e-06,0.0,3.924190878024092e-06
193,10,0.0003525054198689759,6.10060965300363e-07,0.00027722539380192757,4.8062956921057776e-06,2.849044676622725e-06,0.0,4.137322775932262e-06
194,10,0.0003493380791042,5.887066549803421e-07,0.0002758659247774631,5.331425654730992e-06,2.8359852421999676e-06,0.0,3.9192182157421485e-06
195,10,0.00034565397072583437,6.148254101390194e-07,0.00027530372608453035,7.334002020797925e-06,2.7381697691453155e-06,0.0,3.501974333630642e-06
196,10,0.0003471481613814831,6.278854698393843e-07,0.00027896769461221993,7.855670446588192e-06,2.6194929887424223e-06,0.0,3.3501978577987757e-06
197,10,0.00034244960988871753,5.930830866418546e-07,0.00027867124299518764,5.469392817758489e-06,2.496704610166489e-06,0.0,3.2748855574027402e-06
198,10,0.00034321617567911744,5.734854653383081e-07,0.0002797482011374086,4.59713555756025e-06,2.4521823434042744e-06,0.0,3.3775550036807545e-06
199,10,0.00034086505183950067,6.094206810303149e-07,0.0002765758254099637,4.637218353309436e-06,2.5009778710227692e-06,0.0,3.4032791518257e-06
200,10,0.00033957866253331304,6.791171927034156e-07,0.00027457840042188764,5.6876183407439385e-06,2.574590325821191e-06,0.0,3.2887619454413652e-06
201,10,0.0003398050903342664,7.016158178885235e-07,0.0002749328559730202,7.322122655750718e-06,2.568282980064396e-06,0.0,3.116567540928372e-06
202,10,0.0003371579514350742,6.532221163979557e-07,0.00027508308994583786,6.663031399511965e-06,2.4814098651404493e-06,0.0,2.994450142068672e-06
203,10,0.00033782407990656793,6.121658202573599e-07,0.0002771267609205097,5.2468649300863035e-06,2.4164116894098697e-06,0.0,3.067415264013107e-06
204,10,0.00033552359673194587,6.23215328232618e-07,0.00027474405942484736,4.768613507621922e-06,2.418891654087929e-06,0.0,3.1198781016428256e-06
205,10,0.00033525339676998556,6.554091669386253e-07,0.0002731934655457735,4.869546501140576e-06,2.4818823476380203e-06,0.0,3.171614935126854e-06
206,10,0.00033499166602268815,6.453001333284192e-07,0.00027189371758140624,4.8584133764961734e-06,2.522376689739758e-06,0.0,3.2370480766985565e-06
207,10,0.0003334046923555434,5.977086061648151e-07,0.00027093777316622436,4.6871214181010146e-06,2.4880291675799526e-06,0.0,3.2301816190738464e-06
208,10,0.00033373828046023846,5.704825980501482e-07,0.0002722045173868537,4.94614323542919e-06,2.445121936034411e-06,0.0,3.156591446895618e-06
209,10,0.0003323855926282704,5.830212899127218e-07,0.000271228258498013,5.84210602028179e-06,2.444114898025873e-06,0.0,3.029108256669133e-06
210,10,0.00033248678664676845,6.116666213529243e-07,0.0002712468267418444,6.320993179542711e-06,2.4539265268685995e-06,0.0,2.976801170007093e-06
211,10,0.00033167010406032205,6.14628731909761e-07,0.0002710411208681762,5.360506293072831e-06,2.4306100385729223e-06,0.0,3.0347744086611783e-06
212,10,0.0003309923049528152,5.950236641183437e-07,0.00027075433172285557,4.3013415051973425e-06,2.4011681034608046e-06,0.0,3.132991423626663e-06
213,10,0.0003310001047793776,5.893600700801471e-07,0.0002709626278374344,4.22890070694848e-06,2.409697344774031e-06,0.0,3.1122237942327047e-06
214,10,0.00033009645994752645,6.101731173657754e-07,0.0002701297344174236,5.104819138068706e-06,2.4465127808070974e-06,0.0,2.9786619961669203e-06
215,10,0.0003301168617326766,6.315989367067232e-07,0.00026987490127794445,6.1171645029389765e-06,2.45404476117983e-06,0.0,2.895275883929571e-06
216,10,0.00032931490568444133,6.234274678718066e-07,0.00026949550374411047,5.901641998207197e-06,2.4024618596740765e-06,0.0,2.9269697279232787e-06
217,10,0.00032921525416895747,6.037586217644275e-07,0.0002694891591090709,5.093261734145926e-06,2.3433462956745643e-06,0.0,3.0595601856475696e-06
218,10,0.00032888579880818725,6.055454377928982e-07,0.00026924448320642114,4.919520506518893e-06,2.325721425222582e-06,0.0,3.0859048365527997e-06
219,10,0.00032830011332407594,6.247683472793142e-07,0.00026899020303972065,5.464756213768851e-06,2.3510710889240727e-06,0.0,2.9709660793741932e-06
220,10,0.0003282739780843258,6.284627147579158e-07,0.0002690214023459703,5.882046025362797e-06,2.3790814793756e-06,0.0,2.8951253625564277e-06
221,10,0.00032776081934571266,6.077688112782198e-07,0.000268837291514501,5.541835434996756e-06,2.3689306090091122e-06,0.0,2.9084608286211733e-06
222,10,0.00032761984039098024,5.928587825110299e-07,0.0002687842643354088,5.105555828777142e-06,2.341145318496274e-06,0.0,2.9725720196438488e-06
223,10,0.00032713357359170914,6.037743105480331e-07,0.0002679623430594802,5.199498446017969e-06,2.3340126062976196e-06,0.0,3.002782023031614e-06
224,10,0.0003269870358053595,6.265412935135828e-07,0.00026749225798994303,5.586585302808089e-06,2.3425579911418026e-06,0.0,2.9856039418518776e-06
225,10,0.0003267236752435565,6.344313874251384e-07,0.00026733821141533554,5.601732937066117e-06,2.3365903416561196e-06,0.0,2.9783393529214663e-06
226,10,0.0003263237013015896,6.264642706810264e-07,0.00026739612803794444,5.2121185944997706e-06,2.316300879101618e-06,0.0,2.9925984108558623e-06
227,10,0.00032622137223370373,6.227550670701021e-07,0.0002676568692550063,4.995181370759383e-06,2.308611556145479e-06,0.0,2.986043682540185e-06
228,10,0.0003258621727582067,6.298076300481625e-07,0.0002673746203072369,5.152674930286594e-06,2.315156280019437e-06,0.0,2.955349600597401e-06
229,10,0.0003256998024880886,6.33643765013403e-07,0.0002672454866115004,5.303544639900792e-06,2.3045176931191236e-06,0.0,2.9471964353433577e-06
230,10,0.00032536813523620367,6.212447374309704e-07,0.0002671810216270387,5.120468358654762e-06,2.2647584501100937e-06,0.0,2.979780674650101e-06
231,10,0.00032520064269192517,6.033316140019451e-07,0.00026719231391325593,4.931050625600619e-06,2.229652181995334e-06,0.0,3.0177411645126995e-06
232,10,0.000324955559335649,5.988911198073765e-07,0.00026697994326241314,5.140757821209263e-06,2.22993730858434e-06,0.0,2.9936588816781295e-06
233,10,0.000324691558489576,6.081417609493656e-07,0.00026653066743165255,5.555678399105091e-06,2.257396772620268e-06,0.0,2.9423074465739774e-06
234,10,0.0003245301777496934,6.136430101832957e-07,0.0002661700127646327,5.5521941249025986e-06,2.275925908179488e-06,0.0,2.9435072974592913e-06
235,10,0.00032425971585325897,6.078744263504632e-07,0.0002659682941157371,5.086879809823586e-06,2.265892362629529e-06,0.0,2.9937732506368775e-06
236,10,0.00032410555286332965,6.03148691880051e-07,0.00026595359668135643,4.799820544576505e-06,2.2459116735262796e-06,0.0,3.0289868391264463e-06
237,10,0.00032384798396378756,6.07607432812074e-07,0.0002658390440046787,5.0164667300123256e-06,2.2369290491042193e-06,0.0,3.001560116899782e-06
238,10,0.00032367848325520754,6.123469802332693e-07,0.0002657421864569187,5.423059519671369e-06,2.2349470327753806e-06,0.0,2.9551424631790724e-06
239,10,0.0003234574687667191,6.077741545595927e-07,0.0002656095311976969,5.476775641000131e-06,2.225430307589704e-06,0.0,2.950908083221293e-06
240,10,0.0003232676535844803,6.003234034324123e-07,0.000265548937022686,5.187670922168763e-06,2.21018467527756e-06,0.0,2.9828850074409274e-06
241,10,0.00032308290246874094,6.0082300024078e-07,0.00026548135792836547,4.992916728951968e-06,2.201636107201921e-06,0.0,2.9991479095770046e-06
242,10,0.000322876003338024,6.077392527004122e-07,0.00026542344130575657,5.03403907714528e-06,2.1987334548612125e-06,0.0,2.982345222335425e-06
243,10,0.0003227195702493191,6.107088097451197e-07,0.0002654711715877056,5.09028313899762e-06,2.1892010408919305e-06,0.0,2.965539124488714e-06
244,10,0.00032251185621134937,6.059152610760066e-07,0.0002654300769791007,5.027273800806142e-06,2.1731520973844454e-06,0.0,2.9717068628087873e-06
245,10,0.0003223532112315297,6.011083542034612e-07,0.00026522669941186905,5.005117145628901e-06,2.1661612663592678e-06,0.0,2.985865876325988e-06
246,10,0.0003221582737751305,6.030100507814495e-07,0.000264800270088017,5.132089881954016e-06,2.1748128347098827e-06,0.0,2.987478637805907e-06
247,10,0.0003219997161068022,6.073731242395297e-07,0.0002644423511810601,5.225170298217563e-06,2.1849361928616418e-06,0.0,2.987548896271619e-06
248,10,0.00032182116410695016,6.059866564100957e-07,0.0002643231418915093,5.097120720165549e-06,2.1806804397783708e-06,0.0,2.9988088954269188e-06
249,10,0.00032165474840439856,6.00450960064336e-07,0.00026440355577506125,4.90759202875779e-06,2.166493231925415e-06,0.0,3.0078228974161902e-06
250,10,0.00032149412436410785,5.988837870063435e-07,0.0002644561172928661,4.9228428906644695e-06,2.157232302124612e-06,0.0,2.9943969366286183e-06
251,10,0.0003202753432560712,5.700271117348166e-07,0.00026278028963133693,5.698281256627524e-06,2.0964503164577764e-06,0.0,3.0262256132118637e-06
252,10,0.0003164144291076809,5.371710471990809e-07,0.0002578712592367083,5.926940957579063e-06,1.9970677840319695e-06,0.0,3.210839622624917e-06
253,10,0.00031166255939751863,4.874351589023718e-07,0.00025108500267378986,6.197898073878605e-06,2.013789526245091e-06,0.0,3.375433607288869e-06
254,10,0.0003091934777330607,4.5980186769156717e-07,0.0002495099906809628,5.8904515753965825e-06,1.9471267478365917e-06,0.0,3.386196112842299e-06
255,10,0.00030529641662724316,4.59163231880666e-07,0.00024277826014440507,6.390368071151897e-06,2.045032033493044e-06,0.0,3.5218315588281257e-06
256,10,0.00030304311076179147,4.5658640601686784e-07,0.00023660575971007347,7.05052616467583e-06,2.135599515895592e-06,0.0,3.7574272937490605e-06
257,10,0.00030084955506026745,4.875416266258981e-07,0.0002360243524890393,6.2874869399820454e-06,2.147230588889215e-06,0.0,3.657786919575301e-06
258,10,0.0002992639201693237,4.5259884018378216e-07,0.00023388539557345212,6.562114776897943e-06,2.1168154944462003e-06,0.0,3.719564347193227e-06
259,10,0.00029818498296663165,4.600910301633121e-07,0.00023203591990750283,6.424230832635658e-06,2.076961209240835e-06,0.0,3.849513177556219e-06
260,10,0.0002956907555926591,4.7456575202886597e-07,0.0002268804091727361,6.812128049205057e-06,1.9579970285121817e-06,0.0,4.1943671931221616e-06
261,10,0.00029299434390850365,4.7299965899583185e-07,0.00022239181271288544,7.781734893796965e-06,1.7994234440266155e-06,0.0,4.435357823240338e-06
262,10,0.0002912876079790294,4.983805297342769e-07,0.0002217699511675164,7.403285508189583e-06,1.7497209228167776e-06,0.0,4.411878308019368e-06
263,10,0.0002894559293054044,5.430969736153202e-07,0.00021650460257660598,8.772525688982569e-06,1.818150394683471e-06,0.0,4.545421234070091e-06
264,10,0.0002882845583371818,5.551497110900527e-07,0.0002167549537261948,9.05093111214228e-06,1.7584269471626612e-06,0.0,4.433923550095642e-06
265,10,0.00028540086350403726,5.170824692868337e-07,0.00021099738660268486,1.0735137948358897e-05,1.7026211480697384e-06,0.0,4.612504199030809e-06
266,10,0.00028286423184908926,5.342112672224175e-07,0.00021149299573153257,1.0287979421264026e-05,1.6689519952706178e-06,0.0,4.38595270679798e-06
267,10,0.00028080883203074336,5.375102887228422e-07,0.00021227648539934307,9.969864549930207e-06,1.6276492260658415e-06,0.0,4.174849891569465e-06
268,10,0.00027901155408471823,5.530970383915701e-07,0.0002117964468197897,1.0564587682893034e-05,1.6649322560624569e-06,0.0,3.944810032407986e-06
269,10,0.0002766951220110059,6.168137929307704e-07,0.00021000442211516201,1.0544906217546668e-05,1.7389146478308248e-06,0.0,3.813982630163082e-06
270,10,0.0002751770371105522,6.063300475034339e-07,0.00020931079052388668,1.0551719242357649e-05,1.746988687045814e-06,0.0,3.7238296499708667e-06
271,10,0.0002738874754868448,5.802922373732144e-07,0.00020913375192321837,1.013418659567833e-05,1.7442379203203018e-06,0.0,3.6596884456230327e-06
272,10,0.0002722869976423681,6.421805096579192e-07,0.0002072015340672806,1.0844749340321869e-05,1.727722064970294e-06,0.0,3.6321330298960675e-06
273,10,0.00026997632812708616,6.479259582192753e-07,0.00020512286573648453,1.134025205828948e-05,1.7696635268293903e-06,0.0,3.516865945130121e-06
274,10,0.0002672061382327229,5.958021347396425e-07,0.00019998010247945786,1.1489406460896134e-05,1.8200854583483306e-06,0.0,3.693996859510662e-06
275,10,0.00026521008112467825,6.078446403989801e-07,0.00019754067761823535,1.1379273018974345e-05,1.8093996914103627e-06,0.0,3.7588281429634662e-06
276,10,0.00026136753149330616,6.698497259094438e-07,0.00019040606275666505,1.1863173313031439e-05,1.9097471977147507e-06,0.0,3.933098469133256e-06
277,10,0.0002584411413408816,6.044234623914235e-07,0.00018880316929426044,1.1209918739041314e-05,1.8308295466340496e-06,0.0,3.951531198254088e-06
278,10,0.00025625602575019,6.049238550076552e-07,0.00018732540775090456,1.0990957889589481e-05,1.818580017243221e-06,0.0,3.91489447792992e-06
279,10,0.0002533291990403086,6.7113728619006e-07,0.00018660671776160598,1.039443213812774e-05,1.761667135724565e-06,0.0,3.804023890552344e-06
280,10,0.0002493005886208266,6.152010314508516e-07,0.00018326236749999225,9.85772658168571e-06,1.7385714272677433e-06,0.0,3.817957349383505e-06
281,10,0.0002453144115861505,6.615907750529004e-07,0.00017781712813302875,9.545488865114748e-06,1.8447561842549476e-06,0.0,3.884263151121559e-06
282,10,0.00024158370797522366,5.421696869234438e-07,0.00017806049436330795,8.317105312016793e-06,1.7513508510091924e-06,0.0,3.7150421121623367e-06
283,10,0.00023871776647865772,5.953867230346077e-07,0.00017655444389674813,8.250616701843683e-06,1.7683778423815966e-06,0.0,3.5633543120638933e-06
284,10,0.000236442792811431,6.099136271586758e-07,0.00017354029114358127,8.402340426982846e-06,1.830818746384466e-06,0.0,3.558206799425534e-06
285,10,0.0002337766345590353,5.680343519998132e-07,0.0001695600221864879,9.040116310643498e-06,1.8674599004953052e-06,0.0,3.593385144995409e-06
286,10,0.000232346064876765,6.334659019557876e-07,0.00016700585547368973,9.594987204764038e-06,1.95074494513392e-06,0.0,3.5604314234660706e-06
287,10,0.00023051990137901157,5.757864300903748e-07,0.00016376202984247357,9.949088962457608e-06,2.0068155208718963e-06,0.0,3.616484491431038e-06
288,10,0.00022847234504297376,5.699999405806011e-07,0.00016089700511656702,1.0083958841278218e-05,2.0655488697229885e-06,0.0,3.6265912513044896e-06
289,10,0.00022687549062538892,5.690509965461388e-07,0.00015885084576439112,1.0168420885747764e-05,2.031817075476283e-06,0.0,3.6968990571040194e-06
290,10,0.00022492907010018826,6.16732279468124e-07,0.00015628838445991278,1.0140980521100573e-05,1.986327561098733e-06,0.0,3.8019682051526615e-06
291,10,0.0002232659753644839,5.926395942879026e-07,0.0001537198550067842,1.0247858881484717e-05,2.037028934864793e-06,0.0,3.8335319914040156e-06
292,10,0.00022084418742451817,5.910505365136487e-07,0.00015043403254821897,1.0379670129623264e-05,2.073001269309316e-06,0.0,3.8709422369720414e-06
293,10,0.00021851541532669216,5.900593009755539e-07,0.0001497682387707755,9.790782314667013e-06,2.0332074655016186e-06,0.0,3.803426352533279e-06
294,10,0.00021691201254725456,5.813768666484975e-07,0.0001481144572608173,9.962179319700226e-06,2.065065928036347e-06,0.0,3.7603344935632776e-06
295,10,0.00021458585979416966,5.590960086010455e-07,0.00014692213153466582,1.0059637133963406e-05,1.9505837371980306e-06,0.0,3.7539152799581643e-06
296,10,0.0002115051611326635,5.106371645524632e-07,0.00014742600615136325,9.388250873598736e-06,1.7737157804731396e-06,0.0,3.644309572337079e-06
297,10,0.00020927985315211117,5.002523266739445e-07,0.00014735986769665033,8.94987260835478e-06,1.6301306686727912e-06,0.0,3.616856020016712e-06
298,10,0.00020524958381429315,4.956273755851726e-07,0.00014255373389460146,1.0217823728453368e-05,1.5657084304621094e-06,0.0,3.6325322980701458e-06
299,10,0.00020265512284822762,5.402238798524195e-07,0.00013872933050151914,1.0788446161313914e-05,1.581284664098348e-06,0.0,3.678426992337336e-06
300,10,0.00020022799435537308,5.176698891773412e-07,0.00013849428796675056,1.0330931218049955e-05,1.4728842643307871e-06,0.0,3.6156270653009415e-06
301,20,0.01053089089691639,8.166948646248784e-06,0.0016073596198111773,0.0003951764665544033,0.0003914285625796765,0.0,0.0004605902067851275
302,20,0.047297701239585876,0.0001287843333557248,0.02522425539791584,0.005731628742069006,0.00037330982740968466,0.0,0.0012479936704039574
303,20,0.019841505214571953,1.5138307389861438e-05,0.010691022500395775,0.001483516301959753,0.0002813902101479471,0.0,0.0004837926826439798
304,20,0.0653025358915329,8.321492350660264e-05,0.05111803486943245,0.00338775129057467,0.00016153432079590857,0.0,0.0009098190348595381
305,20,0.04933372884988785,5.542374856304377e-05,0.035638101398944855,0.0023715386632829905,0.00010429902613395825,0.0,0.0010225671576336026
306,20,0.018427163362503052,3.623504380811937e-05,0.008552050217986107,0.0038645470049232244,0.00015770284517202526,0.0,0.0004397302691359073
307,20,0.026005811989307404,0.00013186229625716805,0.018381932750344276,0.003438798012211919,0.0001338274305453524,0.0,0.00027149420930072665
308,20,0.014183808118104935,4.451242784853093e-05,0.007480690721422434,0.0012649139389395714,0.00019912993593607098,0.0,0.0003402391739655286
309,20,0.03718774765729904,6.599343760171905e-05,0.02313658967614174,0.002533235587179661,0.0001225682208314538,0.0,0.0010226245503872633
310,20,0.04345541447401047,0.0001033010776154697,0.02639836072921753,0.0018838027026504278,0.0003154872392769903,0.0,0.0011915077921003103
311,20,0.02539714053273201,3.9200149331009015e-05,0.012696588411927223,0.0018846127204596996,0.0003688098513521254,0.0,0.0007088641868904233
312,20,0.01740145869553089,4.1066094127018005e-05,0.006932553369551897,0.0033583366312086582,0.00019901111954823136,0.0,0.0005079390830360353
313,20,0.02081596665084362,4.871960845775902e-05,0.013881899416446686,0.001064116251654923,0.00014814629685133696,0.0,0.0004339769366197288
314,20,0.020056169480085373,2.411347668385133e-05,0.005800145678222179,0.0021243926603347063,0.00029191459179855883,0.0,0.0009188371477648616
315,20,0.014707466587424278,3.369382829987444e-05,0.010159322991967201,0.0005168966599740088,8.422695100307465e-05,0.0,0.00031552830478176475
316,20,0.014817528426647186,8.804027856967878e-06,0.005703609436750412,0.0013342183083295822,0.0001764687040122226,0.0,0.0006006209296174347
317,20,0.01854497753083706,1.2517941286205314e-05,0.009489304386079311,0.002197215799242258,0.0002282207424286753,0.0,0.0004563731490634382
318,20,0.008884187787771225,1.6354881154256873e-05,0.0046861255541443825,0.0011728829704225063,0.0001187613233923912,0.0,0.00018212111899629235
319,20,0.015206885524094105,4.017081664642319e-05,0.009992867708206177,0.0009218447958119214,0.00015899355639703572,0.0,0.00026620671269483864
320,20,0.01133764162659645,1.6945343304541893e-05,0.0034108231775462627,0.0013622246915474534,0.00017199547437485307,0.0,0.00048276939196512103
321,20,0.014837922528386116,8.916903425415512e-06,0.011497324332594872,0.0003717888321261853,4.8109304771060124e-05,0.0,0.00024788003065623343
322,20,0.01016571931540966,1.3257978025649209e-05,0.006988063920289278,0.0008752656867727637,6.767304876120761e-05,0.0,0.0001612401392776519
323,20,0.015041040256619453,3.8230351492529735e-05,0.010632079094648361,0.000854945566970855,9.077513095689937e-05,0.0,0.00026080323732458055
324,20,0.015106518752872944,3.268378713983111e-05,0.01100245863199234,0.0005516171222552657,0.00010218933311989531,0.0,0.00024978656438179314
325,20,0.009456997737288475,1.4032970284461044e-05,0.006394042167812586,0.0006292947218753397,7.690416532568634e-05,0.0,0.0001650586345931515
326,20,0.0074023110792040825,1.0174369890592061e-05,0.005660276859998703,0.00028432486578822136,4.3314248614478856e-05,0.0,0.00010143929102923721
327,20,0.009139777161180973,1.838684329413809e-05,0.0052848090417683125,0.0012195799499750137,9.097922884393483e-05,0.0,0.00017072090122383088
328,20,0.008428665809333324,1.6880749171832576e-05,0.005480562336742878,0.0009927350329235196,6.772094639018178e-05,0.0,0.00012612786667887121
329,20,0.005264360457658768,6.769569154130295e-06,0.0028835975099354982,0.00020985079754609615,2.5220742827514187e-05,0.0,0.00019119353964924812
330,20,0.005899018608033657,5.804604825243587e-06,0.003414840903133154,0.000251076853601262,5.13119412062224e-05,0.0,0.00017141767602879554
331,20,0.006609665229916573,1.4119986190053169e-05,0.004064434207975864,0.0005398372304625809,6.719644443364814e-05,0.0,0.00013193093764130026
332,20,0.005575701128691435,1.5410694686579518e-05,0.0034258109517395496,0.0005811845767311752,5.214456177782267e-05,0.0,0.00010318495333194733
333,20,0.002854702528566122,5.179580057301791e-06,0.0017606018809601665,0.00013364155893214047,3.0098632123554125e-05,0.0,6.542931805597618e-05
334,20,0.0058874571695923805,1.0764839316834696e-05,0.0038552116602659225,0.00024326088896486908,3.848575579468161e-05,0.0,0.00013933621812611818
335,20,0.004053790122270584,1.1689944585668854e-05,0.0021809821482747793,0.0004997478099539876,3.738083614734933e-05,0.0,9.875615069177002e-05
336,20,0.003394690342247486,1.1958929462707601e-05,0.002323671244084835,0.0003211777366232127,2.037095146079082e-05,0.0,5.341729774954729e-05
337,20,0.0032518692314624786,6.332928478514077e-06,0.002171022119000554,0.00022182887187227607,2.5529581762384623e-05,0.0,5.973894803901203e-05
338,20,0.004165776539593935,4.4520893425215036e-06,0.0025902041234076023,0.00036044942680746317,3.705721246660687e-05,0.0,8.400989463552833e-05
339,20,0.002614297205582261,6.820333510404453e-06,0.0013346780324354768,0.00017019487859215587,2.793776184262242e-05,0.0,8.232262189267203e-05
340,20,0.0030716618057340384,1.0837362424354069e-05,0.002210459439083934,6.888050847919658e-05,2.2080566850490868e-05,0.0,5.606787817669101e-05
341,20,0.0023924361448735,5.29076987731969e-06,0.0015107886865735054,0.00023065102868713439,2.0696230421890505e-05,0.0,4.387434819363989e-05
342,20,0.0033568849321454763,3.856605871987995e-06,0.00240889098495245,0.00023346728994511068,2.6622821678756736e-05,0.0,4.444417209015228e-05
343,20,0.0018121970351785421,4.7867497414699756e-06,0.0010349131189286709,0.00011415057815611362,2.5027298761415295e-05,0.0,4.080736471223645e-05
344,20,0.0027029660996049643,8.628204341221135e-06,0.001941376132890582,9.16220378712751e-05,2.0674895495176315e-05,0.0,4.545907358988188e-05
345,20,0.0020853104069828987,5.1758506742771715e-06,0.001238142023794353,0.00013263574510347098,2.0514182324404828e-05,0.0,5.042149859946221e-05
346,20,0.002291835378855467,2.400079210929107e-06,0.00131427519954741,0.00021840271074324846,2.361825136176776e-05,0.0,5.2057472203159705e-05
347,20,0.0019638468511402607,2.951018359453883e-06,0.0011764534283429384,0.00021557982836384326,1.737161073833704e-05,0.0,3.95146562368609e-05
348,20,0.0019766564946621656,6.426132586057065e-06,0.0013479229528456926,0.00016618285735603422,1.3141855561116245e-05,0.0,3.2470605219714344e-05
349,20,0.0018754544435068965,6.576380201295251e-06,0.0011878833174705505,0.00014914970961399376,1.3690458217752166e-05,0.0,3.9494050724897534e-05
350,20,0.0018833780195564032,4.212366548017599e-06,0.0012779004173353314,9.79024771368131e-05,1.4914912753738463e-05,0.0,3.5421366192167625e-05
351,20,0.0017271930119022727,3.1407757887791377e-06,0.001226390479132533,5.2317896916065365e-05,1.6530524590052664e-05,0.0,2.800386573653668e-05
352,20,0.0016815867274999619,4.1834346120595e-06,0.0011192646343261003,8.379229984711856e-05,1.6304145901813172e-05,0.0,3.113050479441881e-05
353,20,0.0016844453057274222,4.414698651089566e-06,0.0011066707083955407,8.130564674502239e-05,1.6559468349441886e-05,0.0,3.2645966712152585e-05
354,20,0.0015927578788250685,3.5798025237454567e-06,0.0009382759453728795,4.5533335651271045e-05,1.6650343241053633e-05,0.0,4.388652087072842e-05
355,20,0.00161462789401412,3.28081296174787e-06,0.0010462627978995442,3.840333374682814e-05,1.2939906810061075e-05,0.0,3.972820195485838e-05
356,20,0.0013804251793771982,3.818377990683075e-06,0.0009378820541314781,7.539556099800393e-05,1.1125184755655937e-05,0.0,2.5207731596310623e-05
357,20,0.0016483789077028632,5.009641427022871e-06,0.0011644858168438077,8.584211173001677e-05,1.2828243598050904e-05,0.0,2.6475896447664127e-05
358,20,0.0013668882893398404,3.910481609636918e-06,0.0009637573966756463,4.5950997446198016e-05,1.1521252417878713e-05,0.0,2.380568730586674e-05
359,20,0.0014529339969158173,4.0365816857956816e-06,0.0010257231770083308,4.4894924940308556e-05,1.2019314453937113e-05,0.0,2.5808629288803786e-05
360,20,0.001357922563329339,4.543428985925857e-06,0.0008913231431506574,4.0345737943425775e-05,1.391471869283123e-05,0.0,2.8256308723939583e-05
361,20,0.0014494326896965504,4.790061211679131e-06,0.0009943078039214015,5.1481070840964094e-05,1.3831129763275385e-05,0.0,2.60542565229116e-05
362,20,0.001293472247198224,3.718389052664861e-06,0.000900802668184042,5.947985846432857e-05,1.0943792403850239e-05,0.0,2.2003339836373925e-05
363,20,0.0013268832117319107,3.143381945847068e-06,0.0009839312406256795,4.051053474540822e-05,9.300979399995413e-06,0.0,2.0628824131563306e-05
364,20,0.0013245290610939264,3.9557949094159994e-06,0.0009577576420269907,3.989608012489043e-05,1.0244073564535938e-05,0.0,2.204788506787736e-05
365,20,0.0013278075493872166,5.006270384910749e-06,0.0009769817115738988,4.196139707346447e-05,1.0559993825154379e-05,0.0,1.982580215553753e-05
366,20,0.0012128794332966208,4.419325250637485e-06,0.000883289729245007,4.078289930475876e-05,1.018201783153927e-05,0.0,1.8256727344123647e-05
367,20,0.0012926170602440834,3.622180884121917e-06,0.0009106764919124544,4.7631747293053195e-05,1.192064428323647e-05,0.0,2.1148020096006803e-05
368,20,0.0012620995985344052,3.909644419763936e-06,0.0008698306628502905,4.139228622079827e-05,1.2427915862645023e-05,0.0,2.226878859801218e-05
369,20,0.0012236203765496612,4.812869065062841e-06,0.0008731824345886707,3.227509660064243e-05,1.0803661098179873e-05,0.0,2.0531339032459073e-05
370,20,0.0012120958417654037,4.616672867996385e-06,0.0008919358369894326,3.302226105006412e-05,9.377841706736945e-06,0.0,1.8874259694712237e-05
371,20,0.0012224484235048294,3.5945590752817225e-06,0.000912993389647454,3.7405530747491866e-05,8.894147867977154e-06,0.0,1.7951353584066965e-05
372,20,0.0012231196742504835,3.4322888495808e-06,0.000916485209017992,4.1125949792331085e-05,8.988119589048438e-06,0.0,1.721950866340194e-05
373,20,0.0011640769662335515,4.2629144445527345e-06,0.0008572479709982872,3.756706428248435e-05,9.49659624893684e-06,0.0,1.700330903986469e-05
374,20,0.001197547186166048,4.922943389829015e-06,0.0008672541589476168,3.2119187380885705e-05,1.088161843654234e-05,0.0,1.844346843427047e-05
375,20,0.0011829676805064082,4.495510438573547e-06,0.000836415565572679,3.306213329778984e-05,1.1644739061011933e-05,0.0,1.9254714061389677e-05
376,20,0.0011726137017831206,3.954035037168069e-06,0.0008481087279506028,3.5100583772873506e-05,1.0614835446176585e-05,0.0,1.7930202375282533e-05
377,20,0.0011521000415086746,4.109688688913593e-06,0.0008544824668206275,3.517305231071077e-05,9.298222721554339e-06,0.0,1.6535264876438305e-05
378,20,0.0011669043451547623,4.425993665790884e-06,0.0008736230665817857,3.645445394795388e-05,9.069457519217394e-06,0.0,1.6170621165656485e-05
379,20,0.0011501124827191234,4.225688371661818e-06,0.0008486816077493131,3.614563320297748e-05,9.200659405905753e-06,0.0,1.6905300071812235e-05
380,20,0.0011504247086122632,4.037885901198024e-06,0.0008480548858642578,3.309879684820771e-05,9.3806911536376e-06,0.0,1.7142623619292863e-05
381,20,0.0011313395807519555,4.16481316278805e-06,0.0008264727075584233,3.293301415396854e-05,9.691977538750507e-06,0.0,1.7084923456422985e-05
382,20,0.0011483250418677926,4.3833065319631714e-06,0.000833698664791882,3.333839777042158e-05,1.0089694114867598e-05,0.0,1.760077429935336e-05
383,20,0.0011254808632656932,4.286659532226622e-06,0.0008177543641068041,3.167168324580416e-05,1.0104909051733557e-05,0.0,1.707191222521942e-05
384,20,0.0011327248066663742,4.246583102940349e-06,0.0008363796514458954,3.177711914759129e-05,9.784767826204188e-06,0.0,1.624737706151791e-05
385,20,0.0011180768487975001,4.342402917245636e-06,0.0008309604017995298,3.3134918339783326e-05,9.408574442204554e-06,0.0,1.5555335266981274e-05
386,20,0.0011262244079262018,4.382692623039475e-06,0.0008380095823667943,3.715203274623491e-05,9.253390999219846e-06,0.0,1.541462006571237e-05
387,20,0.0011147797340527177,4.166945927863708e-06,0.0008257550070993602,3.561527410056442e-05,9.333885827800259e-06,0.0,1.5590363545925356e-05
388,20,0.001113608363084495,4.134637492825277e-06,0.0008192950044758618,3.177810140186921e-05,9.73726582742529e-06,0.0,1.6102783774840645e-05
389,20,0.0011090619955211878,4.3917457333009224e-06,0.0008097574464045465,3.159073457936756e-05,1.0004658179241233e-05,0.0,1.632754720048979e-05
390,20,0.001110833720304072,4.51180449090316e-06,0.0008166460320353508,3.1447718356503174e-05,9.784828762349207e-06,0.0,1.6037987734307535e-05
391,20,0.0011017328361049294,4.2626916183508e-06,0.0008151881629601121,3.134228245471604e-05,9.38416997087188e-06,0.0,1.5709802028140984e-05
392,20,0.001103120855987072,4.090687980351504e-06,0.0008208342478610575,3.202960579073988e-05,9.23776224226458e-06,0.0,1.537887510494329e-05
393,20,0.001098389271646738,4.2888291318377014e-06,0.0008147329208441079,3.286340142949484e-05,9.32758212002227e-06,0.0,1.5322828403441235e-05
394,20,0.0010994409676641226,4.504482603806537e-06,0.0008133523515425622,3.2107491279020905e-05,9.467104064242449e-06,0.0,1.54805547936121e-05
395,20,0.0010914062149822712,4.323077519075014e-06,0.0008039533859118819,3.057948197238147e-05,9.528850569040515e-06,0.0,1.5726172932772897e-05
396,20,0.0010940751526504755,4.081403403688455e-06,0.0008035044884309173,3.061238749069162e-05,9.57903375820024e-06,0.0,1.600865289219655e-05
397,20,0.0010901341447606683,4.188703314866871e-06,0.0008021749090403318,3.07141053781379e-05,9.527367183181923e-06,0.0,1.5778276065248065e-05
398,20,0.001088021439500153,4.470103249332169e-06,0.0008057193481363356,3.1297448003897443e-05,9.406416211277246e-06,0.0,1.5247040209942497e-05
399,20,0.0010854110587388277,4.484358669287758e-06,0.000806150259450078,3.206241672160104e-05,9.301787031290587e-06,0.0,1.4969608855608385e-05
400,20,0.0010852523846551776,4.292783160053659e-06,0.0008075040532276034,3.188800474163145e-05,9.18567366170464e-06,0.0,1.497108405601466e-05
401,20,0.001056015957146883,4.606453785527265e-06,0.0007720405119471252,3.632964217104018e-05,9.45638839766616e-06,0.0,1.4847548300167546e-05
402,20,0.0010168791050091386,3.7684446851926623e-06,0.000743622425943613,4.992391768610105e-05,6.692339866276598e-06,0.0,1.526409869256895e-05
403,20,0.0009763572015799582,4.363711013866123e-06,0.0006867576157674193,4.8774734750622883e-05,7.286472282430623e-06,0.0,1.6359643268515356e-05
404,20,0.0009509072988294065,3.5061098060396034e-06,0.00067408278118819,4.430046465131454e-05,6.628708888456458e-06,0.0,1.6273086657747626e-05
405,20,0.0009290101588703692,3.4330789731029654e-06,0.0006536190630868077,4.289869684726e-05,6.640033006988233e-06,0.0,1.6265898011624813e-05
406,20,0.0009064031182788312,3.5435298286756733e-06,0.0006359905819408596,4.002285277238116e-05,6.423986633308232e-06,0.0,1.626062839932274e-05
407,20,0.0008742806385271251,3.3806827559601516e-06,0.0006154722068458796,4.451260610949248e-05,5.824444997415412e-06,0.0,1.5267065464286134e-05
408,20,0.0008501553675159812,3.6068447570869466e-06,0.00059127266285941,4.9117581511382014e-05,5.513220457942225e-06,0.0,1.5102609722816851e-05
409,20,0.0008251825347542763,3.5653511076816358e-06,0.0005693891434930265,5.1064220315311104e-05,6.011779987602495e-06,0.0,1.4104602996667381e-05
410,20,0.0008046866278164089,3.391704012756236e-06,0.000558790226932615,5.3786417993251234e-05,6.015305643813917e-06,0.0,1.2856517059844919e-05
411,20,0.0007831725524738431,3.719111873579095e-06,0.0005489523755386472,4.9154532462125644e-05,6.641579602728598e-06,0.0,1.1493073543533683e-05
412,20,0.0007576494826935232,3.776652874876163e-06,0.0005392881575971842,4.964691834175028e-05,6.030410531820962e-06,0.0,1.0463364560564514e-05
413,20,0.000739212438929826,3.877261860907311e-06,0.0005292746354825795,4.743131285067648e-05,6.123273124103434e-06,0.0,9.739646884554531e-06
414,20,0.0007260268903337419,3.668416638902272e-06,0.000526387826539576,4.509526479523629e-05,5.621519449050538e-06,0.0,9.466012670600321e-06
415,20,0.0007104598334990442,3.6763651678484166e-06,0.0005202066386118531,4.416895899339579e-05,5.394211711973185e-06,0.0,8.846579476085026e-06
416,20,0.0006966438959352672,3.943438969145063e-06,0.0005116400425322354,4.6395471144933254e-05,5.485418114403728e-06,0.0,7.981073395058047e-06
417,20,0.0006823398289270699,3.7131901535758516e-06,0.0005013927584514022,4.676996832131408e-05,5.092133051221026e-06,0.0,7.954255124786869e-06
418,20,0.0006711229798384011,3.5936245694756508e-06,0.0004941317602060735,4.4028252887073904e-05,5.01644353789743e-06,0.0,7.92049104347825e-06
419,20,0.0006602585199289024,3.5641817248688312e-06,0.0004924631793983281,4.3324544094502926e-05,4.921477284369757e-06,0.0,7.16918611942674e-06
420,20,0.0006458259886130691,3.827562068181578e-06,0.0004838909371756017,4.408243330544792e-05,5.0587468649609946e-06,0.0,6.343760560412193e-06
421,20,0.0006369868060573936,3.5687314721144503e-06,0.00048151006922125816,4.4348995288601145e-05,4.64195045424276e-06,0.0,6.113950348662911e-06
422,20,0.0006294054328463972,3.5271557408123044e-06,0.00047672027722001076,4.453916335478425e-05,4.717292085842928e-06,0.0,5.744590453105047e-06
423,20,0.0006181415519677103,3.360930350027047e-06,0.00046730905887670815,4.464043740881607e-05,4.4843527575721964e-06,0.0,5.798759957542643e-06
424,20,0.0006087156943976879,3.673731271192082e-06,0.00045588210923597217,4.298102066968568e-05,4.482058102439623e-06,0.0,6.13582369624055e-06
425,20,0.0005985801108181477,3.5515192848833976e-06,0.00045007048174738884,4.271403304301202e-05,4.244968295097351e-06,0.0,5.979440174996853e-06
426,20,0.0005858740769326687,3.6101980640523834e-06,0.00044661533320322633,3.981714689871296e-05,4.131551577302162e-06,0.0,5.451587639981881e-06
427,20,0.0005710494006052613,3.612978844103054e-06,0.00043880846351385117,3.755257785087451e-05,4.336765869084047e-06,0.0,4.7707726480439305e-06
428,20,0.0005598810967057943,3.7002200770075433e-06,0.00043458121945150197,3.6634228308685124e-05,4.045908553962363e-06,0.0,4.450636424735421e-06
429,20,0.0005496044177561998,3.5474854485073593e-06,0.00042690138798207045,3.652508166851476e-05,4.198835085844621e-06,0.0,4.064207132614683e-06
430,20,0.0005378163768909872,3.45153353009664e-06,0.00041678379056975245,3.6863792047370225e-05,4.1869743654388e-06,0.0,3.8847483665449545e-06
431,20,0.0005241039325483143,3.3398455343558453e-06,0.0004085474938619882,3.665486292447895e-05,3.9339975046459585e-06,0.0,3.6221795198798645e-06
432,20,0.0005126368487253785,3.3660614917607745e-06,0.0003943066985812038,3.698118598549627e-05,4.283458110876381e-06,0.0,3.5148291317455005e-06
433,20,0.0005035491194576025,3.2147170259122504e-06,0.0003873831301461905,3.7688310840167105e-05,4.298681233194657e-06,0.0,3.227611841793987e-06
434,20,0.0004933524178341031,3.1644472073821817e-06,0.0003795614466071129,3.7585548852803186e-05,4.367292604001705e-06,0.0,2.9368045488809003e-06
435,20,0.00048361311201006174,3.2297532470693113e-06,0.0003696339554153383,3.866114639095031e-05,4.441672444954747e-06,0.0,2.7671537736750906e-06
436,20,0.0004703118756879121,3.2892032777454006e-06,0.00035011189174838364,3.920363451470621e-05,4.856552550336346e-06,0.0,2.9141597224224824e-06
437,20,0.00045782848610542715,3.430331162235234e-06,0.0003355045919306576,4.096968041267246e-05,5.070814495411469e-06,0.0,2.7215751288167667e-06
438,20,0.00044770544627681375,3.397436785235186e-06,0.0003261979727540165,4.1548715671524405e-05,4.9000682338373736e-06,0.0,2.756061576292268e-06
439,20,0.00043308507883921266,3.2831069347594166e-06,0.0003161639906466007,4.056304169353098e-05,4.682493454311043e-06,0.0,2.6250027076457627e-06
440,20,0.00042142701568081975,3.297228658993845e-06,0.00030484652961604297,4.1486920963507146e-05,4.539250767265912e-06,0.0,2.640380671437015e-06
441,20,0.00040926807560026646,3.239310672142892e-06,0.00029632513178512454,3.926304998458363e-05,4.363734205981018e-06,0.0,2.6803240871231537e-06
442,20,0.0003973235434386879,3.1920735636958852e-06,0.0002815418702084571,3.91772118746303e-05,4.717180672741961e-06,0.0,2.624057970024296e-06
443,20,0.00038351077819243073,3.1194306302495534e-06,0.00026950647588819265,4.041126521769911e-05,4.539076144283172e-06,0.0,2.5082804313569795e-06
444,20,0.00037041204632259905,3.0355342914845096e-06,0.0002582392480690032,3.907521386281587e-05,4.440804332261905e-06,0.0,2.565400563980802e-06
445,20,0.0003573109570425004,2.641279024828691e-06,0.00024286781263072044,3.9374339394271374e-05,4.563577022054233e-06,0.0,2.679177669051569e-06
446,20,0.0003475164412520826,2.7828270958707435e-06,0.00023793628497514874,3.9760867366567254e-05,4.423085556481965e-06,0.0,2.2805616026744246e-06
447,20,0.0003343118296470493,2.6584561965137254e-06,0.00023092026822268963,3.760676190722734e-05,4.277565039956244e-06,0.0,2.0350710201455513e-06
448,20,0.0003245761035941541,2.5715673928061733e-06,0.00022702162095811218,3.383859075256623e-05,4.143322257732507e-06,0.0,1.971108758880291e-06
449,20,0.00031155458418652415,2.3180903099273564e-06,0.00021925507462583482,3.173642107867636e-05,4.05583841711632e-06,0.0,1.7686619457890629e-06
450,20,0.00029696765705011785,2.442242475808598e-06,0.00020944775315001607,3.010576438100543e-05,3.781303576033679e-06,0.0,1.7158861282950966e-06
451,30,0.07918891310691833,1.3338739336177241e-05,0.00813380815088749,0.02778482809662819,0.003993603866547346,0.0,0.0003320906253065914
452,30,0.047567401081323624,4.245143281877972e-05,0.011899829842150211,0.015314565040171146,0.0004708141786977649,0.0,0.0015602414496243
453,30,0.0885191410779953,8.188706124201417e-05,0.028712129220366478,0.01489859726279974,0.0010850144317373633,0.0,0.0033976384438574314
454,30,0.055805470794439316,3.1114665034692734e-05,0.016578195616602898,0.010881077498197556,0.0016303518787026405,0.0,0.001201156061142683
455,30,0.09836655855178833,0.0001269940403290093,0.03190618008375168,0.020124314352869987,0.001328301732428372,0.0,0.003292605746537447
456,30,0.08586341142654419,9.321635297965258e-05,0.027096759527921677,0.015441996045410633,0.0011337519390508533,0.0,0.003189391689375043
457,30,0.04808666557073593,8.55288453749381e-05,0.01872740127146244,0.008449186570942402,0.0008262404589913785,0.0,0.00125621457118541
458,30,0.04529368132352829,7.348052895395085e-05,0.01115108747035265,0.00929523166269064,0.0008072665659710765,0.0,0.0016701215645298362
459,30,0.051821451634168625,0.0001456490281270817,0.02383319102227688,0.008413262665271759,0.0006958587910048664,0.0,0.0012470758520066738
460,30,0.03654193505644798,0.00012709159636870027,0.01685401052236557,0.008251440711319447,0.0003831149369943887,0.0,0.0007478243205696344
461,30,0.04821324348449707,0.00011126163008157164,0.0241486057639122,0.008323236368596554,0.00036048528272658587,0.0,0.001202528947032988
462,30,0.048923641443252563,0.00012450380017980933,0.025754794478416443,0.00628673518076539,0.0006270764279179275,0.0,0.0010486843530088663
463,30,0.035830363631248474,8.614965190645307e-05,0.009643860161304474,0.008204330690205097,0.000664368795696646,0.0,0.001125233480706811
464,30,0.025382358580827713,4.267679832992144e-05,0.011821088381111622,0.006282155867666006,0.0002395763003733009,0.0,0.0004840675392188132
465,30,0.03712631016969681,4.647982132155448e-05,0.01719529554247856,0.004196726251393557,0.0003687431162688881,0.0,0.0012000380083918571
466,30,0.03698750585317612,5.543637234950438e-05,0.010598271153867245,0.005085007753223181,0.00042122084414586425,0.0,0.0017036583740264177
467,30,0.01989632472395897,1.7642996681388468e-05,0.007884608581662178,0.003917708992958069,0.00031245211721397936,0.0,0.0004951843875460327
468,30,0.013232395052909851,1.2544754099508282e-05,0.0033521451987326145,0.0021707371342927217,0.0004024349036626518,0.0,0.0003672617895063013
469,30,0.05516241118311882,6.80239827488549e-05,0.026708006858825684,0.006917254999279976,0.00012250817962922156,0.0,0.0020244047045707703
470,30,0.05656160041689873,4.8393569159088656e-05,0.025729916989803314,0.008546914905309677,0.00037982763024047017,0.0,0.0018438096158206463
471,30,0.033736445009708405,0.00011481192632345483,0.01693296805024147,0.006079297047108412,0.000577362603507936,0.0,0.0004835741419810802
472,30,0.0585886612534523,0.0001027437174343504,0.03904365375638008,0.006439045537263155,0.0004274500533938408,0.0,0.0008728720713406801
473,30,0.03760600462555885,6.408899935195222e-05,0.021430829539895058,0.004447255749255419,0.0003237233613617718,0.0,0.0008426596177741885
474,30,0.044961825013160706,0.00015785220602992922,0.03248327970504761,0.004194322507828474,0.00018619014008436352,0.0,0.0006264470866881311
475,30,0.04862402379512787,0.0001787030923878774,0.030690621584653854,0.00439793337136507,0.0002732305438257754,0.0,0.00106244592461735
476,30,0.035707153379917145,0.0001023557415464893,0.014380631037056446,0.003226828295737505,0.0004005730152130127,0.0,0.0013991605956107378
477,30,0.024054840207099915,1.6045441952883266e-05,0.01170848123729229,0.0030732040759176016,0.0003797766112256795,0.0,0.000545934250112623
478,30,0.04299011826515198,0.0001272048830287531,0.026932349428534508,0.003964952193200588,0.0002801282098516822,0.0,0.000916432763915509
479,30,0.015943966805934906,6.492119428003207e-05,0.007965464144945145,0.0021508594509214163,0.00015301005623769015,0.0,0.00042326204129494727
480,30,0.08545834571123123,0.000126282888231799,0.06215565279126167,0.007828859612345695,0.00019052962306886911,0.0,0.0013442249037325382
481,30,0.10837338864803314,0.00016175587370526046,0.07795731723308563,0.008695823140442371,0.00024521126761101186,0.0,0.0019106371328234673
482,30,0.019956547766923904,2.5997578632086515e-05,0.01100770104676485,0.001265930593945086,0.00025495156296528876,0.0,0.0005107402103021741
483,30,0.10051773488521576,0.00038993143243715167,0.061046212911605835,0.01168337743729353,0.0005264227511361241,0.0,0.0022133984602987766
484,30,0.14673426747322083,0.0006541672628372908,0.0772772952914238,0.021113693714141846,0.0006392140057869256,0.0,0.004129697568714619
485,30,0.07600042223930359,0.000409244850743562,0.035172238945961,0.011648648418486118,0.0004645460285246372,0.0,0.0024124833289533854
486,30,0.04726249724626541,8.258759044110775e-05,0.03651272505521774,0.0019957604818046093,0.00039902396383695304,0.0,0.00046811861102469265
487,30,0.07134215533733368,4.812351107830182e-05,0.04099950194358826,0.008963708765804768,0.0003336793160997331,0.0,0.001799402292817831
488,30,0.04312703758478165,7.35598587198183e-05,0.013713190332055092,0.008947598747909069,0.00030072068329900503,0.0,0.0017385482788085938
489,30,0.049757350236177444,0.00019228775636292994,0.0406898558139801,0.0015028167981654406,0.00039249041583389044,0.0,0.000344748463248834
490,30,0.042867597192525864,0.0001703824964351952,0.024739211425185204,0.004028335213661194,0.00039856386138126254,0.0,0.000994403031654656
491,30,0.031287781894207,5.044374483986758e-05,0.011842806823551655,0.0051881494000554085,0.00035594860673882067,0.0,0.0010646894806995988
492,30,0.03550396114587784,3.408523480175063e-05,0.03049207478761673,0.001018530922010541,0.0001944779942277819,0.0,0.00020144930749665946
493,30,0.014183701947331429,2.6151366910198703e-05,0.00578797422349453,0.0030313730239868164,0.00013723094889428467,0.0,0.0003965893993154168
494,30,0.03877211734652519,0.0001758950820658356,0.03171638026833534,0.0013175195781514049,0.0003031895903404802,0.0,0.0002530429046601057
495,30,0.03491104021668434,0.00015507591888308525,0.026483168825507164,0.001055143540725112,0.00029478443320840597,0.0,0.0004269805795047432
496,30,0.01744319126009941,2.1572413970716298e-05,0.007222022861242294,0.003246241481974721,0.0001330396335106343,0.0,0.0005622958415187895
497,30,0.020934339612722397,1.978196632990148e-05,0.015357013791799545,0.0005928828031755984,0.00013810876407660544,0.0,0.0003583573270589113
498,30,0.016343288123607635,5.748143667005934e-05,0.005784676875919104,0.003410557983443141,9.912701352732256e-05,0.0,0.0006099301972426474
499,30,0.011729349382221699,7.016900781309232e-05,0.007715809158980846,0.0014613192761316895,8.705495565664023e-05,0.0,0.0001611502084415406
500,30,0.016964027658104897,2.0623694581445307e-05,0.008353617042303085,0.0023883467074483633,9.542935731587932e-05,0.0,0.0005247146473266184
501,30,0.01203195657581091,1.5154784705373459e-05,0.005827216897159815,0.0022461526095867157,7.04577614669688e-05,0.0,0.0003238854988012463
502,30,0.020841332152485847,7.677972462261096e-05,0.014121188782155514,0.00210083881393075,0.00010469600965734571,0.0,0.00034955653245560825
503,30,0.022188890725374222,6.932980613783002e-05,0.009671141393482685,0.0037361111026257277,0.0001515052281320095,0.0,0.0007197256782092154
504,30,0.011137638241052628,3.26019071508199e-05,0.00851351860910654,0.00039957600529305637,0.0001071748774847947,0.0,0.00011201933375559747
505,30,0.011251673102378845,1.9339104255777784e-05,0.004876728635281324,0.0013966767583042383,8.583501039538532e-05,0.0,0.0004100578080397099
506,30,0.014290202409029007,4.167113729636185e-05,0.011141981929540634,0.0002723845245782286,0.0001080000220099464,0.0,0.00017541648412588984
507,30,0.007301758974790573,2.6180659915553406e-05,0.004336668644100428,0.0006776037043891847,3.8546284486074e-05,0.0,0.00018758427177090198
508,30,0.018482742831110954,2.4927236154326238e-05,0.015316300094127655,0.00024032579676713794,0.0001385294453939423,0.0,0.00015158952737692744
509,30,0.012797611765563488,2.1841720808879472e-05,0.008147470653057098,0.0007243973086588085,0.00010331085650250316,0.0,0.000287079339614138
510,30,0.016458887606859207,6.603966176044196e-05,0.012897281907498837,0.0007745664333924651,8.03562143119052e-05,0.0,0.00019174374756403267
511,30,0.015018340200185776,5.81914464419242e-05,0.01118481159210205,0.000857821898534894,8.771405555307865e-05,0.0,0.00020403752569109201
512,30,0.015454154461622238,3.352761996211484e-05,0.00961330160498619,0.0016198253724724054,6.802913412684575e-05,0.0,0.00035072091850452125
513,30,0.012688776478171349,1.4713335076521616e-05,0.00915602594614029,0.0009929514490067959,0.00010222488344879821,0.0,0.00015028365305624902
514,30,0.01667797565460205,6.086666326154955e-05,0.00999363698065281,0.002290493343025446,5.763872104580514e-05,0.0,0.0003756590886041522
515,30,0.014463260769844055,6.119789031799883e-05,0.010330689139664173,0.0017447249265387654,4.595054633682594e-05,0.0,0.0001867143582785502
516,30,0.010445177555084229,2.1273832317092456e-05,0.0065490915440022945,0.0014756364980712533,3.661748633021489e-05,0.0,0.00020330013649072498
517,30,0.008292526006698608,1.2097942999389488e-05,0.005951897241175175,0.0007856750162318349,2.4288236090797e-05,0.0,0.0001299973373534158
518,30,0.013900725170969963,5.192156822886318e-05,0.009155133739113808,0.0015455392422154546,6.494682747870684e-05,0.0,0.0002498662506695837
519,30,0.011161968111991882,4.133607217227109e-05,0.006824813783168793,0.0014107177266851068,6.322635454125702e-05,0.0,0.00022528368572238833
520,30,0.01221186202019453,1.5580897525069304e-05,0.009392822161316872,0.0006214998429641128,5.7096323871519417e-05,0.0,0.0001610996259842068
521,30,0.011630470864474773,2.0171655705780722e-05,0.0072676255367696285,0.0016169615555554628,4.9344067519996315e-05,0.0,0.00022322713630273938
522,30,0.010913374833762646,4.601782711688429e-05,0.008701642043888569,0.0005093527142889798,5.564192542806268e-05,0.0,0.00010999428195646033
523,30,0.008970385417342186,3.289683081675321e-05,0.006105627398937941,0.0007472860743291676,3.543224011082202e-05,0.0,0.0001730252697598189
524,30,0.01266775093972683,1.4948948773962911e-05,0.009867391549050808,0.000574908684939146,7.826150249456987e-05,0.0,0.00014278871822170913
525,30,0.01027517206966877,1.777121542545501e-05,0.007585085462778807,0.00033625776995904744,5.466293805511668e-05,0.0,0.00017894287884701043
526,30,0.010759716853499413,4.4347245420794934e-05,0.008796444162726402,0.0007378064910881221,4.6272420149762183e-05,0.0,7.183950947364792e-05
527,30,0.009006360545754433,4.129743319936097e-05,0.006718371529132128,0.00042578912689350545,5.088543184683658e-05,0.0,0.00013120484072715044
528,30,0.012000351212918758,1.2935533050040249e-05,0.00995270162820816,0.000625330489128828,4.015890590380877e-05,0.0,0.00010077954357257113
529,30,0.009718558751046658,1.4222371646610554e-05,0.007664035074412823,0.00043839641148224473,5.687908924301155e-05,0.0,0.00010331132216379046
530,30,0.011191779747605324,5.1517232350306585e-05,0.009031550027430058,0.0006641139625571668,3.975394065491855e-05,0.0,0.00010470587585587054
531,30,0.01037861593067646,4.8292571591446176e-05,0.008634242229163647,0.0005387685960158706,4.35121837654151e-05,0.0,7.22190088708885e-05
532,30,0.008006898686289787,1.0942701919702813e-05,0.006256481632590294,0.0004342340398579836,2.8120439310441725e-05,0.0,0.00010240358096780255
533,30,0.006364926695823669,1.0287490113114472e-05,0.005255197640508413,0.0002563208981882781,2.3429256543749943e-05,0.0,6.0882826801389456e-05
534,30,0.013225720264017582,5.43242713320069e-05,0.010611621662974358,0.000974609109107405,4.024315785500221e-05,0.0,0.00011827331763925031
535,30,0.01205051876604557,4.932910087518394e-05,0.009652320295572281,0.0008211068925447762,3.399704655748792e-05,0.0,0.0001187791713164188
536,30,0.006490715313702822,1.0492552974028513e-05,0.005200979765504599,0.0003681614180095494,3.095728243351914e-05,0.0,6.015081817167811e-05
537,30,0.005245491396635771,9.62165358942002e-06,0.004061494488269091,0.00028461654437705874,2.1206062228884548e-05,0.0,6.776982627343386e-05
538,30,0.01416234951466322,5.562971637118608e-05,0.011448398232460022,0.0010459815384820104,5.739650805480778e-05,0.0,0.00010383752669440582
539,30,0.012148480862379074,4.841616828343831e-05,0.009607585147023201,0.001069991267286241,4.2672076233429834e-05,0.0,9.9576820502989e-05
540,30,0.0065070586279034615,8.731033631192986e-06,0.005101294256746769,0.000249501463258639,4.3220847146585584e-05,0.0,7.15323185431771e-05
541,30,0.00576343247666955,7.48445927456487e-06,0.004326376598328352,0.00045968350605107844,2.876570579246618e-05,0.0,6.822303839726374e-05
542,30,0.011813306249678135,4.849282413488254e-05,0.009906050749123096,0.0005263509228825569,4.7725916374474764e-05,0.0,8.551522478228435e-05
543,30,0.009638460353016853,4.232786159263924e-05,0.007829600013792515,0.0006839957786723971,4.010811971966177e-05,0.0,6.814556400058791e-05
544,30,0.008307469077408314,1.3824505003867671e-05,0.007013675291091204,0.00025712736533023417,3.427844058023766e-05,0.0,6.800573464715853e-05
545,30,0.007882594130933285,1.0132490388059523e-05,0.006532831117510796,0.000317631900543347,3.7548961699940264e-05,0.0,6.465094338636845e-05
546,30,0.00835543405264616,3.791477138292976e-05,0.006880057975649834,0.00038395816227421165,2.9191498470027e-05,0.0,7.61587725719437e-05
547,30,0.0069286213256418705,3.319637835375033e-05,0.005989533849060535,0.000282063614577055,2.7884649171028286e-05,0.0,3.4498101740609854e-05
548,30,0.01017532218247652,1.7213140381500125e-05,0.008023088797926903,0.0005366058903746307,4.262784932507202e-05,0.0,0.00011721362534444779
549,30,0.009220819920301437,1.3478957953338977e-05,0.007735391613095999,0.00027482627774588764,4.357161378720775e-05,0.0,7.614068454131484e-05
550,30,0.007018836680799723,3.152135104755871e-05,0.005171171855181456,0.0005631668609566987,2.763681550277397e-05,0.0,9.766079892870039e-05
551,30,0.0022812997922301292,1.1004666703229304e-05,0.0018599906470626593,8.73773533385247e-05,1.339944083156297e-05,0.0,1.889327722892631e-05
552,30,0.0020270030945539474,1.250951117981458e-05,0.001541044912301004,0.00010043081420008093,1.450568379368633e-05,0.0,2.2796099074184895e-05
553,30,0.0019020201871171594,1.2858979062002618e-05,0.0014406610280275345,0.00010089008719660342,1.5002055079094134e-05,0.0,1.9758956113946624e-05
554,30,0.0018083852482959628,1.2262816198926885e-05,0.0013630288885906339,8.479828829877079e-05,1.533818976895418e-05,0.0,1.949133729794994e-05
555,30,0.001732079079374671,1.2769010027113836e-05,0.0013001258485019207,9.411620703758672e-05,1.427278129995102e-05,0.0,1.8234011804452166e-05
556,30,0.0016683052526786923,1.325200264545856e-05,0.001201752689667046,9.534342825645581e-05,1.6885031072888523e-05,0.0,1.8910681319539435e-05
557,30,0.0015880645951256156,1.2055907063768245e-05,0.001173705793917179,9.614317968953401e-05,1.486338624090422e-05,0.0,1.5752584658912383e-05
558,30,0.0015247480478137732,1.2861663890362252e-05,0.0011317229364067316,9.198371844831854e-05,1.593841807334684e-05,0.0,1.2879548194177914e-05
559,30,0.0014719609171152115,1.1901697689609136e-05,0.0010914591839537024,9.168463293462992e-05,1.564077683724463e-05,0.0,1.2050749319314491e-05
560,30,0.0014196705305948853,1.1609974535531364e-05,0.0010608731536194682,8.646630158182234e-05,1.538358992547728e-05,0.0,1.0688524525903631e-05
561,30,0.001380075584165752,1.206521483254619e-05,0.0010334595572203398,8.821250958135352e-05,1.4814881069469266e-05,0.0,9.818940270633902e-06
562,30,0.001348524005152285,1.1236611499043647e-05,0.001005282741971314,9.12757168407552e-05,1.414497455698438e-05,0.0,9.927923201757949e-06
563,30,0.0013078140327706933,1.1104018994956277e-05,0.0009725442505441606,9.244756802218035e-05,1.4386650036612991e-05,0.0,8.7851612988743e-06
564,30,0.0012725588167086244,1.1294644536974374e-05,0.0009503331384621561,9.05276247067377e-05,1.436008642485831e-05,0.0,7.680258022446651e-06
565,30,0.0012383521534502506,1.1388069651729893e-05,0.0009179248590953648,9.388142643729225e-05,1.4410516087082215e-05,0.0,7.1052568273444194e-06
566,30,0.0012108165537938476,1.0986429515469354e-05,0.0008880466339178383,9.358442184748128e-05,1.4936883417249192e-05,0.0,6.883024070702959e-06
567,30,0.001179164624772966,1.149092258856399e-05,0.0008707634988240898,9.249635331798345e-05,1.4250374078983441e-05,0.0,6.191013198986184e-06
568,30,0.0011468888260424137,1.0359942280047107e-05,0.0008497959352098405,9.553730342304334e-05,1.340806466032518e-05,0.0,5.711498488381039e-06
569,30,0.0011185844196006656,1.080423407984199e-05,0.0008274331921711564,0.00010231421765638515,1.2675342986767646e-05,0.0,5.127933491166914e-06
570,30,0.0010815325658768415,1.1196595551155042e-05,0.0007896910537965596,0.00010878678585868329,1.244594113813946e-05,0.0,4.739877113024704e-06
571,30,0.0010463250800967216,1.0987772839143872e-05,0.0007480931817553937,0.00012184098159195855,1.2093379154975992e-05,0.0,4.44694205725682e-06
572,30,0.001018208684399724,1.1189588803972583e-05,0.000713441229891032,0.00011968753824476153,1.3075448805466294e-05,0.0,4.313587851356715e-06
573,30,0.0009814446093514562,1.1421629096730612e-05,0.000681227829772979,0.00011901515972567722,1.2743011211568955e-05,0.0,4.234987954987446e-06
574,30,0.0009433090453967452,1.0654681318555959e-05,0.0006374779623001814,0.0001205961816594936,1.316468660661485e-05,0.0,4.293335678084986e-06
575,30,0.0009028816712088883,1.1184989489265718e-05,0.0006101413746364415,0.00011549570626812056,1.2237402188475244e-05,0.0,4.368555892142467e-06
576,30,0.00086319784168154,1.0243626093142666e-05,0.0005878630327060819,0.00010582303366390988,1.1957424248976167e-05,0.0,3.969387762481347e-06
577,30,0.0008323132060468197,1.0554711479926482e-05,0.0005617240676656365,0.00010367554205004126,1.1637974239420146e-05,0.0,3.997913154307753e-06
578,30,0.000803992326837033,1.0581534297671169e-05,0.0005388747085817158,9.856925316853449e-05,1.1596530384849757e-05,0.0,4.000152785010869e-06
579,30,0.0007668805192224681,1.0537707566982135e-05,0.0005053638014942408,0.00010266253229929134,1.0851630577235483e-05,0.0,3.98001839130302e-06
580,30,0.000740558432880789,1.0205555554421153e-05,0.0004936640034429729,9.658487397246063e-05,9.84013604465872e-06,0.0,4.170272404735442e-06
581,30,0.000715406727977097,1.0699657650548033e-05,0.0004800906463060528,8.647142385598272e-05,9.821036655921489e-06,0.0,3.993466634710785e-06
582,30,0.0006940541788935661,1.0266579920426011e-05,0.00047485134564340115,7.775577250868082e-05,9.205286914948374e-06,0.0,3.912763986591017e-06
583,30,0.0006774889188818634,1.0895522791543044e-05,0.0004649888724088669,7.265352178364992e-05,9.17033503355924e-06,0.0,3.7247609725454822e-06
584,30,0.000663099461235106,9.93316643871367e-06,0.00046313548227772117,6.756145012332126e-05,8.540763701603282e-06,0.0,3.7061718103359453e-06
585,30,0.0006447863415814936,9.892325579130556e-06,0.00044996957876719534,6.500399467768148e-05,8.265992619271856e-06,0.0,3.726047907548491e-06
586,30,0.0006306312861852348,9.93471621768549e-06,0.0004404963692650199,6.261296948650852e-05,8.218228686018847e-06,0.0,3.5404921163717518e-06
587,30,0.0006128596141934395,9.791869160835631e-06,0.0004301915760152042,5.8585974329616874e-05,8.02561771706678e-06,0.0,3.4034026157314656e-06
588,30,0.0005924010765738785,9.693321771919727e-06,0.00042432700865902007,5.388152567320503e-05,7.000628102105111e-06,0.0,3.4492945815145504e-06
589,30,0.0005741954082623124,9.933465662470553e-06,0.00041333152330480516,5.162300658412278e-05,6.7105847847415134e-06,0.0,3.2201587600866333e-06
590,30,0.0005575544200837612,9.219418643624522e-06,0.0003985054499935359,5.039256939198822e-05,6.668210517091211e-06,0.0,3.2754833227954805e-06
591,30,0.0005400819354690611,9.99407893687021e-06,0.00038025667890906334,4.709617860498838e-05,7.012228252278874e-06,0.0,3.261268147980445e-06
592,30,0.0005144269671291113,1.0256190762447659e-05,0.0003659767971839756,4.8177626013057306e-05,5.856059033249039e-06,0.0,3.1455747375730425e-06
593,30,0.0004918046179227531,1.0952422599075362e-05,0.0003521658363752067,4.5906268496764824e-05,5.299308213579934e-06,0.0,2.978699285449693e-06
594,30,0.00047230636118911207,1.0685529559850693e-05,0.00033912944491021335,4.196165900793858e-05,5.11159259986016e-06,0.0,2.9413774882414145e-06
595,30,0.0004516750341281295,1.1031162102881353e-05,0.00032191164791584015,4.183416604064405e-05,4.727997293230146e-06,0.0,2.961808149848366e-06
596,30,0.0004354938864707947,1.1123414878966287e-05,0.0003049423103220761,3.99516211473383e-05,5.004724698665086e-06,0.0,2.9429306778183673e-06
597,30,0.00041828586836345494,1.1611863556026947e-05,0.0002954103983938694,3.774718425120227e-05,4.332067419454688e-06,0.0,3.019575842699851e-06
598,30,0.00040412048110738397,1.1921259101654869e-05,0.0002828856522683054,3.694485712912865e-05,4.21871300204657e-06,0.0,3.018157940459787e-06
599,30,0.0003949995734728873,1.2643396985367872e-05,0.0002731329877860844,3.662459857878275e-05,4.31248736276757e-06,0.0,2.9473701488313964e-06
600,30,0.0003835559473372996,1.2925411283504218e-05,0.00026151767815463245,3.5227174521423876e-05,4.365564564068336e-06,0.0,3.023003728230833e-06
601,40,0.08401738852262497,8.236351277446374e-05,0.002643094165250659,0.009691541083157063,0.006823618896305561,0.0,0.00033642034395597875
602,40,0.07133357226848602,8.948992763180286e-05,0.006363066378980875,0.04219513759016991,0.000965927611105144,0.0,0.0013026604428887367
603,40,0.09829458594322205,7.195506623247638e-05,0.016057061031460762,0.04681238904595375,0.0016285533783957362,0.0,0.0019067649263888597
604,40,0.06377197057008743,6.043355824658647e-05,0.014389951713383198,0.01912999525666237,0.0018763919360935688,0.0,0.0011427667923271656
605,40,0.1121167540550232,5.783507731393911e-05,0.006765719503164291,0.08656170219182968,0.0009009470813907683,0.0,0.0009722025715745986
606,40,0.08917856961488724,6.64724939269945e-05,0.0050805481150746346,0.06030216068029404,0.0010872621787711978,0.0,0.0012856769608333707
607,40,0.055219992995262146,4.4271579099586233e-05,0.006245224736630917,0.025544336065649986,0.0012108265655115247,0.0,0.0011277897283434868
608,40,0.062359727919101715,1.5546980648650788e-05,0.004938334226608276,0.033545397222042084,0.0012959334999322891,0.0,0.001090111443772912
609,40,0.03146994113922119,9.984746611735318e-06,0.00454105855897069,0.012423796579241753,0.0007408491219393909,0.0,0.0007086610421538353
610,40,0.039945583790540695,1.9384775441722013e-05,0.004362144507467747,0.030435534194111824,0.00037522133789025247,0.0,0.00013763074821326882
611,40,0.03140018880367279,3.858546551782638e-05,0.00588292395696044,0.0074796839617192745,0.00115210039075464,0.0,0.000647798995487392
612,40,0.03902943432331085,2.7760448574554175e-05,0.006151827052235603,0.021737130358815193,0.0008183269528672099,0.0,0.00029294443083927035
613,40,0.02125830203294754,3.57416138285771e-05,0.005224722903221846,0.008117497898638248,0.00038935645716264844,0.0,0.0003986775118391961
614,40,0.03794381767511368,3.192418807884678e-05,0.0036730433348566294,0.02494313381612301,0.0005399794317781925,0.0,0.000389592518331483
615,40,0.030591009184718132,3.4930963010992855e-05,0.003710345597937703,0.015618456527590752,0.0007514439057558775,0.0,0.00037128361873328686
616,40,0.02680206671357155,2.890908763220068e-05,0.0036702987272292376,0.016940191388130188,0.0003587822138797492,0.0,0.0002574845275375992
617,40,0.022014407441020012,3.064272095798515e-05,0.004590458702296019,0.013764534145593643,0.00017342747014481574,0.0,0.00018944959447253495
618,40,0.015793684870004654,5.098107794765383e-05,0.004043870139867067,0.00684299785643816,0.00030486987088806927,0.0,0.00018071377417072654
619,40,0.027555840089917183,2.4588511223555543e-05,0.005018324125558138,0.016048036515712738,0.00017982516146730632,0.0,0.00046666391426697373
620,40,0.021018510684370995,3.317729715490714e-05,0.004646655172109604,0.010522568598389626,0.0002986386534757912,0.0,0.0002829722361639142
621,40,0.017274001613259315,1.3917902833782136e-05,0.00417259382084012,0.007666884455829859,0.0003397463297005743,0.0,0.00020231411326676607
622,40,0.017634127289056778,2.3234961190610193e-05,0.004856173414736986,0.007257180754095316,0.00024093316460493952,0.0,0.0003088205703534186
623,40,0.01761525496840477,2.128426422132179e-05,0.0033784324768930674,0.006599565502256155,0.00031556791509501636,0.0,0.00044602929847314954
624,40,0.009907559491693974,3.2058018405223265e-05,0.002410423941910267,0.003911888226866722,0.00015655589231755584,0.0,0.00019876303849741817
625,40,0.01523709949105978,5.695666550309397e-05,0.00434536999091506,0.003249485744163394,0.0001591110194567591,0.0,0.0005994177190586925
626,40,0.017064422369003296,2.2940555936656892e-05,0.003840236458927393,0.004957018420100212,0.0002668880915734917,0.0,0.0005575346294790506
627,40,0.01224643923342228,1.765532033459749e-05,0.00351232523098588,0.005434127990156412,8.832814637571573e-05,0.0,0.00023990495537873358
628,40,0.01212652213871479,2.319395207450725e-05,0.0037289082538336515,0.004076289013028145,0.000168989718076773,0.0,0.0002608234353829175
629,40,0.012875220738351345,8.627179340692237e-06,0.0036570571828633547,0.0061467355117201805,0.0001844085636548698,0.0,0.00012187148240627721
630,40,0.009560109116137028,2.5593091777409427e-05,0.002888666233047843,0.003344467841088772,0.000156811744091101,0.0,0.00017332646530121565
631,40,0.017828911542892456,1.9717343093361706e-05,0.003674399806186557,0.007022642530500889,0.000153743865666911,0.0,0.0005574712995439768
632,40,0.014850065112113953,3.3889875339809805e-05,0.002847135066986084,0.008920692838728428,0.00014537881361320615,0.0,0.00015945594350341707
633,40,0.01852395199239254,4.182339762337506e-05,0.0039665233343839645,0.007777913939207792,0.00015035938122309744,0.0,0.0005234097479842603
634,40,0.029582832008600235,2.0099971152376384e-05,0.004303084220737219,0.020151272416114807,0.00020180224964860827,0.0,0.00030903518199920654
635,40,0.009898652322590351,2.7708667403203435e-05,0.0036456380039453506,0.0036267058458179235,6.452640809584409e-05,0.0,0.00019533357408363372
636,40,0.0223750788718462,3.960268077207729e-05,0.005150832235813141,0.011035116389393806,0.0001612179185030982,0.0,0.00045373497414402664
637,40,0.026143070310354233,2.0157816834398545e-05,0.0033422154374420643,0.0176780316978693,0.00017693817790132016,0.0,0.00033332829480059445
638,40,0.016165703535079956,3.632477455539629e-05,0.0035770598333328962,0.00515866931527853,0.0001721229200484231,0.0,0.0005672420375049114
639,40,0.018023522570729256,4.960878868587315e-05,0.0024322103708982468,0.00885779783129692,0.00016495001909788698,0.0,0.0005034406203776598
640,40,0.01998016983270645,3.911241583409719e-05,0.0046497127041220665,0.00930621474981308,8.317403262481093e-05,0.0,0.0005153390811756253
641,40,0.010458690114319324,1.4650374396296684e-05,0.0019119292264804244,0.004056411329656839,7.818332233000547e-05,0.0,0.0003693866019602865
642,40,0.025949254631996155,3.785662556765601e-05,0.009630603715777397,0.0072063785046339035,8.496972441207618e-05,0.0,0.0008224717457778752
643,40,0.02745090425014496,3.3927990443771705e-05,0.006625342648476362,0.012504532001912594,0.00015245388203766197,0.0,0.0006762561970390379
644,40,0.0164039209485054,5.126270480104722e-05,0.0038446926046162844,0.005623704753816128,0.0001544996484881267,0.0,0.000533926475327462
645,40,0.016268257051706314,2.7423700885265134e-05,0.0055346558801829815,0.002912964904680848,0.00011281164915999398,0.0,0.0006665095570497215
646,40,0.01437234878540039,2.6120507754967548e-05,0.0024579002056270838,0.0070791360922157764,0.00013039256737101823,0.0,0.00035052650491707027
647,40,0.01422267034649849,6.349829345708713e-05,0.005715804174542427,0.0034853722900152206,0.00011123689182568341,0.0,0.00038456261972896755
648,40,0.00981434341520071,3.552783891791478e-05,0.0025203400291502476,0.003642820520326495,0.00011116670066257939,0.0,0.000250398792559281
649,40,0.01645011268556118,1.5029906535346527e-05,0.009375669993460178,0.0027810935862362385,8.194665133487433e-05,0.0,0.00034588517155498266
650,40,0.012475930154323578,1.2962425898876972e-05,0.006603591609746218,0.0022589818108826876,5.111975042382255e-05,0.0,0.0003089197271037847
651,40,0.012054761871695518,7.396714499918744e-05,0.007511759642511606,0.0017989795887842774,8.848590368870646e-05,0.0,0.00017851962184067816
652,40,0.011975092813372612,6.606039823964238e-05,0.006895705591887236,0.00188768794760108,8.194641850423068e-05,0.0,0.00023061741376295686
653,40,0.009533237665891647,1.118555519497022e-05,0.004571283236145973,0.0020729643292725086,8.895093196770176e-05,0.0,0.00019882955530192703
654,40,0.00701921759173274,9.850611604633741e-06,0.003748463001102209,0.0013520478969439864,4.1154195059789345e-05,0.0,0.00014973137876950204
655,40,0.014536354690790176,6.929635856067762e-05,0.008263848721981049,0.00284427497535944,0.00011002543760696426,0.0,0.0002258680178783834
656,40,0.013036703690886497,6.335132638923824e-05,0.006384012755006552,0.0025683774147182703,0.00013476607273332775,0.0,0.000267330149654299
657,40,0.008581270463764668,1.7509197277831845e-05,0.005128547083586454,0.0007171070901677012,5.2026574849151075e-05,0.0,0.00021978409495204687
658,40,0.00978709477931261,2.0519817553577013e-05,0.005364864598959684,0.0009506955393590033,6.904885958647355e-05,0.0,0.00027605259674601257
659,40,0.007113879546523094,4.24968711740803e-05,0.0032493395265191793,0.0012619112385436893,3.7864650948904455e-05,0.0,0.00021814853243995458
660,40,0.006991835776716471,3.086881770286709e-05,0.0032176345121115446,0.0010618006344884634,3.3055588573915884e-05,0.0,0.00023509757011197507
661,40,0.006589012686163187,8.550554412067868e-06,0.0026914654299616814,0.0010308929486200213,4.1043702367460355e-05,0.0,0.00024476664839312434
662,40,0.005032850429415703,2.2316417016554624e-05,0.002010235097259283,0.001231093774549663,3.939676389563829e-05,0.0,0.00013752371887676418
663,40,0.009640583768486977,3.599663614295423e-05,0.0032441988587379456,0.0019704510923475027,6.0466754803201184e-05,0.0,0.00037852692184969783
664,40,0.005549234338104725,2.483206299075391e-05,0.0019932903815060854,0.001292143133468926,6.027549898135476e-05,0.0,0.00016362135647796094
665,40,0.020870070904493332,4.8156438424484804e-05,0.007004718296229839,0.0036995154805481434,8.041891851462424e-05,0.0,0.0009313490008935332
666,40,0.02432425320148468,4.197509406367317e-05,0.007255194708704948,0.005125269293785095,0.00010428697714814916,0.0,0.0010858944151550531
667,40,0.0049940054304897785,1.0313033271813765e-05,0.0017987173050642014,0.0007950515137054026,4.867617826675996e-05,0.0,0.00019031617557629943
668,40,0.022296030074357986,7.449024997185916e-05,0.007434997707605362,0.0043501295149326324,9.793763456400484e-05,0.0,0.0009457035339437425
669,40,0.026113778352737427,8.525378507329151e-05,0.00735584506765008,0.00553201325237751,0.00016570716979913414,0.0,0.0011483595008030534
670,40,0.01024322398006916,3.895642657880671e-05,0.002010527066886425,0.0017576192039996386,0.00016955393948592246,0.0,0.0004740581498481333
671,40,0.016233151778578758,1.6237390809692442e-05,0.006062022875994444,0.0027996108401566744,6.724546256009489e-05,0.0,0.0006682825624011457
672,40,0.019640419632196426,1.0249292245134711e-05,0.003967428579926491,0.0033666924573481083,0.0001756440760800615,0.0,0.0010539608774706721
673,40,0.014213476330041885,3.675976404338144e-05,0.0045670452527701855,0.003309716936200857,0.00022135552717372775,0.0,0.0004086398985236883
674,40,0.008116014301776886,4.021988206659444e-05,0.0022502136416733265,0.002086284104734659,7.105505937943235e-05,0.0,0.00030287454137578607
675,40,0.0139395697042346,2.040433173533529e-05,0.005263050086796284,0.0024400486145168543,0.000258278741966933,0.0,0.0003633279411587864
676,40,0.010914045386016369,1.7069554814952426e-05,0.002534829545766115,0.0035100409295409918,0.00015651174180675298,0.0,0.00032869880669750273
677,40,0.009557816199958324,5.368612983147614e-05,0.006411159411072731,0.0010511846048757434,8.810966392047703e-05,0.0,0.00011606892803683877
678,40,0.012204119935631752,3.216743789380416e-05,0.003226221539080143,0.0038875348400324583,0.00017081308760680258,0.0,0.000335006567183882
679,40,0.011144367977976799,1.1494842510728631e-05,0.006671505980193615,0.002166451420634985,5.756150130764581e-05,0.0,0.00017193001986015588
680,40,0.00899227149784565,1.3585221495304722e-05,0.0039768400602042675,0.001580427517183125,0.00010198485688306391,0.0,0.00024015700910240412
681,40,0.010256928391754627,5.502311250893399e-05,0.0050515285693109035,0.002553618047386408,7.583787373732775e-05,0.0,0.0001838379685068503
682,40,0.00976150669157505,4.8677324230084196e-05,0.004879686515778303,0.002493469277396798,5.400701047619805e-05,0.0,0.00017996030510403216
683,40,0.004766998812556267,1.0681261301215272e-05,0.0023553171195089817,0.000704006350133568,2.905851033574436e-05,0.0,0.0001406409137416631
684,40,0.0073697008192539215,2.0532996131805703e-05,0.002315330086275935,0.002782605355605483,5.868087100679986e-05,0.0,0.000166442318004556
685,40,0.0048799822106957436,2.911003139161039e-05,0.0016706162132322788,0.0012237131595611572,4.1579427488613874e-05,0.0,0.00015407487808261067
686,40,0.0038703028112649918,2.2096017346484587e-05,0.001132748555392027,0.0013187865260988474,5.000561577617191e-05,0.0,8.966157474787906e-05
687,40,0.007815567776560783,3.1638617656426504e-05,0.0027031265199184418,0.0014370279386639595,4.7890694986563176e-05,0.0,0.00031648672302253544
688,40,0.005668232217431068,1.5731860912637785e-05,0.002014818834140897,0.001864326186478138,7.042433571768925e-05,0.0,0.00010691116040106863
689,40,0.010401829145848751,3.968893361161463e-05,0.0035003386437892914,0.0018065680051222444,6.392347859218717e-05,0.0,0.0004415998701006174
690,40,0.01163648720830679,4.542118404060602e-05,0.00489060441032052,0.002078122226521373,0.00015032186638563871,0.0,0.0003119120665360242
691,40,0.007851587608456612,2.6009509383584373e-05,0.0021108367945998907,0.002141839824616909,6.578714237548411e-05,0.0,0.00029150303453207016
692,40,0.008804677985608578,1.2934378901263699e-05,0.005081262439489365,0.0008428487926721573,0.0001011897184071131,0.0,0.00018557348812464625
693,40,0.007263048551976681,2.2503407308249734e-05,0.0017316630110144615,0.0019853883422911167,8.43105954118073e-05,0.0,0.00026803879882209003
694,40,0.007713416591286659,4.279024506104179e-05,0.004394399467855692,0.0006287667783908546,8.925671863835305e-05,0.0,0.00017548927280586213
695,40,0.00660537276417017,1.6162868632818572e-05,0.0010664531728252769,0.0012622608337551355,8.537750545656309e-05,0.0,0.00034067206433974206
696,40,0.0061654578894376755,2.246473559353035e-05,0.002545447088778019,0.0006692134775221348,0.00010238488903269172,0.0,0.00019044839427806437
697,40,0.007971193641424179,3.210205977666192e-05,0.0012808264000341296,0.0023244156036525965,7.564925908809528e-05,0.0,0.00035773575655184686
698,40,0.0028676451183855534,1.7634925825404935e-05,0.0011782202636823058,0.0003958852612413466,4.6195251343306154e-05,0.0,8.139521378325298e-05
699,40,0.01564726233482361,2.951233727799263e-05,0.004561170004308224,0.003153881523758173,8.526199962943792e-05,0.0,0.0007050077547319233
700,40,0.01256665587425232,2.859960477508139e-05,0.0023680590093135834,0.0025305033195763826,0.00019228777091484517,0.0,0.0005716615705750883
701,40,0.0011985779274255037,1.930529106175527e-05,0.0007836287841200829,0.0001535988849354908,1.4475708667305298e-05,0.0,9.728797522257082e-06
702,40,0.0010003404458984733,1.8902612282545306e-05,0.0006217426853254437,0.00016846120706759393,1.0936885701084975e-05,0.0,8.186503691831604e-06
703,40,0.0008867969154380262,2.054796277661808e-05,0.0005434982595033944,0.00015488133067265153,9.507124559604563e-06,0.0,7.279815690708347e-06
704,40,0.0008219829760491848,2.1186329831834882e-05,0.0004951921873725951,0.00013849516108166426,9.332798072136939e-06,0.0,7.378135705948807e-06
705,40,0.0007672014180570841,2.2500338673125952e-05,0.0004590918542817235,0.00012561865150928497,8.967445864982437e-06,0.0,7.031611403363058e-06
706,40,0.0007327954517677426,2.1668001863872632e-05,0.0004379378806333989,0.00011785032984334975,8.981492101156618e-06,0.0,6.552430932060815e-06
707,40,0.0007000330951996148,2.190730992879253e-05,0.00042050849879160523,9.896792471408844e-05,8.9156146714231e-06,0.0,6.949317139515188e-06
708,40,0.0006679122452624142,2.385725201747846e-05,0.0004063239321112633,8.319952758029103e-05,8.773607078182977e-06,0.0,6.67954691380146e-06
709,40,0.0006312114419415593,2.2761707441532053e-05,0.0003819948760792613,6.932456017239019e-05,9.428367775399238e-06,0.0,6.284666596911848e-06
710,40,0.0006053459946997464,2.3794125809217803e-05,0.00036078618722967803,6.254181789699942e-05,9.476101695327088e-06,0.0,6.346284408209613e-06
711,40,0.0005809813155792654,2.340987884963397e-05,0.0003497769357636571,6.106241198722273e-05,8.897508450900204e-06,0.0,5.775701538368594e-06
712,40,0.0005602008895948529,2.4398899768129922e-05,0.0003344799333717674,5.867948493687436e-05,9.16070621315157e-06,0.0,5.103546300233575e-06
713,40,0.0005446766153909266,2.466375008225441e-05,0.00032544159330427647,5.750833224738017e-05,8.943318789533805e-06,0.0,4.762977823702386e-06
714,40,0.0005317768664099276,2.539848537708167e-05,0.00031044246861711144,5.696353400708176e-05,9.418850822839886e-06,0.0,4.4783882913179696e-06
715,40,0.0005165461334399879,2.5261890186811797e-05,0.0003010602667927742,5.8183795772492886e-05,9.003364539239556e-06,0.0,4.2006558942375705e-06
716,40,0.000506460783071816,2.6303147024009377e-05,0.00028890001703985035,5.773912198492326e-05,9.215877071255818e-06,0.0,4.135973540542182e-06
717,40,0.0004985529812984169,2.6523899578023702e-05,0.0002815988555084914,5.6552045862190425e-05,9.352370398119092e-06,0.0,4.035447545902571e-06
718,40,0.00048820808297023177,2.6741079636849463e-05,0.00026737694861367345,5.743805377278477e-05,9.655605936131906e-06,0.0,4.009596068499377e-06
719,40,0.00047506552073173225,2.6744119168142788e-05,0.0002531926438678056,6.049532748875208e-05,9.73134592641145e-06,0.0,3.7319962302717613e-06
720,40,0.0004621771804522723,2.8344924430712126e-05,0.00023747573141008615,5.716953091905452e-05,1.034404613164952e-05,0.0,3.5746554658544483e-06
721,40,0.00045054880320094526,2.7664966182783246e-05,0.0002277375024277717,5.356479232432321e-05,1.0415116776130162e-05,0.0,3.743038632819662e-06
722,40,0.0004409532411955297,2.7286510885460302e-05,0.00021705141989514232,5.331848660716787e-05,1.0724714229581878e-05,0.0,3.6049696063855663e-06
723,40,0.0004305248730815947,2.719091935432516e-05,0.00020905175188090652,5.3565046982839704e-05,1.0612439837132115e-05,0.0,3.4592742395034293e-06
724,40,0.0004177697701379657,2.6887446438195184e-05,0.0001943979150382802,5.644868724630214e-05,1.0594889317872003e-05,0.0,3.408684960959363e-06
725,40,0.0004063136875629425,2.657495679159183e-05,0.00018628545512910932,5.695018990081735e-05,1.0445442057971377e-05,0.0,3.204866970918374e-06
726,40,0.0003987901727668941,2.6809646442416124e-05,0.00017802423099055886,5.269210669212043e-05,1.0772256246127654e-05,0.0,3.3541625725774793e-06
727,40,0.00039403975824825466,2.6832418370759115e-05,0.00017331265553366393,5.387077180785127e-05,1.0733001545304433e-05,0.0,3.269390390414628e-06
728,40,0.0003867056220769882,2.707508610910736e-05,0.00016804534243419766,5.24809438502416e-05,1.0683528671506792e-05,0.0,3.2268997074424988e-06
729,40,0.00037947847158648074,2.648802001203876e-05,0.0001604107383172959,5.09853707626462e-05,1.0877126442210283e-05,0.0,3.2823065794218564e-06
730,40,0.0003740561951417476,2.623951149871573e-05,0.0001552023459225893,5.1122362492606044e-05,1.0918298357864842e-05,0.0,3.2308969366567908e-06
731,40,0.0003669749421533197,2.6281497412128374e-05,0.00014825111429672688,5.390925070969388e-05,1.1047352927562315e-05,0.0,2.8059569103788817e-06
732,40,0.00035907397978007793,2.6235353288939223e-05,0.00014404294779524207,4.863604772253893e-05,1.1275487850070931e-05,0.0,2.7404735192249063e-06
733,40,0.000352340517565608,2.578136627562344e-05,0.00014072898193262517,4.787773286807351e-05,1.1002117389580235e-05,0.0,2.7931257591262693e-06
734,40,0.0003470260708127171,2.5509405531920493e-05,0.00013675067748408765,4.623832137440331e-05,1.1026771062461194e-05,0.0,2.8259953523956938e-06
735,40,0.00034120131749659777,2.5403171093785204e-05,0.00012824182340409607,4.715130489785224e-05,1.1200559129065368e-05,0.0,2.8399417715263553e-06
736,40,0.0003338920068927109,2.5339093554066494e-05,0.00011687880760291591,4.882874418399297e-05,1.1468352568044793e-05,0.0,2.81618258668459e-06
737,40,0.0003264210536144674,2.4912393200793304e-05,0.00010787431529024616,5.0265054596820846e-05,1.157018959929701e-05,0.0,2.766738361970056e-06
738,40,0.0003194475721102208,2.4939819923019968e-05,0.00010159755038330331,5.008161679143086e-05,1.1620273653534241e-05,0.0,2.6625832560966955e-06
739,40,0.0003124376235064119,2.4112430764944293e-05,9.915559348883107e-05,4.900649219052866e-05,1.1343048754497431e-05,0.0,2.6732611786428606e-06
740,40,0.0003071624378208071,2.343355299672112e-05,9.834887168835849e-05,4.6143188228597865e-05,1.1255571735091507e-05,0.0,2.6681118470150977e-06
741,40,0.0003013628884218633,2.3388109184452333e-05,9.452678204979748e-05,4.563079710351303e-05,1.1095038644270971e-05,0.0,2.6866830467042746e-06
742,40,0.00029576109955087304,2.2955997337703593e-05,9.176503954222426e-05,4.626334339263849e-05,1.0801981261465698e-05,0.0,2.675688392628217e-06
743,40,0.0002902587875723839,2.2459797037299722e-05,8.890097524272278e-05,4.436941526364535e-05,1.0830846804310568e-05,0.0,2.622012061692658e-06
744,40,0.00028559326892718673,2.2191868993104436e-05,8.616875857114792e-05,4.309841096983291e-05,1.0799742085509934e-05,0.0,2.6136808628507424e-06
745,40,0.00028011054382659495,2.198443326051347e-05,8.433643233729526e-05,4.194429493509233e-05,1.0628426025505178e-05,0.0,2.556111894591595e-06
746,40,0.000275430764304474,2.168606806662865e-05,8.27779367682524e-05,4.2742987716337666e-05,1.0455316441948526e-05,0.0,2.3670579594181618e-06
747,40,0.0002710716216824949,2.151721309928689e-05,8.175004040822387e-05,4.101231024833396e-05,1.0496498362044804e-05,0.0,2.182704292863491e-06
748,40,0.0002658503071870655,2.0913075786666013e-05,8.011640602489933e-05,4.0520411857869476e-05,1.014957615552703e-05,0.0,2.2804645141150104e-06
749,40,0.0002604560577310622,1.9915532902814448e-05,7.686221943004057e-05,4.2129471694352105e-05,9.999902431445662e-06,0.0,2.154981302737724e-06
750,40,0.0002542080183047801,1.978923137357924e-05,7.383836782537401e-05,4.037174949189648e-05,9.800673069548793e-06,0.0,2.2201950287126238e-06
751,50,0.055850859731435776,7.79246911406517e-05,0.0007552861352451146,0.011163369752466679,0.004286312498152256,0.0,9.911540109897032e-05
752,50,0.247976616024971,0.00017549852782394737,0.009183979593217373,0.19539527595043182,0.0031294755171984434,0.0,0.0011927116429433227
753,50,0.15410900115966797,0.00026377043104730546,0.01553929504007101,0.09078512340784073,0.0018284714315086603,0.0,0.002923609921708703
754,50,0.15506583452224731,0.00015970437380019575,0.008238591253757477,0.09507038444280624,0.002573948120698333,0.0,0.0025857670698314905
755,50,0.1338912844657898,5.007549043511972e-05,0.00783528108149767,0.08430617302656174,0.002857896266505122,0.0,0.0013120792573317885
756,50,0.11303664743900299,5.4553871450480074e-05,0.016878273338079453,0.0650562047958374,0.0016350713558495045,0.0,0.0014696900034323335
757,50,0.14383965730667114,4.743699173559435e-05,0.009857314638793468,0.1060042604804039,0.001357276807539165,0.0,0.0014357873005792499
758,50,0.05013197660446167,6.252269668038934e-05,0.004179972689598799,0.01911047287285328,0.0012542374897748232,0.0,0.0014236634597182274
759,50,0.08670863509178162,0.00014511453628074378,0.008895054459571838,0.06218848377466202,0.0008679454331286252,0.0,0.0006800522096455097
760,50,0.045309893786907196,0.0001439628831576556,0.0076679568737745285,0.02212587743997574,0.0007585062412545085,0.0,0.0007787032518535852
761,50,0.07866290211677551,4.905090099782683e-05,0.002982446225360036,0.05454777926206589,0.0010871310951188207,0.0,0.001021231641061604
762,50,0.05374850705265999,2.990808934555389e-05,0.010422863066196442,0.024143284186720848,0.0010633205529302359,0.0,0.0008519244147464633
763,50,0.05407533794641495,2.8053140340489335e-05,0.006511851213872433,0.03312332183122635,0.000689643551595509,0.0,0.0007515678298659623
764,50,0.04557556286454201,6.58650606055744e-05,0.004212389700114727,0.030562052503228188,0.0005220395396463573,0.0,0.0005514860386028886
765,50,0.03321406990289688,9.238585334969684e-05,0.008794564753770828,0.017917953431606293,0.0003764583670999855,0.0,0.00026445809635333717
766,50,0.03836575523018837,4.615075886249542e-05,0.00367429805919528,0.027185076847672462,0.00038379718898795545,0.0,0.0003622256626840681
767,50,0.030164986848831177,4.4218824768904597e-05,0.0054048048332333565,0.015233354642987251,0.0005481034750118852,0.0,0.0004001575580332428
768,50,0.03791941702365875,4.4058586354367435e-05,0.0057045831345021725,0.02063005231320858,0.0005839079385623336,0.0,0.000570164353121072
769,50,0.019047439098358154,3.99277159885969e-05,0.002097663003951311,0.01089593768119812,0.0002874316996894777,0.0,0.00031395949190482497
770,50,0.023646824061870575,6.80114098940976e-05,0.003879876108840108,0.01480633020401001,0.00020473150652833283,0.0,0.0002845290582627058
771,50,0.029352137818932533,5.12735168740619e-05,0.002948606153950095,0.020609645172953606,0.00038921370287425816,0.0,0.00018504771287553012
772,50,0.02180246263742447,4.551733945845626e-05,0.00299398647621274,0.013570264913141727,0.0003082980983890593,0.0,0.0002109712950186804
773,50,0.021014492958784103,4.898775296169333e-05,0.001900385250337422,0.013505171984434128,0.00030819157836958766,0.0,0.0002478033129591495
774,50,0.01215224340558052,5.2591505664167926e-05,0.002009569201618433,0.00568527914583683,0.0002035802899627015,0.0,0.00023690005764365196
775,50,0.027409937232732773,3.346456651343033e-05,0.002218563575297594,0.020418962463736534,0.00020456290803849697,0.0,0.0002693318238016218
776,50,0.017934728413820267,2.3592921934323385e-05,0.002572468016296625,0.008960049599409103,0.00033597194124013186,0.0,0.0003018898132722825
777,50,0.022866150364279747,4.466339305508882e-05,0.00349941267631948,0.01389074046164751,0.00020857242634519935,0.0,0.00033456090022809803
778,50,0.021874655038118362,4.573760452331044e-05,0.002990199252963066,0.016057001426815987,0.000139349969686009,0.0,0.00013882177881896496
779,50,0.013143155723810196,2.6960200557368807e-05,0.002203715033829212,0.005868148524314165,0.0002397451753495261,0.0,0.0002646880748216063
780,50,0.012136497534811497,3.0294455427792855e-05,0.00238303211517632,0.0071003311313688755,0.00012671624426729977,0.0,0.0001355677959509194
781,50,0.01597803458571434,5.7723304053070024e-05,0.0029621701687574387,0.0083477683365345,0.00023701399913989007,0.0,0.00022402322792913765
782,50,0.013312173075973988,4.92408471473027e-05,0.0018662743968889117,0.008456656709313393,0.0001684739108895883,0.0,0.00012552614498417825
783,50,0.018674097955226898,2.320107159903273e-05,0.0033072629012167454,0.011799642816185951,0.00012534866982605308,0.0,0.00022905036166775972
784,50,0.01774909719824791,2.4624017896712758e-05,0.002141467062756419,0.011032837443053722,0.00022594047186430544,0.0,0.00022907638049218804
785,50,0.011849833652377129,6.813802610849962e-05,0.0031039288733154535,0.005771150346845388,0.00011516195081640035,0.0,0.0001754996774252504
786,50,0.01775163784623146,3.648335041361861e-05,0.0015704786637797952,0.012454361654818058,0.00016833188419695944,0.0,0.00020069962192792445
787,50,0.00938333198428154,2.2828418877907097e-05,0.002158386865630746,0.0033367029391229153,0.00015110641834326088,0.0,0.0002354350290261209
788,50,0.013383325189352036,4.025852103950456e-05,0.0020814454182982445,0.008272151462733746,0.0001657969260122627,0.0,0.0001331500243395567
789,50,0.007928866893053055,3.652676605270244e-05,0.0012414653319865465,0.001622573472559452,0.00016021178453229368,0.0,0.00034261838300153613
790,50,0.01109620463103056,2.464078352204524e-05,0.002501360373571515,0.006880398374050856,0.00010050434502772987,0.0,6.847619806649163e-05
791,50,0.004498456604778767,2.589100222394336e-05,0.0009923257166519761,0.0012794658541679382,0.0001180444160127081,0.0,0.00010203298734268174
792,50,0.01849953830242157,7.37679802114144e-05,0.005349300801753998,0.006850577890872955,0.00012248790881130844,0.0,0.0005001011886633933
793,50,0.012967454269528389,5.4456813813885674e-05,0.0027628981042653322,0.00392599543556571,0.00021423584257718176,0.0,0.0004081744991708547
794,50,0.015665989369153976,2.6245048502460122e-05,0.005603249184787273,0.00542511185631156,8.650122617837042e-05,0.0,0.000374637107597664
795,50,0.016734089702367783,2.3775175577611662e-05,0.005315463524311781,0.005167768336832523,0.00013570893497671932,0.0,0.00048699937178753316
796,50,0.008138740435242653,5.159444117452949e-05,0.0026576563250273466,0.0027051479555666447,0.0001167485534097068,0.0,0.0001556856877868995
797,50,0.015296119265258312,7.335638656513765e-05,0.005096880719065666,0.00790401827543974,9.000382851809263e-05,0.0,0.0001321824820479378
798,50,0.0075199659913778305,2.6725419957074337e-05,0.0015776748768985271,0.003372324863448739,0.00013433331332635134,0.0,0.000119990756502375
799,50,0.019175060093402863,4.727090708911419e-05,0.0073404377326369286,0.0063420129008591175,0.0001141608227044344,0.0,0.0004303731839172542
800,50,0.015894968062639236,3.4077358577633277e-05,0.0023297055158764124,0.009994413703680038,0.0001296776026720181,0.0,0.00022399947920348495
801,50,0.017600785940885544,8.58671628520824e-05,0.007356542162597179,0.004750419873744249,0.0001414189173374325,0.0,0.00039937690598890185
802,50,0.01743677444756031,7.913999434094876e-05,0.005911880638450384,0.00810973346233368,0.0001280247961403802,0.0,0.00020557711832225323
803,50,0.017738260328769684,2.9640623324667104e-05,0.0042210654355585575,0.008486873470246792,8.433571929344907e-05,0.0,0.0004157322982791811
804,50,0.011398938484489918,2.4050854335655458e-05,0.0065895733423531055,0.0018263350939378142,8.302058995468542e-05,0.0,0.00021287733397912234
805,50,0.017671875655651093,5.646264980896376e-05,0.0037619909271597862,0.008776330389082432,8.173524111043662e-05,0.0,0.00042597396532073617
806,50,0.012540489435195923,7.232174539240077e-05,0.005149652250111103,0.004955820273607969,8.529805927537382e-05,0.0,0.00015097134746611118
807,50,0.01573796570301056,6.423796730814502e-05,0.004826318938285112,0.004026357084512711,9.831078932620585e-05,0.0,0.0005837942590005696
808,50,0.015070052817463875,3.834799281321466e-05,0.0039985631592571735,0.006942864507436752,8.907336450647563e-05,0.0,0.0003199544153176248
809,50,0.014360060915350914,4.708384585683234e-05,0.003620973788201809,0.005010430235415697,0.0001083618844859302,0.0,0.0004597953229676932
810,50,0.012002803385257721,5.490244802786037e-05,0.003540911478921771,0.004163703415542841,8.432544564129785e-05,0.0,0.00034000311279669404
811,50,0.013963377103209496,4.192751657683402e-05,0.002533897990360856,0.005593744572252035,8.534158405382186e-05,0.0,0.0004940392100252211
812,50,0.010501032695174217,4.0143768273992464e-05,0.0028586378321051598,0.0035591735504567623,5.1060902478639036e-05,0.0,0.0003532468690536916
813,50,0.013872390612959862,4.3924850615439937e-05,0.0027984657790511847,0.0035257404670119286,0.00015469937352463603,0.0,0.0005957264802418649
814,50,0.012292938306927681,4.084286410943605e-05,0.0023888838477432728,0.004688479471951723,0.00010886388918152079,0.0,0.0004086093686055392
815,50,0.011763788759708405,3.878094503306784e-05,0.0031052986159920692,0.0025091550778597593,0.00010516906331758946,0.0,0.0005058862734586
816,50,0.010032234713435173,3.8256159314187244e-05,0.001976063707843423,0.0029302453622221947,8.894498023437336e-05,0.0,0.0004198219394311309
817,50,0.01250801607966423,5.113867518957704e-05,0.003677600994706154,0.0035969277378171682,9.052907989826053e-05,0.0,0.0004277057305444032
818,50,0.010528545826673508,3.598568946472369e-05,0.002248268574476242,0.002380926860496402,0.00011049523891415447,0.0,0.00047584125422872603
819,50,0.012027941644191742,4.68648795504123e-05,0.0038712238892912865,0.003358931513503194,6.317337101791054e-05,0.0,0.0004119188233744353
820,50,0.010299911722540855,4.567245559883304e-05,0.002448449842631817,0.0025453960988670588,8.925268775783479e-05,0.0,0.00043678664951585233
821,50,0.012063304893672466,5.872929250472225e-05,0.0035606904421001673,0.003947097342461348,6.902393943164498e-05,0.0,0.000380654790205881
822,50,0.009674550965428352,4.199297109153122e-05,0.0027406516019254923,0.002832661382853985,6.352624041028321e-05,0.0,0.00034239827073179185
823,50,0.01111653633415699,4.022844950668514e-05,0.0037467076908797026,0.0028370250947773457,4.630179319065064e-05,0.0,0.00040295568760484457
824,50,0.00933088269084692,4.357365833129734e-05,0.0027383582200855017,0.002219883259385824,4.8484409489901736e-05,0.0,0.00038442236836999655
825,50,0.009757855907082558,5.872641850146465e-05,0.0038157147355377674,0.002559765474870801,6.556688458658755e-05,0.0,0.00026679804432205856
826,50,0.007864142768085003,4.413338683662005e-05,0.002291022799909115,0.0021631126292049885,6.334295903798193e-05,0.0,0.00027324448456056416
827,50,0.011857983656227589,4.409293251228519e-05,0.004877534694969654,0.0022274760995060205,7.815675780875608e-05,0.0,0.00039273116271942854
828,50,0.009320026263594627,4.353466647444293e-05,0.0033288407139480114,0.0019096113974228501,5.062572017777711e-05,0.0,0.00035317824222147465
829,50,0.009862863458693027,5.587040868704207e-05,0.003898352850228548,0.0020706967916339636,9.396245877724141e-05,0.0,0.0002898318925872445
830,50,0.007813690230250359,5.1106773753417656e-05,0.00307900900952518,0.0017126493621617556,6.500323070213199e-05,0.0,0.00023208922357298434
831,50,0.010319273918867111,4.0221424569608644e-05,0.003962464164942503,0.0017601442523300648,8.167412306647748e-05,0.0,0.0003739702806342393
832,50,0.008539926260709763,3.5966033465228975e-05,0.0034531434066593647,0.001324690761975944,7.529796857852489e-05,0.0,0.00029731463291682303
833,50,0.009391267783939838,5.618586510536261e-05,0.0034494444262236357,0.0020594485104084015,7.066351099638268e-05,0.0,0.00031195537303574383
834,50,0.008209683001041412,5.376931221690029e-05,0.0033697274047881365,0.001492151408456266,7.671119237784296e-05,0.0,0.00025269234902225435
835,50,0.009304488077759743,4.1348823287989944e-05,0.0033344326075166464,0.0018458568956702948,4.717512274510227e-05,0.0,0.0003611099091358483
836,50,0.007675632368773222,3.565412407624535e-05,0.0031950511038303375,0.0012101440224796534,5.199167208047584e-05,0.0,0.0002714866423048079
837,50,0.009352467954158783,5.227937435847707e-05,0.003124028444290161,0.0023562272544950247,6.284461414907128e-05,0.0,0.0003191487048752606
838,50,0.0077666351571679115,5.244807471171953e-05,0.003009874140843749,0.0017116349190473557,5.9905647503910586e-05,0.0,0.00023936213983688504
839,50,0.008744141086935997,4.10482898587361e-05,0.0029605114832520485,0.0017737711314111948,4.914966848446056e-05,0.0,0.00034773137304000556
840,50,0.007113332394510508,3.59796904376708e-05,0.0026920256204903126,0.0013070724671706557,3.9006641600281e-05,0.0,0.00026881881058216095
841,50,0.009246712550520897,5.2716335630975664e-05,0.003099754685536027,0.0021009512711316347,7.096386980265379e-05,0.0,0.0003283651894889772
842,50,0.007536889985203743,5.181656524655409e-05,0.002671758644282818,0.0017091588815674186,5.857981159351766e-05,0.0,0.00025183576508425176
843,50,0.008654052391648293,4.091859591426328e-05,0.0030518043786287308,0.0015715087065473199,5.8658413763623685e-05,0.0,0.00034032369148917496
844,50,0.007020716089755297,3.7736284866696224e-05,0.0025898702442646027,0.001255406765267253,4.521910159382969e-05,0.0,0.0002685512008611113
845,50,0.008907830342650414,5.249059904599562e-05,0.003141166176646948,0.0018482280429452658,7.185218419181183e-05,0.0,0.0003147423849441111
846,50,0.007385168224573135,4.9493562983116135e-05,0.002701797988265753,0.0016109407879412174,5.8835703384829685e-05,0.0,0.0002434578927932307
847,50,0.008314976468682289,4.0440168959321454e-05,0.0029761255718767643,0.0014196881093084812,5.6556847994215786e-05,0.0,0.0003313154447823763
848,50,0.00692354328930378,3.783019201364368e-05,0.0025776659604161978,0.0011740978807210922,4.91865212097764e-05,0.0,0.0002642083854880184
849,50,0.008463948965072632,5.1648690714500844e-05,0.0029298034496605396,0.0017875395715236664,6.859238783363253e-05,0.0,0.00030090330983512104
850,50,0.007063072174787521,4.775364141096361e-05,0.002522842725738883,0.00143981515429914,6.0172202211106196e-05,0.0,0.0002450938627589494
851,50,0.0012101520551368594,2.9363522116909735e-05,0.0005047580925747752,0.00030369797605089843,2.068040703306906e-05,0.0,1.6552850865991786e-05
852,50,0.001000470481812954,2.9425231332425028e-05,0.0003932558174710721,0.00022661013645119965,2.2643213014816865e-05,0.0,1.2474713912524749e-05
853,50,0.0007683045114390552,2.992993722727988e-05,0.0002853783080354333,0.00018297987116966397,1.9718132534762844e-05,0.0,7.283507329702843e-06
854,50,0.0006591874407604337,2.963884617201984e-05,0.0002300105115864426,0.0001542483951197937,1.8432876458973624e-05,0.0,6.09609287494095e-06
855,50,0.0005729924305342138,3.031121741514653e-05,0.00016777300334069878,0.00013449796824716032,1.8581393305794336e-05,0.0,5.459630301629659e-06
856,50,0.0005136682302691042,2.889190727728419e-05,0.00013364874757826328,0.00012127362424507737,1.779040576366242e-05,0.0,5.194990990275983e-06
857,50,0.00047175149666145444,2.878908344428055e-05,0.00011201233428437263,0.00010710334754548967,1.8247157640871592e-05,0.0,4.137516498303739e-06
858,50,0.0004437135939951986,2.6543009880697355e-05,0.0001011934582493268,9.976720320992172e-05,1.7266920622205362e-05,0.0,4.35407037002733e-06
859,50,0.0004214516084175557,2.5077042664634064e-05,9.441698784939945e-05,9.452766244066879e-05,1.599402276042383e-05,0.0,4.748968422063626e-06
860,50,0.00039971014484763145,2.381497142778244e-05,9.22383987926878e-05,8.568687917431816e-05,1.5234851161949337e-05,0.0,4.5621395656780805e-06
861,50,0.00038304965710267425,2.270342520205304e-05,9.08705114852637e-05,7.639476825715974e-05,1.472402254876215e-05,0.0,4.5840729399060365e-06
862,50,0.0003696763305924833,2.2826718122814782e-05,8.772031287662685e-05,7.08861552993767e-05,1.4563936929334886e-05,0.0,4.260376499587437e-06
863,50,0.0003594479348976165,2.1610236217384227e-05,8.967158646555617e-05,6.634958845097572e-05,1.3919901903136633e-05,0.0,4.261749836587114e-06
864,50,0.00034954375587403774,2.141335789929144e-05,8.819182403385639e-05,6.128074892330915e-05,1.3617765944218263e-05,0.0,4.248014192853589e-06
865,50,0.00033892953069880605,2.086925451294519e-05,8.744876686250791e-05,5.6303291785297915e-05,1.3190008758101612e-05,0.0,4.240813723299652e-06
866,50,0.0003286838182248175,2.00823324121302e-05,8.5388746811077e-05,5.400695954449475e-05,1.284331847273279e-05,0.0,4.0772602005745284e-06
867,50,0.00031776982359588146,1.9438646631897427e-05,8.165697363438085e-05,5.5279091611737385e-05,1.2344790775387082e-05,0.0,3.7947197597532067e-06
868,50,0.0003096857981290668,1.9259638065705076e-05,8.043251727940515e-05,5.215476267039776e-05,1.1792305485869292e-05,0.0,3.991581706941361e-06
869,50,0.0003016650443896651,1.8913011444965377e-05,7.885331433499232e-05,5.242494444246404e-05,1.143327244790271e-05,0.0,3.7141041957511334e-06
870,50,0.0002959051635116339,1.8656626707524993e-05,7.703088340349495e-05,5.1635579438880086e-05,1.1236887075938284e-05,0.0,3.6213202747603646e-06
871,50,0.0002902475534938276,1.8368928067502566e-05,7.436682062689215e-05,5.22382979397662e-05,1.0957723134197295e-05,0.0,3.5696291433851e-06
872,50,0.000283836416201666,1.8376826119492762e-05,7.103892130544409e-05,4.9201215006178245e-05,1.0663812645361759e-05,0.0,3.858135642076377e-06
873,50,0.00027738913195207715,1.7970651242649183e-05,6.702496466459706e-05,4.838773747906089e-05,1.0495808055566158e-05,0.0,3.904770437657135e-06
874,50,0.0002705249353311956,1.7960668628802523e-05,6.223734089871868e-05,4.6041790483286604e-05,1.0596145330055151e-05,0.0,3.832368292933097e-06
875,50,0.0002650899114087224,1.8058057321468368e-05,5.911080370424315e-05,4.2104154999833554e-05,1.0576508429949172e-05,0.0,4.005181381216971e-06
876,50,0.00026117669767700136,1.788956615200732e-05,5.812787276227027e-05,4.283827729523182e-05,1.0530755389481783e-05,0.0,3.701343302964233e-06
877,50,0.00025820883456617594,1.7705979189486243e-05,5.648882870445959e-05,4.238532710587606e-05,1.046564011630835e-05,0.0,3.6972314774175175e-06
878,50,0.0002542134316172451,1.7527925592730753e-05,5.494066499522887e-05,4.27878912887536e-05,1.0331917110306676e-05,0.0,3.5637790460896213e-06
879,50,0.0002505174488760531,1.741095184115693e-05,5.349149432731792e-05,4.225157681503333e-05,1.0342001587559935e-05,0.0,3.39434291163343e-06
880,50,0.0002467040903866291,1.734639226924628e-05,5.2727278671227396e-05,4.0813898522173986e-05,1.0178551747230813e-05,0.0,3.4031004361168016e-06
881,50,0.00024294319155160338,1.7332979041384533e-05,5.17612679686863e-05,4.044386150781065e-05,1.0039235348813236e-05,0.0,3.301272045064252e-06
882,50,0.00023819909256417304,1.7086544175981544e-05,5.031059481552802e-05,3.9023998397169635e-05,9.879536264634226e-06,0.0,3.29825979861198e-06
883,50,0.0002344973909202963,1.647270801186096e-05,4.890584750683047e-05,3.8688882341375574e-05,9.604978004063014e-06,0.0,3.438018893575645e-06
884,50,0.00023147085448727012,1.6271796994260512e-05,4.7510020522167906e-05,3.888466380885802e-05,9.383957149111666e-06,0.0,3.4964796213898808e-06
885,50,0.00022835815616417676,1.6116740880534053e-05,4.609105599229224e-05,3.857574483845383e-05,9.243802196579054e-06,0.0,3.5136606584273977e-06
886,50,0.00022555408941116184,1.5989771782187745e-05,4.488953709369525e-05,3.922334872186184e-05,9.171316378342453e-06,0.0,3.373827894392889e-06
887,50,0.00022267844178713858,1.573744521010667e-05,4.2696854507084936e-05,3.910834857379086e-05,9.076753485715017e-06,0.0,3.4368242722848663e-06
888,50,0.00021964106417726725,1.5581477782689035e-05,4.031964635942131e-05,3.9559647120768204e-05,9.055806003743783e-06,0.0,3.362224106240319e-06
889,50,0.00021764881967101246,1.557795621920377e-05,3.8754878914915025e-05,3.8919886719668284e-05,9.056996532308403e-06,0.0,3.3826145227067173e-06
890,50,0.00021510134683921933,1.5411831554956734e-05,3.7133548175916076e-05,3.975263825850561e-05,8.966198947746307e-06,0.0,3.314133891763049e-06
891,50,0.00021237009787000716,1.5230493772833142e-05,3.5306882637087256e-05,3.970253237639554e-05,8.864194569468964e-06,0.0,3.348824293425423e-06
892,50,0.00021003387519158423,1.534019065729808e-05,3.38240570272319e-05,3.861162258544937e-05,8.843560863169841e-06,0.0,3.382239356142236e-06
893,50,0.00020858817151747644,1.521516969660297e-05,3.2914311304921284e-05,3.925702549167909e-05,8.784609235590324e-06,0.0,3.3355579489580123e-06
894,50,0.0002066867018584162,1.5067977983562741e-05,3.1906434742268175e-05,3.926107820007019e-05,8.683779924467672e-06,0.0,3.3613409868848976e-06
895,50,0.00020417096675373614,1.5002095096861012e-05,3.0278501071734354e-05,3.938331065000966e-05,8.607978088548407e-06,0.0,3.342726813571062e-06
896,50,0.0002026812289841473,1.5104725207493175e-05,2.9521646865759976e-05,3.798221587203443e-05,8.698450074007269e-06,0.0,3.3088144846260548e-06
897,50,0.00020056022913195193,1.5148544662224595e-05,2.8474731152527966e-05,3.702113463077694e-05,8.622086170362309e-06,0.0,3.369495743754669e-06
898,50,0.00019872133270837367,1.4978955732658505e-05,2.7453699658508413e-05,3.6068031477043405e-05,8.507950042258017e-06,0.0,3.514114268909907e-06
899,50,0.0001965983974514529,1.487623194407206e-05,2.649577072588727e-05,3.5410332202445716e-05,8.545797754777595e-06,0.0,3.4358076845819596e-06
900,50,0.00019475579028949142,1.4923011804057751e-05,2.5415678464923985e-05,3.468034265097231e-05,8.589119715907145e-06,0.0,3.384556066521327e-06
901,60,0.029638763517141342,5.12909609824419e-05,0.0005129023920744658,0.009800721891224384,0.0018078053835779428,0.0,0.00011957967944908887
902,60,0.49899613857269287,0.00014257359725888819,0.011832823045551777,0.4450317621231079,0.0026328954845666885,0.0,0.0015660024946555495
903,60,0.36108696460723877,0.00040664049447514117,0.03816082701086998,0.24267327785491943,0.002691691042855382,0.0,0.0052929287776350975
904,60,0.32801195979118347,0.0004847261880058795,0.04482533782720566,0.20687533915042877,0.0021070330403745174,0.0,0.005475623067468405
905,60,0.20273998379707336,0.00026569515466690063,0.024886755272746086,0.135823592543602,0.0018659330671653152,0.0,0.002310460200533271
906,60,0.22815510630607605,4.5966247853357345e-05,0.0023559927940368652,0.20103728771209717,0.0015945195918902755,0.0,0.0008770666318014264
907,60,0.0962861031293869,0.00010520963405724615,0.009997254237532616,0.04342255741357803,0.0016717988764867187,0.0,0.00260430877096951
908,60,0.3357693552970886,0.00012691615847870708,0.01684020645916462,0.28221991658210754,0.0013240666594356298,0.0,0.002334166318178177
909,60,0.2578681707382202,0.00010279029083903879,0.013323437422513962,0.2151350975036621,0.001224591862410307,0.0,0.0017060934333130717
910,60,0.09020760655403137,5.899240932194516e-05,0.004999546799808741,0.05967919901013374,0.0012767057633027434,0.0,0.0012702805688604712
911,60,0.10783340781927109,6.891744851600379e-05,0.004355348646640778,0.08063873648643494,0.0011442514369264245,0.0,0.0011327891843393445
912,60,0.11993049085140228,0.00013059664343018085,0.0069571686908602715,0.09084948152303696,0.0009517737780697644,0.0,0.001247550593689084
913,60,0.07642433792352676,9.29133384488523e-05,0.0037660589441657066,0.05185606703162193,0.0008758155163377523,0.0,0.0011951139895245433
914,60,0.12367678433656693,5.2197523473296314e-05,0.004136515781283379,0.0954352468252182,0.001135641592554748,0.0,0.0012696407502517104
915,60,0.10643865913152695,7.82137067290023e-05,0.0071500553749501705,0.07529578357934952,0.001057005487382412,0.0,0.0013344547478482127
916,60,0.05737018212676048,6.295446655713022e-05,0.004533678758889437,0.042103417217731476,0.0005071265040896833,0.0,0.0005598870338872075
917,60,0.046610139310359955,5.530560883926228e-05,0.004000580869615078,0.032423149794340134,0.000500457885209471,0.0,0.0005126526230014861
918,60,0.07927596569061279,6.018074054736644e-05,0.004594238009303808,0.06174781545996666,0.0006613352452404797,0.0,0.0006260377704165876
919,60,0.04632551595568657,6.442174344556406e-05,0.003022966207936406,0.036330971866846085,0.0004226966993883252,0.0,0.00026801915373653173
920,60,0.07262906432151794,8.528921171091497e-05,0.004077377263456583,0.0597490519285202,0.00038338263402692974,0.0,0.000488351855892688
921,60,0.06683842092752457,0.00013221953122410923,0.005516095086932182,0.04588468000292778,0.0006609306437894702,0.0,0.0008696120348758996
922,60,0.03706734627485275,0.00013401014439295977,0.002884932328015566,0.022731205448508263,0.00063425546977669,0.0,0.0004974646726623178
923,60,0.03754604607820511,5.663745469064452e-05,0.004721633158624172,0.022595392540097237,0.0005295008304528892,0.0,0.00048773724120110273
924,60,0.0406157448887825,4.087464913027361e-05,0.0052246409468352795,0.026175908744335175,0.0004002717905677855,0.0,0.0005171603988856077
925,60,0.03221099078655243,6.742036202922463e-05,0.002856584032997489,0.02494841441512108,0.00025902671040967107,0.0,0.00017483028932474554
926,60,0.04855986312031746,0.00013800684246234596,0.00501452200114727,0.03112546168267727,0.0004858297761529684,0.0,0.0007423575152643025
927,60,0.04979114979505539,9.252554445993155e-05,0.002708517014980316,0.037663694471120834,0.000419263873482123,0.0,0.0005133773083798587
928,60,0.01977507397532463,2.8165848561911844e-05,0.0033168536610901356,0.0118643743917346,0.0001913115120260045,0.0,0.00026525650173425674
929,60,0.022236168384552002,3.946709693991579e-05,0.0023910219315439463,0.01623491942882538,0.00015857009566389024,0.0,0.00019850571698043495
930,60,0.02571980468928814,0.0001064242169377394,0.003565705381333828,0.014843696728348732,0.0003159546758979559,0.0,0.0004044430097565055
931,60,0.02080005407333374,7.041653589112684e-05,0.0028480379842221737,0.01225793082267046,0.00027898335247300565,0.0,0.0002833835023920983
932,60,0.030594995245337486,2.6899559088633396e-05,0.004067013505846262,0.020962299779057503,0.0001975450140889734,0.0,0.00035633318475447595
933,60,0.02852635271847248,2.2855389033793472e-05,0.00328328600153327,0.01924068294465542,0.00024369735911022872,0.0,0.000354255607817322
934,60,0.017178380861878395,5.314132067724131e-05,0.0029621648136526346,0.009993641637265682,0.00017862326058093458,0.0,0.00023832000442780554
935,60,0.013791806064546108,3.7387333577498794e-05,0.0022802113089710474,0.008022370748221874,0.00012320511450525373,0.0,0.0002219784801127389
936,60,0.027485746890306473,4.1829480323940516e-05,0.0034765235614031553,0.018869595602154732,0.00020767567912116647,0.0,0.00030210427939891815
937,60,0.021429507061839104,5.0124315748689696e-05,0.0033089329954236746,0.013869675807654858,0.0001666609605308622,0.0,0.00025341639411635697
938,60,0.018469488248229027,4.1004084778251126e-05,0.0021178501192480326,0.012197856791317463,0.00020723702618852258,0.0,0.00020404068345669657
939,60,0.01300210040062666,3.724903945112601e-05,0.002079509664326906,0.007134018465876579,0.00016688967298250645,0.0,0.00020824269449803978
940,60,0.0270613431930542,2.9107710361131467e-05,0.002468554535880685,0.020176030695438385,0.00015234173042699695,0.0,0.00028642339748330414
941,60,0.022703083232045174,2.7993623007205315e-05,0.0018457435071468353,0.01627921313047409,0.00019079976482316852,0.0,0.00026421353686600924
942,60,0.017352666705846786,4.778683069162071e-05,0.002620290732011199,0.010793747380375862,0.00015789078315719962,0.0,0.00023119337856769562
943,60,0.017154542729258537,3.8870686694281176e-05,0.0015955858398228884,0.012283772230148315,0.00014875065244268626,0.0,0.0001748807553667575
944,60,0.017419494688510895,3.617937181843445e-05,0.003352799918502569,0.010890609584748745,0.00011362601799191907,0.0,0.0002003645640797913
945,60,0.01648877002298832,2.5830076992860995e-05,0.001976574771106243,0.012538591399788857,8.464021811960265e-05,0.0,0.0001101371890399605
946,60,0.016245782375335693,5.732354838983156e-05,0.0030833184719085693,0.009527621790766716,0.00013105955440551043,0.0,0.0002266921947011724
947,60,0.016006432473659515,4.569858356262557e-05,0.002102339407429099,0.011519557796418667,0.0001129081065300852,0.0,0.00012097560829715803
948,60,0.015349975787103176,3.264232145738788e-05,0.0025954418815672398,0.009041005745530128,0.0001129153388319537,0.0,0.0002551732468418777
949,60,0.015113471075892448,2.31993126362795e-05,0.0019483532523736358,0.011413896456360817,8.225342753576115e-05,0.0,9.05488632270135e-05
950,60,0.015925521031022072,5.2808238251600415e-05,0.002452803310006857,0.008107832632958889,0.00016515463357791305,0.0,0.00036605310742743313
951,60,0.016438836231827736,3.8584268622798845e-05,0.0015880141872912645,0.012159166857600212,0.00010981627565342933,0.0,0.000155490793986246
952,60,0.013060926459729671,2.4633000066387467e-05,0.0027127997018396854,0.005589112173765898,0.0001447739196009934,0.0,0.0003286642022430897
953,60,0.01413628738373518,1.658132350712549e-05,0.0012980271130800247,0.010305940173566341,9.766667790245265e-05,0.0,0.00015390722546726465
954,60,0.013241516426205635,5.888582381885499e-05,0.0034023879561573267,0.005046363919973373,0.00013532939192373306,0.0,0.0003380585112608969
955,60,0.014375826343894005,3.3741380320861936e-05,0.0014718456659466028,0.009823682717978954,0.00010331557132303715,0.0,0.00020134002261329442
956,60,0.011618908494710922,3.634258973761462e-05,0.0037938531022518873,0.004012648481875658,0.00011005540727637708,0.0,0.00026755096041597426
957,60,0.013128254562616348,2.8134038075222634e-05,0.001963402610272169,0.008681179955601692,9.160698391497135e-05,0.0,0.0001539469085400924
958,60,0.01134577952325344,6.231082807062194e-05,0.0033475086092948914,0.0036219311878085136,0.00012948967923875898,0.0,0.0003019132127519697
959,60,0.011657832190394402,4.396465010358952e-05,0.001654915977269411,0.007597222458571196,9.35200514504686e-05,0.0,0.00014265280333347619
960,60,0.01296478882431984,2.6038424039143138e-05,0.003611841704696417,0.00436303298920393,0.00012109320960007608,0.0,0.00037529427208937705
961,60,0.012873728759586811,2.394964212726336e-05,0.0016763565363362432,0.008498833514750004,7.928868581075221e-05,0.0,0.0001881702191894874
962,60,0.011741379275918007,6.837826367700472e-05,0.00373857538215816,0.0030547739006578922,0.00014402483066078275,0.0,0.00034394036629237235
963,60,0.013064412400126457,4.501295188674703e-05,0.0016152304597198963,0.008188045583665371,0.00010115562326973304,0.0,0.00022045677178539336
964,60,0.009778449311852455,3.273019319749437e-05,0.00411549536511302,0.0019281356362625957,0.00010366916103521362,0.0,0.0002665396314114332
965,60,0.010215709917247295,2.5679402824607678e-05,0.0016960154753178358,0.006321517750620842,6.56690972391516e-05,0.0,0.000151580577949062
966,60,0.011717963963747025,6.853714876342565e-05,0.004526833072304726,0.002310320036485791,0.00013815131387673318,0.0,0.00034307618625462055
967,60,0.011197436600923538,4.8920737754087895e-05,0.0024035549722611904,0.006118454970419407,8.57404520502314e-05,0.0,0.00017691015091259032
968,60,0.010710267350077629,3.1744006264489144e-05,0.0038660026621073484,0.0018547701183706522,0.00013410235987976193,0.0,0.0003616727190092206
969,60,0.010382240638136864,2.932805182354059e-05,0.0023966783192008734,0.005257723852992058,7.0422567659989e-05,0.0,0.00019942849758081138
970,60,0.010560300201177597,5.737673200201243e-05,0.0037965350784361362,0.0017384261591359973,0.0001493641029810533,0.0,0.0003474321565590799
971,60,0.00978102907538414,4.376885772217065e-05,0.002208343241363764,0.004537198226898909,9.285389387514442e-05,0.0,0.0002063179708784446
972,60,0.010765733197331429,3.1902120099402964e-05,0.004101939965039492,0.0016985594993457198,0.00013202542322687805,0.0,0.00036130775697529316
973,60,0.010019217617809772,2.7423528081271797e-05,0.0025524876546114683,0.0039510540664196014,9.405399759998545e-05,0.0,0.0002547712647356093
974,60,0.009664886631071568,5.897011942579411e-05,0.003911452367901802,0.0014597540721297264,0.00012077674182364717,0.0,0.00030269427224993706
975,60,0.008943961001932621,4.815983629669063e-05,0.0024925945326685905,0.003251089248806238,9.588035754859447e-05,0.0,0.00021933135576546192
976,60,0.00985588040202856,3.4606404369696975e-05,0.0041284882463514805,0.0013622102560475469,0.00011010727030225098,0.0,0.00032295024720951915
977,60,0.008609607815742493,2.9627477488247678e-05,0.0028368805069476366,0.0025655627250671387,8.365054236492142e-05,0.0,0.0002341031504329294
978,60,0.009816204197704792,6.0142832808196545e-05,0.003943833988159895,0.0015546815702691674,0.00011900126992259175,0.0,0.0003067533252760768
979,60,0.008522801101207733,5.2703460823977366e-05,0.0029507752042263746,0.002354161348193884,9.226020483765751e-05,0.0,0.00022425585484597832
980,60,0.009359419345855713,2.7898895496036857e-05,0.00371885159984231,0.0014324757503345609,0.00010657176608219743,0.0,0.0003114475402981043
981,60,0.0077929990366101265,2.595219666545745e-05,0.0028525488451123238,0.0018503738101571798,7.900544005678967e-05,0.0,0.00022740697022527456
982,60,0.010033629834651947,5.850795787409879e-05,0.003778117010369897,0.0018090003868564963,0.00011896016076207161,0.0,0.00031984029919840395
983,60,0.008574319072067738,5.170555232325569e-05,0.003020848846063018,0.0020012278109788895,9.503564069746062e-05,0.0,0.00025501803611405194
984,60,0.008675195276737213,2.8470627512433566e-05,0.003420186461880803,0.0014579561538994312,0.00010067689436255023,0.0,0.00027618123567663133
985,60,0.007071560248732567,2.4407238015555777e-05,0.002656468888744712,0.0013826268259435892,7.980341615621e-05,0.0,0.00022100236674305052
986,60,0.01032353937625885,5.883204721612856e-05,0.003973435610532761,0.0020629968494176865,0.00011537218233570457,0.0,0.0003074552514590323
987,60,0.008656935766339302,5.299862095853314e-05,0.003339451039209962,0.0017298003658652306,9.66266670729965e-05,0.0,0.00025684188585728407
988,60,0.008259186521172523,2.7883626898983493e-05,0.0031151240691542625,0.0016184761188924313,9.421257709618658e-05,0.0,0.0002555577375460416
989,60,0.006609751842916012,2.5254932552343234e-05,0.002676742384210229,0.0010774378897622228,7.689345511607826e-05,0.0,0.0002061382692772895
990,60,0.010499372147023678,5.8612193242879584e-05,0.0037437553983181715,0.0024097017012536526,0.00011795968748629093,0.0,0.0003107706143055111
991,60,0.008668609894812107,5.356172550818883e-05,0.003346855053678155,0.001565459999255836,0.00010209906758973375,0.0,0.0002681742189452052
992,60,0.008035496808588505,2.716121707635466e-05,0.0028526356909424067,0.0018831758061423898,8.880871610017493e-05,0.0,0.00023844365205150098
993,60,0.006345284637063742,2.4487751943524927e-05,0.002547577489167452,0.0008990562055259943,8.155232353601605e-05,0.0,0.0002058640238828957
994,60,0.010522511787712574,5.7227858633268625e-05,0.0036447106394916773,0.0026973688509315252,0.00011212109529878944,0.0,0.000300199375487864
995,60,0.00858862604945898,5.151595178176649e-05,0.003310946049168706,0.0014033204643055797,0.00010658460087142885,0.0,0.0002756997710093856
996,60,0.007963304407894611,2.814740400935989e-05,0.0027404495049268007,0.002112148329615593,8.1502745160833e-05,0.0,0.00022675321088172495
997,60,0.00636226125061512,2.4469123673043214e-05,0.002534472616389394,0.0007791411480866373,8.551350038032979e-05,0.0,0.00021690432913601398
998,60,0.009966433048248291,5.4358002671506256e-05,0.0034413416869938374,0.0028139622882008553,9.811355266720057e-05,0.0,0.00026756362058222294
999,60,0.007870332337915897,4.854706639889628e-05,0.0031432374380528927,0.0011478520464152098,9.735817729961127e-05,0.0,0.0002557114348746836
1000,60,0.008463623933494091,2.8776163162547164e-05,0.0028554643504321575,0.0024234193842858076,8.185777551261708e-05,0.0,0.0002337386686122045
1001,60,0.0019912668503820896,1.6194489944609813e-05,0.0007207429152913392,0.0004822610062547028,4.437711322680116e-05,0.0,3.2829750125529245e-05
1002,60,0.0010476710740476847,1.6052581486292183e-05,0.0004512655141297728,0.00022583747340831906,2.2501617422676645e-05,0.0,1.2949930351169314e-05
1003,60,0.0008318766485899687,1.7409029169357382e-05,0.00031997065525501966,0.00020372381550259888,1.743571920087561e-05,0.0,1.1641591299849097e-05
1004,60,0.0006583810900337994,1.678264743532054e-05,0.0002061303093796596,0.00019891740521416068,1.4368586562341079e-05,0.0,9.286487511417363e-06
1005,60,0.0005336760077625513,1.6610350940027274e-05,0.00012841200805269182,0.00017266994109377265,1.3737584595219232e-05,0.0,7.860784535296261e-06
1006,60,0.0004517826600931585,1.825428262236528e-05,9.569017129251733e-05,0.00013416643196251243,1.454336234019138e-05,0.0,5.823814717587084e-06
1007,60,0.0004098731733392924,1.705121212580707e-05,8.35996397654526e-05,0.00010738688433775678,1.3356808267417364e-05,0.0,6.826737262599636e-06
1008,60,0.0003818865807261318,1.6918129404075444e-05,7.300658035092056e-05,9.865468018688262e-05,1.297282778978115e-05,0.0,6.3578922890883405e-06
1009,60,0.0003585334634408355,1.651070124353282e-05,6.208898412296548e-05,9.19517406146042e-05,1.239132325281389e-05,0.0,6.406883130694041e-06
1010,60,0.00034242233959957957,1.664995761530008e-05,5.807372144772671e-05,8.299876208184287e-05,1.2419228369253688e-05,0.0,6.050761840015184e-06
1011,60,0.0003293856862001121,1.6032396160881035e-05,5.56210579816252e-05,7.771853415761143e-05,1.2038703061989509e-05,0.0,5.962664999970002e-06
1012,60,0.0003170709533151239,1.577401599206496e-05,5.098501787870191e-05,7.390027167275548e-05,1.1830336916318629e-05,0.0,5.810826678498415e-06
1013,60,0.000301286083413288,1.5008550690254197e-05,4.799476664629765e-05,6.609745469177142e-05,1.118091222451767e-05,0.0,6.037618277332513e-06
1014,60,0.00029128705500625074,1.4416127669392154e-05,4.6137796744005755e-05,6.390835187630728e-05,1.0740199286374263e-05,0.0,5.942278221482411e-06
1015,60,0.0002829589357133955,1.4200822988641448e-05,4.308321513235569e-05,6.179403135320172e-05,1.0529551218496636e-05,0.0,5.858536496816669e-06
1016,60,0.00027405793662182987,1.391313890053425e-05,4.0789833292365074e-05,5.805415639770217e-05,1.0459290933795273e-05,0.0,5.670789960277034e-06
1017,60,0.00026665901532396674,1.3922602192906197e-05,3.748987364815548e-05,5.542080907616764e-05,1.0588655641186051e-05,0.0,5.393919309426565e-06
1018,60,0.00026078944210894406,1.3781750567432027e-05,3.455801197560504e-05,5.468445669976063e-05,1.0320505680283532e-05,0.0,5.456016879179515e-06
1019,60,0.00025539001217111945,1.355006497760769e-05,3.297530929557979e-05,5.207805224927142e-05,1.0104225111717824e-05,0.0,5.574433998845052e-06
1020,60,0.00025013202684931457,1.3475926607497968e-05,3.0607061489718035e-05,5.0430713599780574e-05,1.0143006875296123e-05,0.0,5.418826731329318e-06
1021,60,0.00024651631247252226,1.3338921235117596e-05,2.9480854209396057e-05,4.8096906539285555e-05,9.891826266539283e-06,0.0,5.668138328474015e-06
1022,60,0.00024328974541276693,1.3453377505356912e-05,2.7774878617492504e-05,4.6585904783569276e-05,9.97138977254508e-06,0.0,5.576168405241333e-06
1023,60,0.00024011328059714288,1.3358097930904478e-05,2.6741559850052e-05,4.649101902032271e-05,9.871308975561988e-06,0.0,5.480951131175971e-06
1024,60,0.00023772186250425875,1.3169148587621748e-05,2.6515976060181856e-05,4.538855137070641e-05,9.832742762228008e-06,0.0,5.432075340650044e-06
1025,60,0.00023394390882458538,1.2901236914331093e-05,2.5889316020766273e-05,4.550890298560262e-05,9.490858246863354e-06,0.0,5.473587862070417e-06
1026,60,0.0002313020668225363,1.2746592801704537e-05,2.530589517846238e-05,4.627471207641065e-05,9.303812475991435e-06,0.0,5.393674655351788e-06
1027,60,0.000229466546443291,1.2638190128200222e-05,2.5077270038309507e-05,4.640235420083627e-05,9.134806532529183e-06,0.0,5.400067038863199e-06
1028,60,0.00022783402528148144,1.26652648759773e-05,2.499960464774631e-05,4.551261736196466e-05,9.09364825929515e-06,0.0,5.372006398829399e-06
1029,60,0.00022564723622053862,1.2367500858090352e-05,2.5159966753562912e-05,4.435873779584654e-05,8.82167114468757e-06,0.0,5.554431936616311e-06
1030,60,0.0002237412118120119,1.2084836271242239e-05,2.5251167244277894e-05,4.4082102249376476e-05,8.680981409270316e-06,0.0,5.551329650188563e-06
1031,60,0.00022085457749199122,1.1924947102670558e-05,2.4661114366608672e-05,4.394708594190888e-05,8.397523743042257e-06,0.0,5.634619355987525e-06
1032,60,0.00021823024144396186,1.1895784155058209e-05,2.4168450181605294e-05,4.374228592496365e-05,8.289565812447108e-06,0.0,5.552807579078944e-06
1033,60,0.00021622325584758073,1.173353120975662e-05,2.3824861273169518e-05,4.5083335862727836e-05,8.051752956816927e-06,0.0,5.506399247678928e-06
1034,60,0.000214821397094056,1.1911491128557827e-05,2.331115501874592e-05,4.51041960332077e-05,8.091496965789702e-06,0.0,5.357959253160516e-06
1035,60,0.00021346041467040777,1.1895254829141777e-05,2.2987900592852384e-05,4.510385406319983e-05,8.096239071164746e-06,0.0,5.2511027206492145e-06
1036,60,0.00021191235282458365,1.1947076018259395e-05,2.256984771520365e-05,4.387486114865169e-05,7.995251507963985e-06,0.0,5.356803740141913e-06
1037,60,0.000210550133488141,1.1772608559112996e-05,2.2427104340749793e-05,4.5104050514055416e-05,7.80607842898462e-06,0.0,5.318559033185011e-06
1038,60,0.00020965226576663554,1.1623117643466685e-05,2.250473335152492e-05,4.511150109465234e-05,7.82300685386872e-06,0.0,5.218284968577791e-06
1039,60,0.00020831162692047656,1.1542699212441221e-05,2.2398164219339378e-05,4.478938353713602e-05,7.639876457687933e-06,0.0,5.318262537912233e-06
1040,60,0.0002069875772576779,1.1473103768366855e-05,2.2165557311382145e-05,4.4789063395000994e-05,7.524863576691132e-06,0.0,5.331122338247951e-06
1041,60,0.00020568440959323198,1.1358635674696416e-05,2.2111211364972405e-05,4.452864232007414e-05,7.433277460222598e-06,0.0,5.3353146540757734e-06
1042,60,0.00020406488329172134,1.1324968909320887e-05,2.155904621758964e-05,4.3374544475227594e-05,7.371949322987348e-06,0.0,5.408682682173094e-06
1043,60,0.000202557333977893,1.1159235327795614e-05,2.1281644876580685e-05,4.216246452415362e-05,7.314793492696481e-06,0.0,5.480605068441946e-06
1044,60,0.00020145544840488583,1.1241612810408697e-05,2.1080866645206697e-05,4.2366256820969284e-05,7.311469289561501e-06,0.0,5.365202468965435e-06
1045,60,0.00020057387882843614,1.11384524643654e-05,2.1036621546954848e-05,4.241776332492009e-05,7.2598900260345545e-06,0.0,5.338213213690324e-06
1046,60,0.00019957785843871534,1.1090721272921655e-05,2.0793422663700767e-05,4.2343803215771914e-05,7.199188075901475e-06,0.0,5.335803962225327e-06
1047,60,0.00019875430734828115,1.1177859050803818e-05,2.0709998352685943e-05,4.28714592999313e-05,7.24479059499572e-06,0.0,5.154708560439758e-06
1048,60,0.00019765783508773893,1.1044962775486056e-05,2.082588071061764e-05,4.2242627387167886e-05,7.202077540569007e-06,0.0,5.152358426130377e-06
1049,60,0.00019686757877934724,1.1024149898730684e-05,2.0872741515631787e-05,4.2034127545775846e-05,7.20308435120387e-06,0.0,5.090571448818082e-06
1050,60,0.000195996297406964,1.0923095942416694e-05,2.0537368982331827e-05,4.166174403508194e-05,7.273313713085372e-06,0.0,5.0140956773248035e-06
1051,70,0.01685434952378273,3.3446620363974944e-05,0.0006631906726397574,0.003313652006909251,0.0008633278775960207,0.0,0.0004210782062727958
1052,70,0.11264479905366898,6.375862722052261e-05,0.0013423748314380646,0.0924665629863739,0.0013148982543498278,0.0,0.0005623125471174717
1053,70,0.05205818638205528,0.00012346076255198568,0.0032366837840527296,0.015395109541714191,0.0015396714443340898,0.0,0.0017906217835843563
1054,70,0.11618798226118088,7.131017628125846e-05,0.0014194126706570387,0.09753996133804321,0.0007902791840024292,0.0,0.0009254506439901888
1055,70,0.06441580504179001,2.157147173420526e-05,0.0009840461425483227,0.051463790237903595,0.00045919729745946825,0.0,0.0007354424451477826
1056,70,0.09180936217308044,3.276210918556899e-05,0.0022814138792455196,0.07221168279647827,0.0006060980958864093,0.0,0.0011222526663914323
1057,70,0.1073727160692215,4.736481423606165e-05,0.0030433260835707188,0.08246505260467529,0.0008097724057734013,0.0,0.0013719242997467518
1058,70,0.03279167413711548,3.8820264308014885e-05,0.002639059443026781,0.013612023554742336,0.0006683492683805525,0.0,0.0009818276157602668
1059,70,0.0349176824092865,4.200145122013055e-05,0.002701024292036891,0.025047292932868004,0.0004215604567434639,0.0,0.00029117564554326236
1060,70,0.048100315034389496,4.0364226151723415e-05,0.002518152818083763,0.031793251633644104,0.0006800875416956842,0.0,0.0006947669317014515
1061,70,0.028503146022558212,1.9890701878466643e-05,0.0013166774297133088,0.015594075433909893,0.0005780253559350967,0.0,0.0005792249576188624
1062,70,0.060837432742118835,2.744183802860789e-05,0.0022830513771623373,0.05227575823664665,0.0003722365072462708,0.0,0.00025288184406235814
1063,70,0.04251295328140259,7.966489647515118e-05,0.004194621928036213,0.020951276645064354,0.000705075915902853,0.0,0.001023663324303925
1064,70,0.06348281353712082,9.237047197530046e-05,0.002414317801594734,0.045669831335544586,0.0006086424691602588,0.0,0.0009219870553351939
1065,70,0.047842178493738174,5.3669984481530264e-05,0.0017226123018190265,0.04020880162715912,0.0003485794586595148,0.0,0.00023713016707915813
1066,70,0.037401799112558365,3.4732507629087195e-05,0.004185718018561602,0.02365225739777088,0.0004119242075830698,0.0,0.0005409847944974899
1067,70,0.0469711609184742,2.8547412512125447e-05,0.004069668706506491,0.03420118987560272,0.0003891488304361701,0.0,0.0004780270392075181
1068,70,0.01856899820268154,1.899776361824479e-05,0.002063252031803131,0.011899900622665882,0.00032033436582423747,0.0,0.00013835036952514201
1069,70,0.015033625066280365,0.00010317662236047909,0.0021182014606893063,0.0069357845932245255,0.0002546720497775823,0.0,0.00033297427580691874
1070,70,0.026186613366007805,4.979951700079255e-05,0.001699119689874351,0.021742938086390495,0.00016204723215196282,0.0,0.00010742838639998809
1071,70,0.009236433543264866,9.27890414459398e-06,0.0011366221588104963,0.004533474799245596,0.00022015963622834533,0.0,0.00013554611359722912
1072,70,0.027488624677062035,1.82160747499438e-05,0.0007580590317957103,0.023311791941523552,0.00016698292165528983,0.0,0.00017307272355537862
1073,70,0.017251774668693542,2.663276973180473e-05,0.0011503776768222451,0.011896413750946522,0.00022893068671692163,0.0,0.00018890449427999556
1074,70,0.01723465882241726,9.174004844680894e-06,0.0007454102160409093,0.012125691398978233,0.00020805820531677455,0.0,0.00022738002007827163
1075,70,0.019948245957493782,1.1563157386262901e-05,0.0011384375393390656,0.01500694453716278,0.0002778831112664193,0.0,0.00010124689288204536
1076,70,0.012589285150170326,1.3051947462372482e-05,0.0010978064965456724,0.005701087880879641,0.00020467059221118689,0.0,0.00037306328886188567
1077,70,0.019139474257826805,2.076183409371879e-05,0.0013081504730507731,0.014417896047234535,0.00014854987966828048,0.0,0.00019071683345828205
1078,70,0.014269139617681503,3.399205161258578e-05,0.0016190683236345649,0.005102984141558409,0.0002500362752471119,0.0,0.0005012731999158859
1079,70,0.015863196924328804,2.673087510629557e-05,0.0023184155579656363,0.008520911447703838,0.00022935334709472954,0.0,0.0002703605277929455
1080,70,0.012884841300547123,9.500338819634635e-06,0.0010955305770039558,0.006069273687899113,0.00018534940318204463,0.0,0.0003857042465824634
1081,70,0.01464406494051218,1.2815208719985094e-05,0.0034126038663089275,0.00606524758040905,0.00020635634427890182,0.0,0.00030898346449248493
1082,70,0.009174717590212822,3.3405340218450874e-05,0.0008540847920812666,0.005270254332572222,0.00010269510676153004,0.0,0.00019900224287994206
1083,70,0.021338485181331635,3.443258538027294e-05,0.0026411248836666346,0.010728953406214714,0.0002927257737610489,0.0,0.0005006714491173625
1084,70,0.015565316192805767,2.3525530195911415e-05,0.001192355644889176,0.009889663197100163,0.00019340103608556092,0.0,0.00025257610832341015
1085,70,0.028676846995949745,9.441367183171678e-06,0.0027747030835598707,0.014859283342957497,0.0003752935735974461,0.0,0.0007280483841896057
1086,70,0.024842308834195137,1.8967426512972452e-05,0.001526396139524877,0.011486798524856567,0.0003973297425545752,0.0,0.0007836848380975425
1087,70,0.025604940950870514,5.344593228073791e-05,0.003743955632671714,0.016209106892347336,0.00020566573948599398,0.0,0.0003541774640325457
1088,70,0.0185641348361969,1.5123750927159563e-05,0.001307109254412353,0.005879046395421028,0.0003240965015720576,0.0,0.0008121890132315457
1089,70,0.01917964778840542,2.294009391334839e-05,0.003516199765726924,0.012754488736391068,0.00013998107169754803,0.0,0.00014862090756651014
1090,70,0.014930598437786102,3.687829303089529e-05,0.002725946018472314,0.004138447344303131,0.00021892732183914632,0.0,0.0005840053781867027
1091,70,0.01649225503206253,4.734353206004016e-05,0.0033954638056457043,0.01131571363657713,0.00011969158367719501,0.0,5.3681793360738084e-05
1092,70,0.010797635652124882,5.466559377964586e-05,0.002556686755269766,0.003549415385350585,0.00018294889014214277,0.0,0.0002807379059959203
1093,70,0.017623037099838257,2.6362420612713322e-05,0.005123990587890148,0.009917456656694412,0.00013995471817906946,0.0,0.00011556797107914463
1094,70,0.010771866887807846,1.9182736650691368e-05,0.0025648162700235844,0.004528037738054991,0.00016738778504077345,0.0,0.00019859528401866555
1095,70,0.019131368026137352,5.5651111324550584e-05,0.00653862114995718,0.008666438981890678,0.00018111520330421627,0.0,0.0002059505059150979
1096,70,0.012694356963038445,5.461608088808134e-05,0.00479478295892477,0.0033751633018255234,0.00019803401664830744,0.0,0.00024894546368159354
1097,70,0.019153814762830734,1.5778881788719445e-05,0.004666319116950035,0.008364672772586346,0.00021502833988051862,0.0,0.00039567603380419314
1098,70,0.014541142620146275,2.4563556507928297e-05,0.00606770534068346,0.0030450397171080112,0.0002089998743031174,0.0,0.00033138354774564505
1099,70,0.012171060778200626,2.6084482669830322e-05,0.002446494298055768,0.005426355171948671,0.00017709807434584945,0.0,0.000250114593654871
1100,70,0.009600192308425903,4.128720684093423e-05,0.0035886510740965605,0.0014798748306930065,0.000187457786523737,0.0,0.00026158010587096214
1101,70,0.013456624001264572,1.407101717632031e-05,0.0038136146031320095,0.005279949400573969,0.00016472394054289907,0.0,0.00027017496176995337
1102,70,0.008620558306574821,2.100652636727318e-05,0.0034328748006373644,0.0008099852711893618,0.00016110441356431693,0.0,0.00027456472162157297
1103,70,0.017246462404727936,5.271608097245917e-05,0.006833882071077824,0.006114546209573746,0.00018936998094432056,0.0,0.00023516184592153877
1104,70,0.01312270201742649,4.6081531763775274e-05,0.006287341006100178,0.0016845177160575986,0.00021908612689003348,0.0,0.00029138996615074575
1105,70,0.011477402411401272,1.8602868294692598e-05,0.0040261102840304375,0.004417480900883675,0.00015189588884823024,0.0,0.00014962487330194563
1106,70,0.00906925369054079,2.0264191334717907e-05,0.004806777462363243,0.0009973269188776612,0.00015324351261369884,0.0,0.00017124497389886528
1107,70,0.012365853413939476,4.5559965656138957e-05,0.004301699809730053,0.004321332089602947,0.00015413149958476424,0.0,0.00021559471497312188
1108,70,0.008487999439239502,5.4204119805945083e-05,0.004589392803609371,0.0010171745670959353,0.00013915772433392704,0.0,0.0001435650046914816
1109,70,0.014646890573203564,2.393963404756505e-05,0.00521836569532752,0.004382460378110409,0.00019145550322718918,0.0,0.00031075693550519645
1110,70,0.011670935899019241,2.3000624423730187e-05,0.005984097253531218,0.0014438910875469446,0.00018604815704748034,0.0,0.00023594661615788937
1111,70,0.010058192536234856,4.1311570385005325e-05,0.0032262527383863926,0.0035335468128323555,0.00012660122592933476,0.0,0.00019910690025426447
1112,70,0.007472876459360123,5.2028703066753224e-05,0.003672921797260642,0.0009163692593574524,0.00012825094745494425,0.0,0.00015490473015233874
1113,70,0.013050402514636517,2.4294056856888346e-05,0.005086081102490425,0.003778452519327402,0.0001601388939889148,0.0,0.00025601862580515444
1114,70,0.00943128764629364,2.9465525585692376e-05,0.005111100617796183,0.0010973834432661533,0.00013172542094253004,0.0,0.0001876083988463506
1115,70,0.011660877615213394,4.8171321395784616e-05,0.004270273260772228,0.003408590331673622,0.00015191241982392967,0.0,0.00024147186195477843
1116,70,0.009169716387987137,5.610561493085697e-05,0.00496964855119586,0.0013380249729380012,0.0001238928671227768,0.0,0.00015670080028939992
1117,70,0.010723643004894257,1.4828840903646778e-05,0.0038199371192604303,0.0027906419709324837,0.00016845695790834725,0.0,0.00024136662250384688
1118,70,0.008043304085731506,2.3406166292261332e-05,0.004340123385190964,0.0010750554502010345,0.00011337528849253431,0.0,0.00014709666720591486
1119,70,0.011875290423631668,3.885908881784417e-05,0.004217349924147129,0.0027921779546886683,0.0001816186122596264,0.0,0.0003010717045981437
1120,70,0.009377296082675457,4.8977879487210885e-05,0.004904512315988541,0.0012190218549221754,0.0001342957402812317,0.0,0.00018618266039993614
1121,70,0.009993515908718109,1.5459489077329636e-05,0.003166832961142063,0.0023235357366502285,0.00017500556714367121,0.0,0.000273763231234625
1122,70,0.007788727059960365,1.8710923541220836e-05,0.003914939239621162,0.0007336307317018509,0.00013399279851000756,0.0,0.00017815185128711164
1123,70,0.010582218877971172,3.7891633837716654e-05,0.003604109166190028,0.0024233185686171055,0.00016668462194502354,0.0,0.0002850053133442998
1124,70,0.007884250022470951,4.123506005271338e-05,0.0037027562502771616,0.0008266335935331881,0.0001358578010695055,0.0,0.000195504748262465
1125,70,0.010842954739928246,1.9914115910069086e-05,0.003918366972357035,0.0024073454551398754,0.00017512208432890475,0.0,0.00027461067656986415
1126,70,0.008465602993965149,2.01365564862499e-05,0.0039802780374884605,0.0007556522032245994,0.00014946266310289502,0.0,0.00022149099095258862
1127,70,0.009779848158359528,4.069929855177179e-05,0.0035576296504586935,0.0024469783529639244,0.00014012759493198246,0.0,0.00023332651471719146
1128,70,0.007193004712462425,4.0929706301540136e-05,0.0035282738972455263,0.0007109820726327598,0.00011988283949904144,0.0,0.00017139902047347277
1129,70,0.011178944259881973,2.352207593503408e-05,0.004252281505614519,0.002535821869969368,0.00016724690794944763,0.0,0.00026948493905365467
1130,70,0.008821003139019012,2.368856075918302e-05,0.0044192238710820675,0.0009066596394404769,0.00013907041284255683,0.0,0.00020807266992051154
1131,70,0.008959892205893993,3.737797305802815e-05,0.003143864218145609,0.002205814700573683,0.00013790324737783521,0.0,0.0002193802793044597
1132,70,0.006822619587182999,4.09981221309863e-05,0.003460676409304142,0.000728536513634026,0.00010827220103237778,0.0,0.00015096865536179394
1133,70,0.010735959745943546,2.3085702196112834e-05,0.003872682573273778,0.002230118028819561,0.00017349363770335913,0.0,0.00028751371428370476
1134,70,0.00832032784819603,2.4033586669247597e-05,0.004063262138515711,0.0008700169855728745,0.0001314761902904138,0.0,0.00020482533727772534
1135,70,0.008916018530726433,3.577065217541531e-05,0.003061070805415511,0.0019292243523523211,0.00014612938684877008,0.0,0.00024286593543365598
1136,70,0.006844077724963427,3.874154936056584e-05,0.003266803454607725,0.000757537258323282,0.00011094631190644577,0.0,0.00016715320816729218
1137,70,0.010150453075766563,2.1749767256551422e-05,0.00366267841309309,0.0018964086193591356,0.00017342496721539646,0.0,0.0002835366176441312
1138,70,0.007795796729624271,2.1764599296147935e-05,0.0036124528851360083,0.0007710680947639048,0.00012894168321508914,0.0,0.00021010945783928037
1139,70,0.009110940620303154,3.9186139474622905e-05,0.0033403157722204924,0.001775624928995967,0.00015081482706591487,0.0,0.00024476659018546343
1140,70,0.007049613166600466,4.023459769086912e-05,0.003315351437777281,0.0007625525468029082,0.00011294079013168812,0.0,0.0001802066690288484
1141,70,0.009566117078065872,2.3559685359941795e-05,0.003600136376917362,0.0016891390550881624,0.00016799425065983087,0.0,0.000257334002526477
1142,70,0.007376348599791527,2.3016660634311847e-05,0.0035723524633795023,0.000700608070474118,0.00012078476720489562,0.0,0.00018725235713645816
1143,70,0.009048189967870712,3.841984653263353e-05,0.0033458489924669266,0.0016110301949083805,0.00015526845527347177,0.0,0.00025002058828249574
1144,70,0.006987215019762516,4.1342929762322456e-05,0.0034277846571058035,0.0007419710163958371,0.00011049430031562224,0.0,0.0001671173085924238
1145,70,0.009256506338715553,2.1579893655143678e-05,0.0033472725190222263,0.0014440821250900626,0.0001726068730931729,0.0,0.0002717503230087459
1146,70,0.0071938904002308846,2.2568048734683543e-05,0.0034926084335893393,0.000647837296128273,0.0001188785390695557,0.0,0.0001842091151047498
1147,70,0.008841902017593384,3.6930228816345334e-05,0.0031196021009236574,0.0013906294479966164,0.00016329500067513436,0.0,0.00026617891853675246
1148,70,0.006803358439356089,3.883250610670075e-05,0.0032074642367661,0.0006397549877874553,0.00011419072689022869,0.0,0.00017753992869984359
1149,70,0.009125012904405594,2.12253253266681e-05,0.0032566965091973543,0.0013181617250666022,0.00017564337758813053,0.0,0.00027724960818886757
1150,70,0.007105461321771145,2.0825244064326398e-05,0.0032777690794318914,0.0005525496089830995,0.00012632773723453283,0.0,0.00019910403352696449
1151,70,0.0006571487756446004,8.342150067619514e-06,0.00014844743418507278,0.00017361767822876573,1.7004780602292158e-05,0.0,1.5669374988647178e-05
1152,70,0.0005257339216768742,8.882856491254643e-06,0.00010602427209960297,0.00015523808542639017,1.2999292266613338e-05,0.0,1.2559576134663075e-05
1153,70,0.0004174617351964116,7.844110768928658e-06,7.788824586896226e-05,0.00013050989946350455,9.78402022155933e-06,0.0,1.0337927960790694e-05
1154,70,0.00036680695484392345,7.490510597563116e-06,6.835612293798476e-05,0.00010247834143228829,8.864252777129877e-06,0.0,9.983944437408354e-06
1155,70,0.00032067991560325027,7.651383384654764e-06,5.468856397783384e-05,8.842124952934682e-05,7.741216904832982e-06,0.0,9.250657058146317e-06
1156,70,0.00029558304231613874,7.609835392941022e-06,4.893799268756993e-05,7.811075920471922e-05,7.073339475027751e-06,0.0,9.019106073537841e-06
1157,70,0.00026991055347025394,7.23483844922157e-06,3.547357118804939e-05,7.456955790985376e-05,6.339558240142651e-06,0.0,8.923700988816563e-06
1158,70,0.0002513222862035036,6.983311322983354e-06,2.9684935725526884e-05,6.731657776981592e-05,5.902085831621662e-06,0.0,8.831659215502441e-06
1159,70,0.00024013951770029962,6.833276074758032e-06,2.6068468287121505e-05,6.329511961666867e-05,5.526045242731925e-06,0.0,8.868219993019011e-06
1160,70,0.00023046467686071992,6.862435384391574e-06,2.317608959856443e-05,5.901901749894023e-05,5.728123142034747e-06,0.0,8.412590432271827e-06
1161,70,0.00022382981842383742,6.6078478084818926e-06,2.2344318495015614e-05,5.582096491707489e-05,5.4079987421573605e-06,0.0,8.497669114149176e-06
1162,70,0.00021874670346733183,6.641098025284009e-06,2.1463803932419978e-05,5.472086922964081e-05,5.237044206296559e-06,0.0,8.35504943097476e-06
1163,70,0.00021423008001875132,6.475036116171395e-06,2.1289899450493976e-05,5.104478259454481e-05,5.074742148281075e-06,0.0,8.467293810099363e-06
1164,70,0.00020945386495441198,6.373449650709517e-06,2.1763871700386517e-05,4.760891170008108e-05,5.038860308559379e-06,0.0,8.331901881319936e-06
1165,70,0.00020602584118023515,6.194565230543958e-06,2.2552001610165462e-05,4.6222405217122287e-05,4.936928235110827e-06,0.0,8.168758540705312e-06
1166,70,0.00020312386914156377,6.290845249168342e-06,2.183852302550804e-05,4.425158476806246e-05,4.959100806445349e-06,0.0,8.11519112176029e-06
1167,70,0.00020082367700524628,6.32713818049524e-06,2.1275416656862944e-05,4.386158616398461e-05,4.983272901881719e-06,0.0,7.952681698952802e-06
1168,70,0.00019718281691893935,6.1235332395881414e-06,2.097749529639259e-05,4.197833186481148e-05,4.839359462494031e-06,0.0,7.970987098815385e-06
1169,70,0.00019313220400363207,6.171871063997969e-06,1.996401078940835e-05,4.127644933760166e-05,4.787467332789674e-06,0.0,7.784520676068496e-06
1170,70,0.00018964920309372246,6.144838152977172e-06,1.854819493019022e-05,4.146238643443212e-05,4.675593118008692e-06,0.0,7.673784239159431e-06
1171,70,0.00018704294052440673,6.075129931559786e-06,1.7917687728186138e-05,4.1698262066347525e-05,4.530332262220327e-06,0.0,7.604854545206763e-06
1172,70,0.00018440483836457133,6.201710675668437e-06,1.7585884052095935e-05,4.05018545279745e-05,4.551794972940115e-06,0.0,7.459744665538892e-06
1173,70,0.00018161960178986192,6.1053087847540155e-06,1.742351014399901e-05,3.872212255373597e-05,4.552481186692603e-06,0.0,7.384384844044689e-06
1174,70,0.00017967901658266783,6.171233053464675e-06,1.6877051166375168e-05,3.7019679439254105e-05,4.618797902367078e-06,0.0,7.3423075264145155e-06
1175,70,0.00017784113879315555,5.9757849157904275e-06,1.6689751646481454e-05,3.7067966331960633e-05,4.409976554597961e-06,0.0,7.400786671496462e-06
1176,70,0.0001748759823385626,6.088473583076848e-06,1.626731682335958e-05,3.727257717400789e-05,4.417914624355035e-06,0.0,7.1068466240831185e-06
1177,70,0.0001727782073430717,5.9851772675756365e-06,1.6073676306405105e-05,3.710495002451353e-05,4.396290933073033e-06,0.0,6.9651505327783525e-06
1178,70,0.00017036189092323184,5.813974439661251e-06,1.6007817976060323e-05,3.741988984984346e-05,4.250464371580165e-06,0.0,6.861555448267609e-06
1179,70,0.0001684001472312957,5.816173597850138e-06,1.5949030057527125e-05,3.6926889151800424e-05,4.236915174260503e-06,0.0,6.733891041221796e-06
1180,70,0.00016591379244346172,5.934342880209442e-06,1.5642037396901287e-05,3.5328812373336405e-05,4.3704731069738045e-06,0.0,6.530387054226594e-06
1181,70,0.00016476187738589942,5.880056050955318e-06,1.5658251868444495e-05,3.496123099466786e-05,4.338829967309721e-06,0.0,6.487404789368156e-06
1182,70,0.0001633589854463935,5.7991901485365815e-06,1.553696347400546e-05,3.474968616501428e-05,4.281720066501293e-06,0.0,6.445595772675006e-06
1183,70,0.00016204550047405064,5.717944077332504e-06,1.5648773114662617e-05,3.6176974390400574e-05,4.317669208830921e-06,0.0,6.132511771284044e-06
1184,70,0.00016047235112637281,5.595556558546377e-06,1.541978599561844e-05,3.6404209822649136e-05,4.2308347474318e-06,0.0,6.074445991544053e-06
1185,70,0.00015898977289907634,5.542948201764375e-06,1.5258564417308662e-05,3.515994467306882e-05,4.1275425246567465e-06,0.0,6.175290309329284e-06
1186,70,0.00015726216952316463,5.605179467238486e-06,1.546239036542829e-05,3.533150447765365e-05,4.092074050277006e-06,0.0,5.994234470563242e-06
1187,70,0.0001553347537992522,5.579984645009972e-06,1.551079549244605e-05,3.519926394801587e-05,4.169405201537302e-06,0.0,5.73506576984073e-06
1188,70,0.0001535304036224261,5.561407306231558e-06,1.5589705071761273e-05,3.4666110877878964e-05,4.143854766880395e-06,0.0,5.6274625421792734e-06
1189,70,0.00015171556151472032,5.5411273933714256e-06,1.5324922060244717e-05,3.448449569987133e-05,4.120663106732536e-06,0.0,5.515838438441278e-06
1190,70,0.0001495763281127438,5.5926439017639495e-06,1.5346122381743044e-05,3.450316216913052e-05,4.116646323382156e-06,0.0,5.296793915476883e-06
1191,70,0.00014750947593711317,5.568950655288063e-06,1.5228743905026931e-05,3.491011375444941e-05,4.1743928704818245e-06,0.0,5.005773800803581e-06
1192,70,0.00014597387053072453,5.542065537156304e-06,1.5018962585600093e-05,3.478021244518459e-05,4.114634521101834e-06,0.0,4.9486288844491355e-06
1193,70,0.00014447365538217127,5.52296478417702e-06,1.4864293916616589e-05,3.5651730286190286e-05,4.054340934089851e-06,0.0,4.789126251125708e-06
1194,70,0.00014304676733445376,5.4624351832899265e-06,1.4963095054554287e-05,3.5044467949774116e-05,4.0011391320149414e-06,0.0,4.7565376917191315e-06
1195,70,0.00014148403715807945,5.407571734394878e-06,1.5232094483508263e-05,3.482727333903313e-05,4.002786681667203e-06,0.0,4.598923169396585e-06
1196,70,0.0001404038048349321,5.3454477892955765e-06,1.5030279428174254e-05,3.456521881162189e-05,3.933975676773116e-06,0.0,4.6123104766593315e-06
1197,70,0.00013874779688194394,5.377385150495684e-06,1.4756903510715347e-05,3.4040520404232666e-05,4.083944077137858e-06,0.0,4.373354386189021e-06
1198,70,0.00013683625729754567,5.304661044647219e-06,1.427815186616499e-05,3.367579120094888e-05,3.995101906184573e-06,0.0,4.3626628212223295e-06
1199,70,0.00013591983588412404,5.330189651431283e-06,1.4074226783122867e-05,3.432041557971388e-05,4.008435098512564e-06,0.0,4.211064606352011e-06
1200,70,0.00013506063260138035,5.345189947547624e-06,1.3901602869736962e-05,3.457155980868265e-05,3.998692136519821e-06,0.0,4.1255357245972846e-06
1201,80,0.013377721421420574,1.5950430679367855e-05,0.0007079935166984797,0.0026675923727452755,0.0006040423177182674,0.0,0.0003945761127397418
1202,80,0.039816536009311676,9.064305777428672e-05,0.009870294481515884,0.015000504441559315,0.0006964054191485047,0.0,0.0007891042623668909
1203,80,0.02902744896709919,7.825816283002496e-05,0.004492261912673712,0.006701405625790358,0.0007856727461330593,0.0,0.0009898794814944267
1204,80,0.03364063426852226,7.836675649741665e-05,0.00795564241707325,0.013991421088576317,0.000619244237896055,0.0,0.000542276247870177
1205,80,0.02842182293534279,4.4364718633005396e-05,0.009831071831285954,0.003146600443869829,0.0006651698495261371,0.0,0.0008748089312575758
1206,80,0.018329830840229988,6.896838021930307e-05,0.00272729923017323,0.008166457526385784,0.0003748266026377678,0.0,0.0003618840710259974
1207,80,0.04118969291448593,0.00010605300485622138,0.008315577171742916,0.02275845594704151,0.0004925686516799033,0.0,0.0005083918804302812
1208,80,0.023454152047634125,3.721444227267057e-05,0.002165615325793624,0.01396809983998537,0.00039513673982582986,0.0,0.0003331855987198651
1209,80,0.049116604030132294,2.7706215405487455e-05,0.00817781686782837,0.032118309289216995,0.00038751211832277477,0.0,0.0004917650949209929
1210,80,0.0513928085565567,4.6991946874186397e-05,0.013500502333045006,0.026397110894322395,0.00045571313239634037,0.0,0.0006891072844155133
1211,80,0.01876888982951641,1.4936294064682443e-05,0.0023344720248132944,0.010179216973483562,0.00032326439395546913,0.0,0.0003007621271535754
1212,80,0.022706160321831703,0.00013329989451449364,0.011004381813108921,0.005626371130347252,0.00038790813414379954,0.0,0.00020630261860787868
1213,80,0.025538096204400063,8.564078598283231e-05,0.005511767230927944,0.0147815877571702,0.00032459638896398246,0.0,0.00019131359294988215
1214,80,0.016201749444007874,3.661142909550108e-05,0.006297179497778416,0.0027874924708157778,0.0002419682132313028,0.0,0.00046607840340584517
1215,80,0.019964158535003662,3.061922325287014e-05,0.004250492434948683,0.010541028343141079,0.00017338094767183065,0.0,0.00034082093043252826
1216,80,0.014715051278471947,4.6225522964959964e-05,0.00367953279055655,0.004144204780459404,0.00036059183184988797,0.0,0.00032391707645729184
1217,80,0.013035310432314873,3.824443047051318e-05,0.0014327897224575281,0.006634411867707968,0.00026320552569814026,0.0,0.0002297808969160542
1218,80,0.026645587757229805,2.4186425434891135e-05,0.006911535747349262,0.012680732645094395,0.00022207768051885068,0.0,0.0004808357043657452
1219,80,0.017201952636241913,1.871555832622107e-05,0.004581943619996309,0.004504458978772163,0.00021439007832668722,0.0,0.0005952933570370078
1220,80,0.028433725237846375,6.411782669601962e-05,0.006230485625565052,0.016551382839679718,0.0003959311288781464,0.0,0.00016284274170175195
1221,80,0.025681622326374054,7.51991756260395e-05,0.009852771647274494,0.008210686035454273,0.0004538572102319449,0.0,0.00030043930746614933
1222,80,0.012805085629224777,2.284501533722505e-05,0.0009642917430028319,0.00944740604609251,0.0001058096022461541,0.0,0.0001312446838710457
1223,80,0.01673653908073902,5.5844924645498395e-05,0.007351868320256472,0.0026740068569779396,0.0002321054198546335,0.0,0.00043337649549357593
1224,80,0.010319281369447708,5.8849805100180674e-06,0.0005909493193030357,0.00595547491684556,0.00013394684356171638,0.0,0.0002427503204671666
1225,80,0.026513945311307907,4.7227305913111195e-05,0.006335014943033457,0.012577870860695839,0.00038818237953819335,0.0,0.00036720093339681625
1226,80,0.020422659814357758,3.27580128214322e-05,0.002745967358350754,0.01124249491840601,0.0002858134685084224,0.0,0.00035433046286925673
1227,80,0.018592502921819687,1.5767476725159213e-05,0.002911617513746023,0.008701670914888382,0.000192009232705459,0.0,0.0005043352721258998
1228,80,0.020229699090123177,2.008545743592549e-05,0.002643536776304245,0.0075350673869252205,0.0003009480715263635,0.0,0.0007021529017947614
1229,80,0.012451046146452427,8.254531167040113e-06,0.0013890309492126107,0.006676652934402227,0.0001888084370875731,0.0,0.00024890239001251757
1230,80,0.014219345524907112,1.1167854609084316e-05,0.0014083955902606249,0.003897240152582526,0.00038544635754078627,0.0,0.0005048078019171953
1231,80,0.010925766080617905,6.383882009686204e-06,0.00092876679264009,0.0057230498641729355,0.00014722520427312702,0.0,0.0002795312902890146
1232,80,0.012204728089272976,8.122800863930024e-06,0.0010530604049563408,0.002295567188411951,0.0002906853915192187,0.0,0.0005941123818047345
1233,80,0.0067599257454276085,1.0211320841335692e-05,0.000599135528318584,0.003940691240131855,9.456351108383387e-05,0.0,0.00012642524961847812
1234,80,0.02464919537305832,8.234424058173317e-06,0.0015562503831461072,0.010105782188475132,0.0005310210981406271,0.0,0.0007668716716580093
1235,80,0.018377646803855896,4.877922492596554e-06,0.000991563661955297,0.008919216692447662,0.00034009868977591395,0.0,0.0005061000701971352
1236,80,0.01373453438282013,1.1703416930686217e-05,0.0013059010962024331,0.00519605865702033,0.00024325167760252953,0.0,0.0004788353980984539
1237,80,0.014604434370994568,8.685942702868488e-06,0.000856467115227133,0.0071883052587509155,0.00021876260871067643,0.0,0.0004363350453786552
1238,80,0.011946700513362885,6.558957011293387e-06,0.0012292842147871852,0.0043755085207521915,0.000251790537731722,0.0,0.00038174440851435065
1239,80,0.010525170713663101,1.0275201930198818e-05,0.00046664520050399005,0.00541849248111248,0.00022028393868822604,0.0,0.00024269182176794857
1240,80,0.015964992344379425,1.553024776512757e-05,0.0016321793664246798,0.006090575363487005,0.0002785803226288408,0.0,0.0005440904060378671
1241,80,0.013020571321249008,6.759941697964678e-06,0.0004972484894096851,0.005985006224364042,0.00019560330838430673,0.0,0.00045755234896205366
1242,80,0.01559394784271717,7.470547643606551e-06,0.0023292324040085077,0.005212108604609966,0.0002819423098117113,0.0,0.0005225712666288018
1243,80,0.01547487173229456,9.07533376448555e-06,0.00035243990714661777,0.007306693587452173,0.00029473399627022445,0.0,0.000485932279843837
1244,80,0.011952408589422703,2.810839760059025e-05,0.003265419276431203,0.0028596504125744104,0.0002308089897269383,0.0,0.00034911397960968316
1245,80,0.012091893702745438,7.839452337066177e-06,0.0004330789379309863,0.0055047874338924885,0.00018199619080405682,0.0,0.00043262256076559424
1246,80,0.013521802611649036,1.963529757631477e-05,0.004159249365329742,0.0026208963245153427,0.00024693284649401903,0.0,0.00042526936158537865
1247,80,0.011123773641884327,5.967751349089667e-06,0.00042059310362674296,0.005741346627473831,0.0001882674841908738,0.0,0.00030731913284398615
1248,80,0.014976486563682556,3.594792724470608e-05,0.005387806799262762,0.0027213222347199917,0.0002769310085568577,0.0,0.00040620999061502516
1249,80,0.01321338303387165,1.0076748367282562e-05,0.0011797330807894468,0.006843844894319773,0.00016349936777260154,0.0,0.00035447344998829067
1250,80,0.013120127841830254,3.276109782746062e-05,0.00543433940038085,0.0011167027987539768,0.00025631010066717863,0.0,0.00039732232107780874
1251,80,0.012426633387804031,1.1312796232232358e-05,0.0021138442680239677,0.0053679258562624454,0.00016916607273742557,0.0,0.00032418896444141865
1252,80,0.011234508827328682,4.2372335883555934e-05,0.005143111106008291,0.0007279666606336832,0.00025178948999382555,0.0,0.00028031630790792406
1253,80,0.00930817797780037,2.0807765395147726e-05,0.0022890905383974314,0.003631304483860731,0.00011268159141764045,0.0,0.0002240159665234387
1254,80,0.01249967236071825,3.448939241934568e-05,0.005767557304352522,0.0004548835859168321,0.00025712844217196107,0.0,0.00036714578163810074
1255,80,0.00917540118098259,1.9445642465143465e-05,0.003470032010227442,0.0022015648428350687,0.00011657032882794738,0.0,0.0002318655460840091
1256,80,0.012463702820241451,4.8526264436077327e-05,0.0058429427444934845,0.00048004023847170174,0.00027203690842725337,0.0,0.0003371824277564883
1257,80,0.010290553793311119,4.1778042941587046e-05,0.004899162333458662,0.001618228037841618,0.00015419433475472033,0.0,0.0002189442457165569
1258,80,0.009433296509087086,2.2599522708333097e-05,0.004028748255223036,0.00040574310696683824,0.00020582342403940856,0.0,0.00029179712873883545
1259,80,0.007283089216798544,2.244354436697904e-05,0.0037874539848417044,0.0007511293515563011,9.75077273324132e-05,0.0,0.00017469855083618313
1260,80,0.011717191897332668,4.598552186507732e-05,0.005437671206891537,0.0005242431070655584,0.00023162204888649285,0.0,0.0003393071820028126
1261,80,0.009145285934209824,4.468917177291587e-05,0.005120988469570875,0.0007438104366883636,0.00014122662832960486,0.0,0.00018235313473269343
1262,80,0.009945198893547058,2.2170788724906743e-05,0.004242949653416872,0.00042244672658853233,0.00019780681759584695,0.0,0.00032795636798255146
1263,80,0.008470533415675163,2.934832446044311e-05,0.004949971567839384,0.00031587775447405875,0.00011397013440728188,0.0,0.0002035634097410366
1264,80,0.009434711188077927,3.321528129163198e-05,0.0037368573248386383,0.0005380546790547669,0.00018859512056224048,0.0,0.000324063264997676
1265,80,0.007411082740873098,3.9670143451076e-05,0.004353771917521954,0.0004234768857713789,0.00011786688992287964,0.0,0.00014154949167277664
1266,80,0.010687683708965778,2.2764406821806915e-05,0.004263809882104397,0.0007655743393115699,0.0002024066197918728,0.0,0.00036114692920818925
1267,80,0.00857582874596119,3.077167639276013e-05,0.0050761522725224495,0.00025929530966095626,0.00011761696077883244,0.0,0.00020334396685939282
1268,80,0.009334913454949856,2.7987820431008004e-05,0.0032278939615935087,0.0009595789015293121,0.0001695171231403947,0.0,0.00034242813126184046
1269,80,0.007501293905079365,3.8471589505206794e-05,0.004375571385025978,0.00028487754752859473,0.0001150474272435531,0.0,0.00016518992197234184
1270,80,0.009812835603952408,1.928927122207824e-05,0.003300467738881707,0.0011396935442462564,0.00018714806356001645,0.0,0.00034819048596546054
1271,80,0.007428152021020651,2.6940560928778723e-05,0.004231769125908613,0.00026746041839942336,0.00010581101378193125,0.0,0.00018438721599522978
1272,80,0.010189224034547806,2.8298067263676785e-05,0.0033295657485723495,0.0012297523207962513,0.0001762312022037804,0.0,0.0003839296696241945
1273,80,0.00809331052005291,3.698122964124195e-05,0.004397398326545954,0.0003569146792870015,0.00012119793973397464,0.0,0.0002090036286972463
1274,80,0.008910685777664185,1.7194812244269997e-05,0.002596337581053376,0.0012613311409950256,0.00017087082960642874,0.0,0.0003327113518025726
1275,80,0.0068309856578707695,2.5305704184575006e-05,0.003540007397532463,0.00034608878195285797,0.00010482744983164594,0.0,0.0001871309505077079
1276,80,0.010025749914348125,2.3865939510869794e-05,0.0030228784307837486,0.0014098422834649682,0.0001694131933618337,0.0,0.00038750312523916364
1277,80,0.007706230506300926,3.0035675081308e-05,0.003612124128267169,0.0004959913203492761,0.00011911593173863366,0.0,0.0002376920310780406
1278,80,0.0090639041736722,1.6429698007414117e-05,0.00264483829960227,0.0014139920240268111,0.0001673412771197036,0.0,0.00033152318792417645
1279,80,0.007201937958598137,2.047903763013892e-05,0.003075630869716406,0.0005900926771573722,0.00011992658255621791,0.0,0.0002316469035577029
1280,80,0.00912370067089796,2.3177575712907128e-05,0.0028050453402101994,0.0013621739344671369,0.0001505409018136561,0.0,0.0003427894553169608
1281,80,0.0070967357605695724,2.3688486180617474e-05,0.002813753904774785,0.0006768532912246883,0.00011371971049811691,0.0,0.0002445243007969111
1282,80,0.009276327677071095,1.9080958736594766e-05,0.0029823859222233295,0.0013458982575684786,0.00016583716205786914,0.0,0.00032705909688957036
1283,80,0.007529804483056068,1.859524672909174e-05,0.0028132109437137842,0.0008296536398120224,0.00013119648792780936,0.0,0.0002556380059104413
1284,80,0.008450200781226158,2.4220002160291187e-05,0.0028256340883672237,0.001183685497380793,0.00013768923236057162,0.0,0.00030397684895433486
1285,80,0.0067226095125079155,2.1487816411536187e-05,0.0024193490389734507,0.0007645690930075943,0.00011055008508265018,0.0,0.00024117027351167053
1286,80,0.009325768798589706,2.16889147850452e-05,0.003221676452085376,0.001273200148716569,0.00016127480193972588,0.0,0.0003196455363649875
1287,80,0.007715748623013496,1.8524311599321663e-05,0.002669180277734995,0.000969946791883558,0.00013593876792583615,0.0,0.00026987094315700233
1288,80,0.007999355904757977,2.44229468080448e-05,0.0028723711147904396,0.001065626391209662,0.0001284753525396809,0.0,0.000275218189926818
1289,80,0.006529578939080238,1.9692815840244293e-05,0.0021881526336073875,0.0008410225855186582,0.00010942001244984567,0.0,0.00023865110415499657
1290,80,0.009188897907733917,2.361863516853191e-05,0.003375645726919174,0.0011921986006200314,0.00015434290980920196,0.0,0.0003054005792364478
1291,80,0.007711105048656464,1.885843630589079e-05,0.0025550355203449726,0.0010627600131556392,0.00013680916163139045,0.0,0.0002706359373405576
1292,80,0.007697166875004768,2.4796197976684198e-05,0.002959715435281396,0.0009408361511304975,0.00012163879000581801,0.0,0.0002555431565269828
1293,80,0.006379302591085434,1.9066139429924078e-05,0.002085648011416197,0.0008724874933250248,0.00010699786071199924,0.0,0.00023321228218264878
1294,80,0.008998321369290352,2.438466799503658e-05,0.003468984505161643,0.0010743236634880304,0.0001485683606006205,0.0,0.00029449452995322645
1295,80,0.007582269608974457,1.8593864297145046e-05,0.0024941684678196907,0.0010277737164869905,0.00013504305388778448,0.0,0.0002691303670872003
1296,80,0.007520738057792187,2.5592340534785762e-05,0.003028827253729105,0.0008816507761366665,0.00011684286437230185,0.0,0.00024162391491699964
1297,80,0.006267885211855173,1.8972295947605744e-05,0.0020502854604274035,0.0008254737476818264,0.00010628753807395697,0.0,0.00023102783598005772
1298,80,0.008761567063629627,2.4677017790963873e-05,0.003508881200104952,0.0010291837388649583,0.00014206222840584815,0.0,0.00027782030520029366
1299,80,0.007354934234172106,1.8103030015481636e-05,0.0024495143443346024,0.0009625375387258828,0.00013099232455715537,0.0,0.0002614856348372996
1300,80,0.007462693378329277,2.6154557417612523e-05,0.0031139198690652847,0.0008831057930365205,0.00011367467959644273,0.0,0.0002302766079083085
1301,80,0.000471889361506328,3.4286622394574806e-06,9.975761349778622e-05,0.00014493247726932168,9.411239261680748e-06,0.0,1.2965820133103989e-05
1302,80,0.00034289376344531775,4.235965207044501e-06,6.655144534306601e-05,0.00010865556396311149,7.501716936531011e-06,0.0,8.843362593324855e-06
1303,80,0.0002717430470511317,3.0004548534634523e-06,5.5368593166349456e-05,8.569288183934987e-05,5.14137718710117e-06,0.0,7.626736078236718e-06
1304,80,0.00023861591762397438,2.6845757474802667e-06,5.220453749643639e-05,7.573575567221269e-05,4.325929694459774e-06,0.0,6.473174835264217e-06
1305,80,0.0002089112822432071,2.522127260817797e-06,4.4265583710512146e-05,6.805212615290657e-05,3.653190560726216e-06,0.0,5.7539537010598e-06
1306,80,0.00018871565407607704,2.478478563716635e-06,3.8457350456155837e-05,6.277579814195633e-05,3.040493083972251e-06,0.0,5.459909061755752e-06
1307,80,0.00017109964392147958,2.2354654447553912e-06,3.6236328014638275e-05,5.529064583242871e-05,2.6778586743603228e-06,0.0,5.055861038272269e-06
1308,80,0.00015039148274809122,1.9950969090132276e-06,3.109507088083774e-05,4.726575571112335e-05,2.548759766796138e-06,0.0,4.454795089259278e-06
1309,80,0.00014032877516001463,2.0013717403344344e-06,2.9870330763515085e-05,4.358071237220429e-05,2.433785311950487e-06,0.0,4.053849806950893e-06
1310,80,0.00013176380889490247,1.928240635606926e-06,2.7008631150238216e-05,4.141665340284817e-05,2.263091801069095e-06,0.0,3.877935796481324e-06
1311,80,0.0001209006441058591,1.8228568023914704e-06,2.396889431111049e-05,3.516240758472122e-05,2.03838681045454e-06,0.0,3.956261025450658e-06
1312,80,0.00011329067638143897,1.7270484704567934e-06,2.242665686935652e-05,3.339296017657034e-05,2.024209834416979e-06,0.0,3.5501916499924846e-06
1313,80,0.00010879783076234162,1.8234256913274294e-06,2.1816473235958256e-05,3.31245428242255e-05,1.8732235957941157e-06,0.0,3.3301153052889276e-06
1314,80,0.0001047174446284771,1.7195615100717987e-06,2.0647188648581505e-05,3.161207496304996e-05,1.65321455369849e-06,0.0,3.4206477721454576e-06
1315,80,0.00010110302537214011,1.8185193084718776e-06,1.977997089852579e-05,3.077603832934983e-05,1.5302493920898996e-06,0.0,3.3425999390601646e-06
1316,80,9.722022514324635e-05,1.7816499848777312e-06,1.8807817468768917e-05,2.8339676646282896e-05,1.5862171949265758e-06,0.0,3.242891807531123e-06
1317,80,9.351358312414959e-05,1.7417930848750984e-06,1.7801767171476968e-05,2.7764495825977065e-05,1.4622946764575318e-06,0.0,3.158258095936617e-06
1318,80,9.064179903361946e-05,1.737396587486728e-06,1.7071786714950576e-05,2.7270876671536826e-05,1.3655005659529706e-06,0.0,3.0906730899005197e-06
1319,80,8.803646778687835e-05,1.674077111601946e-06,1.6340718502760865e-05,2.73683835985139e-05,1.3620831396110589e-06,0.0,2.9032453312538564e-06
1320,80,8.554445230402052e-05,1.7704884385238984e-06,1.549431908642873e-05,2.695695002330467e-05,1.417582552676322e-06,0.0,2.7146870706928894e-06
1321,80,8.382744999835268e-05,1.7970340877582203e-06,1.5046763110149186e-05,2.6185543902101927e-05,1.4142196960165165e-06,0.0,2.6655914098228095e-06
1322,80,8.197840361390263e-05,1.704067358332395e-06,1.4586810721084476e-05,2.555549690441694e-05,1.3193260883781477e-06,0.0,2.6938771497952985e-06
1323,80,7.99779809312895e-05,1.7683212263364112e-06,1.4044865565665532e-05,2.4420352929155342e-05,1.3572480384027585e-06,0.0,2.6171958324994193e-06
1324,80,7.81092603574507e-05,1.816931785469933e-06,1.368671564705437e-05,2.335040335310623e-05,1.410303980264871e-06,0.0,2.5152169200737262e-06
1325,80,7.655368244741112e-05,1.8112730231223395e-06,1.3523036614060402e-05,2.249029239465017e-05,1.3432468222163152e-06,0.0,2.5296612875536084e-06
1326,80,7.52554478822276e-05,1.781070977813215e-06,1.3241627129900735e-05,2.2435329810832627e-05,1.296481514145853e-06,0.0,2.483260686858557e-06
1327,80,7.377498695859686e-05,1.7809479686548002e-06,1.3061721801932435e-05,2.253399907203857e-05,1.3382141332840547e-06,0.0,2.301617996636196e-06
1328,80,7.255678065121174e-05,1.7431360674891039e-06,1.2863330994150601e-05,2.287524512212258e-05,1.2602256447280524e-06,0.0,2.247281599920825e-06
1329,80,7.132157043088228e-05,1.741078563100018e-06,1.2550635801744647e-05,2.2247742890613154e-05,1.2428243962858687e-06,0.0,2.2353865460900124e-06
1330,80,6.988976383581758e-05,1.6350877558579668e-06,1.2250498002686072e-05,2.164665966120083e-05,1.2122709449613467e-06,0.0,2.223480805696454e-06
1331,80,6.881810259073973e-05,1.6431037010988803e-06,1.2118729500798509e-05,2.1290386939654127e-05,1.154390133706329e-06,0.0,2.222198418166954e-06
1332,80,6.7367815063335e-05,1.622323338779097e-06,1.2029865501972381e-05,2.045233122771606e-05,1.1715836762959952e-06,0.0,2.154745743609965e-06
1333,80,6.635616591665894e-05,1.5340558547904948e-06,1.2049019460391719e-05,2.0072295228601433e-05,1.1960134997934802e-06,0.0,2.074065832857741e-06
1334,80,6.506223871838301e-05,1.5757415212647174e-06,1.1789922609750647e-05,2.0183619199087843e-05,1.2214634352858411e-06,0.0,1.929832478708704e-06
1335,80,6.406840839190409e-05,1.5906528005871223e-06,1.1714541869878303e-05,1.9828976292046718e-05,1.2168388821010012e-06,0.0,1.8765849745250307e-06
1336,80,6.327232404146343e-05,1.633585270610638e-06,1.1412133972044103e-05,1.9931860151700675e-05,1.2059916798534687e-06,0.0,1.8234828758068033e-06
1337,80,6.262440729187801e-05,1.584050210112764e-06,1.1194447324669454e-05,1.9484577933326364e-05,1.1942968285438837e-06,0.0,1.8418363652017433e-06
1338,80,6.163149373605847e-05,1.6147496353369206e-06,1.0879341971303802e-05,1.9344033717061393e-05,1.20781737678044e-06,0.0,1.7715200328893843e-06
1339,80,6.05927016295027e-05,1.57115027832333e-06,1.0571176972007379e-05,1.8956243366119452e-05,1.1692831094478606e-06,0.0,1.7801299918573932e-06
1340,80,6.0003534599673e-05,1.5377717090814258e-06,1.0468373147887178e-05,1.8884036762756296e-05,1.1511920092743821e-06,0.0,1.7601433910385822e-06
1341,80,5.955548112979159e-05,1.562542024657887e-06,1.0287229088135064e-05,1.9004306523129344e-05,1.1959330095123732e-06,0.0,1.6742070556574618e-06
1342,80,5.9072284784633666e-05,1.557571977173211e-06,1.0047825526271481e-05,1.8326607460039668e-05,1.211601102113491e-06,0.0,1.7024269709509099e-06
1343,80,5.829116344102658e-05,1.5058067219797522e-06,9.852684343059082e-06,1.7879054212244228e-05,1.2034672636218602e-06,0.0,1.7018949165503727e-06
1344,80,5.7546461903257295e-05,1.465282252866018e-06,9.667374797572847e-06,1.787424844224006e-05,1.1422994248277973e-06,0.0,1.7116562958108261e-06
1345,80,5.686828080797568e-05,1.449964315725083e-06,9.481464985583443e-06,1.78521586349234e-05,1.1315964911773335e-06,0.0,1.676872898315196e-06
1346,80,5.624127879855223e-05,1.4205090792529518e-06,9.1571300799842e-06,1.7939541066880338e-05,1.129641759689548e-06,0.0,1.6427683249276015e-06
1347,80,5.577204137807712e-05,1.4278276694312808e-06,9.053230314748362e-06,1.8025839381152764e-05,1.1218648978683632e-06,0.0,1.6046495829868945e-06
1348,80,5.525885717361234e-05,1.4127972463029437e-06,8.769903615757357e-06,1.7814996681408957e-05,1.1228135008423124e-06,0.0,1.6033022802730557e-06
1349,80,5.489303293870762e-05,1.4202774991645128e-06,8.656126738060266e-06,1.7497692169854417e-05,1.1319956456645741e-06,0.0,1.5998977005438064e-06
1350,80,5.4536743846256286e-05,1.4356801329995506e-06,8.506815902364906e-06,1.747628630255349e-05,1.1600864127103705e-06,0.0,1.5517098290729336e-06
1351,90,0.009466378949582577,5.527596385945799e-06,0.00031629184377379715,0.0018156163860112429,0.0006041393498890102,0.0,0.00012875499669462442
1352,90,0.04500546306371689,0.00011232928954996169,0.005669657606631517,0.010446646250784397,0.0014136654790490866,0.0,0.001464017666876316
1353,90,0.04363951086997986,7.076586916809902e-05,0.003446419956162572,0.014789883978664875,0.001379298628307879,0.0,0.0011539454571902752
1354,90,0.03666943684220314,2.273780592076946e-05,0.00337650952860713,0.0055662295781075954,0.0013375761918723583,0.0,0.0014328196411952376
1355,90,0.03521857410669327,4.766421625390649e-05,0.0043839262798428535,0.013840602710843086,0.0006007501506246626,0.0,0.0010938880732282996
1356,90,0.024411320686340332,1.106422769225901e-05,0.0031031128019094467,0.0059631275944411755,0.0007623111596331,0.0,0.0007710902718827128
1357,90,0.02902035415172577,1.8336962966714054e-05,0.0017202665330842137,0.01303426269441843,0.0008666900685057044,0.0,0.0005580586148425937
1358,90,0.021264120936393738,4.2818319343496114e-05,0.0020952438935637474,0.009095076471567154,0.00045687324018217623,0.0,0.0005462248809635639
1359,90,0.02540937066078186,2.0624929675250314e-05,0.003479563631117344,0.008144899271428585,0.0005120188579894602,0.0,0.0008644093759357929
1360,90,0.024361131712794304,4.5307773689273745e-05,0.00405588373541832,0.015320568345487118,0.00031793766538612545,0.0,0.00017599952116142958
1361,90,0.028900856152176857,1.0408683920104522e-05,0.0017722490010783076,0.00592866912484169,0.0008455039351247251,0.0,0.001273448928259313
1362,90,0.027848519384860992,2.573323763499502e-05,0.0019005073700100183,0.017801053822040558,0.00038480100920423865,0.0,0.00042732132715173066
1363,90,0.028423987329006195,2.7029909688280895e-06,0.0019655139185488224,0.004303001333028078,0.0007587993750348687,0.0,0.0014564775628969073
1364,90,0.023748472332954407,2.8370641302899458e-05,0.000999489682726562,0.008361010812222958,0.0004400940961204469,0.0,0.000995866023004055
1365,90,0.029948197305202484,7.828792149666697e-05,0.0038825643714517355,0.008717519231140614,0.0008963549043983221,0.0,0.0008306276286020875
1366,90,0.019398566335439682,1.9486073142616078e-05,0.002368491841480136,0.003744034329429269,0.0005410799640230834,0.0,0.0007855755393393338
1367,90,0.028170540928840637,3.23587009916082e-05,0.0031949628610163927,0.007135392632335424,0.0007061020005494356,0.0,0.0010746805928647518
1368,90,0.02336956188082695,6.313022458925843e-05,0.006049939896911383,0.005257921759039164,0.00047287525376304984,0.0,0.0007269816705957055
1369,90,0.01544321607798338,2.6507699658395723e-05,0.0018178151221945882,0.0029037173371762037,0.0006472806562669575,0.0,0.00042223697528243065
1370,90,0.016808798536658287,6.508355727419257e-05,0.007027127780020237,0.0029699422884732485,0.00033300777431577444,0.0,0.0003416567633394152
1371,90,0.013111701235175133,3.648543861345388e-05,0.0027761361561715603,0.001973044592887163,0.0003440511354710907,0.0,0.000488552323076874
1372,90,0.01569223590195179,6.05746972723864e-05,0.008096526376903057,0.00155967369209975,0.0002349763090023771,0.0,0.00036256981547921896
1373,90,0.011140745133161545,1.75576005858602e-05,0.0024564231280237436,0.0021214254666119814,0.00024215431767515838,0.0,0.00041237962432205677
1374,90,0.027992090210318565,0.0001139235173468478,0.011352797970175743,0.0019125782418996096,0.0006452243542298675,0.0,0.0008160548168234527
1375,90,0.026869289577007294,0.00010649231990100816,0.009100529365241528,0.00641086557880044,0.0005649454542435706,0.0,0.0005601947195827961
1376,90,0.01882772333920002,3.0064324164413847e-05,0.0036178685259073973,0.003547550179064274,0.0005151440855115652,0.0,0.0006480799638666213
1377,90,0.01984569802880287,7.742716843495145e-05,0.006480253767222166,0.002575518097728491,0.0005250755930319428,0.0,0.0005461742402985692
1378,90,0.019945910200476646,1.2016064829367679e-05,0.0014907738659530878,0.005397071596235037,0.0005072432104498148,0.0,0.0007973617175593972
1379,90,0.01290612481534481,3.551077679730952e-05,0.0022715048398822546,0.0007180608226917684,0.0005033599445596337,0.0,0.0004847449017688632
1380,90,0.02124779298901558,8.524451004632283e-06,0.0023163773585110903,0.004950459580868483,0.0005828904686495662,0.0,0.0008143525919876993
1381,90,0.01742352731525898,7.5212287811154965e-06,0.0012306313728913665,0.003309919498860836,0.0005883232224732637,0.0,0.0006992222624830902
1382,90,0.01742657646536827,5.15481733600609e-05,0.003600065130740404,0.002096879296004772,0.0004608937888406217,0.0,0.0007069145212881267
1383,90,0.01595008373260498,2.205408782174345e-05,0.0011579786660149693,0.003319181501865387,0.0005184923065826297,0.0,0.0006265945266932249
1384,90,0.0192934088408947,4.8818728828337044e-05,0.005604747217148542,0.003034323686733842,0.0005245044594630599,0.0,0.0005360475624911487
1385,90,0.0131369074806571,2.7163960112375207e-05,0.0016164248809218407,0.0015671381261199713,0.0005203000036999583,0.0,0.00047231800272129476
1386,90,0.02416890673339367,6.675592885585502e-05,0.007517094723880291,0.0020821071229875088,0.0005409654113464057,0.0,0.0009093295084312558
1387,90,0.018633142113685608,4.471439387998544e-05,0.004900353029370308,0.00106917810626328,0.0005767954862676561,0.0,0.0006850940408185124
1388,90,0.01575225591659546,3.795817247009836e-05,0.003874213434755802,0.002360185608267784,0.000417438248405233,0.0,0.00053055165335536
1389,90,0.014345350675284863,5.316881652106531e-05,0.0039873067289590836,0.0011819610372185707,0.0004778232832904905,0.0,0.0004344681219663471
1390,90,0.015627780929207802,2.327046968275681e-05,0.003184048691764474,0.0015826534945517778,0.00035534866037778556,0.0,0.0007284322055056691
1391,90,0.01180967129766941,3.686415948322974e-05,0.0030451547354459763,0.001504587708041072,0.0003205649845767766,0.0,0.00040174153400585055
1392,90,0.020747380331158638,3.2731753890402615e-05,0.0035515353083610535,0.0032966446597129107,0.0006630404968746006,0.0,0.0007236063829623163
1393,90,0.016664322465658188,4.609897587215528e-05,0.003611017484217882,0.0015777560183778405,0.0005985999014228582,0.0,0.0005443451809696853
1394,90,0.015420221723616123,1.8427752365823835e-05,0.00229091988876462,0.0022570888977497816,0.00037449871888384223,0.0,0.0007108797435648739
1395,90,0.013819882646203041,2.5063407520065084e-05,0.0024723296519368887,0.0008547085453756154,0.00047278861165978014,0.0,0.0005739895277656615
1396,90,0.014075636863708496,1.992522993532475e-05,0.0019166062120348215,0.0028029396198689938,0.00041515807970426977,0.0,0.0005184585461392999
1397,90,0.01076856255531311,2.080993726849556e-05,0.001340941758826375,0.0009063261677511036,0.00044011612772010267,0.0,0.00040993239963427186
1398,90,0.017198335379362106,2.341867730137892e-05,0.0030175496358424425,0.0017760713817551732,0.00045378334471024573,0.0,0.0007843463681638241
1399,90,0.014256443828344345,1.80673596332781e-05,0.0017483404371887445,0.0010586262214928865,0.000507049320731312,0.0,0.0006360916304402053
1400,90,0.013535607606172562,2.8152246159152128e-05,0.003178008133545518,0.002075726632028818,0.00038099614903330803,0.0,0.00044437593896873295
1401,90,0.011728476732969284,1.7663442122284323e-05,0.0013943928061053157,0.0012977407313883305,0.000453315646154806,0.0,0.0004485522804316133
1402,90,0.014113986864686012,3.437893246882595e-05,0.003685701172798872,0.0012321635149419308,0.00033841116237454116,0.0,0.0005777631304226816
1403,90,0.010968348942697048,1.7810372810345143e-05,0.0014655484119430184,0.0007025539525784552,0.0003736690850928426,0.0,0.0005045745638199151
1404,90,0.01494055986404419,3.5756507713813335e-05,0.0035848114639520645,0.00194256950635463,0.00045939828851260245,0.0,0.0004783440090250224
1405,90,0.011992164887487888,2.0999443222535774e-05,0.0015257649356499314,0.001441210857592523,0.00045438692905008793,0.0,0.00044603203423321247
1406,90,0.013275791890919209,3.0092161978245713e-05,0.0030402953270822763,0.0010705356253311038,0.00034250912722200155,0.0,0.0005709777469746768
1407,90,0.011348703876137733,1.834177237469703e-05,0.0014406711561605334,0.0011664045741781592,0.000346208515111357,0.0,0.000526120129507035
1408,90,0.012496455572545528,2.377058262936771e-05,0.0024724893737584352,0.001378502114675939,0.0004326606576796621,0.0,0.0004295087419450283
1409,90,0.010049154981970787,1.270235952688381e-05,0.001018966780975461,0.0014313991414383054,0.00036741973599419,0.0,0.00039118886343203485
1410,90,0.013677399605512619,2.4761360691627488e-05,0.0023839776404201984,0.0010231451597064734,0.00040667783468961716,0.0,0.0006178736803121865
1411,90,0.010990506038069725,1.4379177628143225e-05,0.0011770925484597683,0.0011655527632683516,0.0003377860120963305,0.0,0.0005255620926618576
1412,90,0.01257765106856823,2.3424096070812084e-05,0.001948811230249703,0.0014573255321010947,0.00047129689482972026,0.0,0.0004435120499692857
1413,90,0.010256096720695496,1.1727291166607756e-05,0.0010112968739122152,0.001531554269604385,0.0003692925092764199,0.0,0.00040085925138555467
1414,90,0.012402363121509552,2.311998287041206e-05,0.0018632796127349138,0.000836941646412015,0.00040809527854435146,0.0,0.0005598069401457906
1415,90,0.009721454232931137,1.483130927226739e-05,0.0011215941049158573,0.0009657461778260767,0.00030007262830622494,0.0,0.0004618556413333863
1416,90,0.01269569806754589,1.9711920685949735e-05,0.001580207608640194,0.001194005599245429,0.0004986863932572305,0.0,0.0004914908786304295
1417,90,0.010061204433441162,1.2576428161992226e-05,0.0010158506920561194,0.0013637174852192402,0.00036555828410200775,0.0,0.00040134770097211003
1418,90,0.011937551200389862,1.9443334167590365e-05,0.00155610719230026,0.0007113784085959196,0.00041387404780834913,0.0,0.0005511881900019944
1419,90,0.009479482658207417,1.3817911167279817e-05,0.001095240586437285,0.0008062623674049973,0.0002925505395978689,0.0,0.0004638656391762197
1420,90,0.01222296617925167,1.8666683899937198e-05,0.0013918525073677301,0.0011344904778525233,0.0004883715882897377,0.0,0.0004794241103809327
1421,90,0.009727949276566505,1.2671050171775278e-05,0.0009664333192631602,0.0013690934283658862,0.0003508619265630841,0.0,0.00038711325032636523
1422,90,0.01183692179620266,1.9358885765541345e-05,0.0014539232943207026,0.0009303839760832489,0.0004102391249034554,0.0,0.0005330864223651588
1423,90,0.009569324553012848,1.4437359823205043e-05,0.0010993466712534428,0.000952972040977329,0.0002899380633607507,0.0,0.00046031875535845757
1424,90,0.01156887598335743,1.616055305930786e-05,0.0012696500634774566,0.0011813390301540494,0.00045476475497707725,0.0,0.0004554078623186797
1425,90,0.009311824105679989,1.181687639473239e-05,0.0009385182638652623,0.0014856839552521706,0.0003314883797429502,0.0,0.0003560921177268028
1426,90,0.011661076918244362,1.836287265177816e-05,0.0013904196675866842,0.000926913577131927,0.00040091952541843057,0.0,0.0005316185997799039
1427,90,0.009520991705358028,1.4113505130808335e-05,0.0011081785196438432,0.0010156056378036737,0.00028086049132980406,0.0,0.0004574489430524409
1428,90,0.011016285046935081,1.7177902918774635e-05,0.0012831715866923332,0.0010922675719484687,0.00043175360769964755,0.0,0.0004306132032070309
1429,90,0.008990687318146229,1.213445375469746e-05,0.0009771649492904544,0.0014264993369579315,0.00031314458465203643,0.0,0.00034434429835528135
1430,90,0.011258279904723167,2.045572364295367e-05,0.0014880025992169976,0.0008788920822553337,0.00038341779145412147,0.0,0.0005036751972511411
1431,90,0.009132185950875282,1.5369407265097834e-05,0.0011672362452372909,0.001002764911390841,0.0002607209898997098,0.0,0.0004339606093708426
1432,90,0.010922042652964592,1.9442384655121714e-05,0.001438028528355062,0.0010875588050112128,0.00042429391760379076,0.0,0.0004134074260946363
1433,90,0.008993782103061676,1.3097040209686384e-05,0.0010408101370558143,0.0015070128720253706,0.00030224211513996124,0.0,0.00034104406950064003
1434,90,0.010728860273957253,2.108348962792661e-05,0.0015712068416178226,0.0007985041011124849,0.00036168727092444897,0.0,0.0004721192817669362
1435,90,0.008738484233617783,1.4380870197783224e-05,0.0011120546841993928,0.001047175144776702,0.000244489056058228,0.0,0.00041199830593541265
1436,90,0.010797390714287758,2.0893869077553973e-05,0.0015456238761544228,0.0010756771080195904,0.0004127496213186532,0.0,0.0004027699469588697
1437,90,0.008959266357123852,1.2953899386047851e-05,0.0009755784994922578,0.0015908046625554562,0.0002955622912850231,0.0,0.00034243063419125974
1438,90,0.010172880254685879,1.9849852833431214e-05,0.0015357171650975943,0.0007386428187601268,0.0003403235168661922,0.0,0.00044754354166798294
1439,90,0.008359299041330814,1.2957128092239145e-05,0.0009531565010547638,0.0010610264725983143,0.00023262965260073543,0.0,0.0004005862574558705
1440,90,0.010400423780083656,1.9157048882334493e-05,0.0014557988615706563,0.0010597683722153306,0.0003956578148063272,0.0,0.0003909121733158827
1441,90,0.008521460928022861,1.0997582648997195e-05,0.0008109829504974186,0.001539619523100555,0.00028014928102493286,0.0,0.00033583681215532124
1442,90,0.010008076205849648,1.891639840323478e-05,0.0014176886761561036,0.0007959756185300648,0.0003301004762761295,0.0,0.00044744909973815084
1443,90,0.008218412287533283,1.1858719517476857e-05,0.000845331116579473,0.001068580662831664,0.00022735100355930626,0.0,0.00040191318839788437
1444,90,0.009957684203982353,1.7612337614991702e-05,0.0012723124818876386,0.0011548077454790473,0.0003746510483324528,0.0,0.00037664416595362127
1445,90,0.008162332698702812,1.0271645805914886e-05,0.0007066411781124771,0.0015744573902338743,0.0002635818673297763,0.0,0.0003235143958590925
1446,90,0.009880989789962769,1.6488409528392367e-05,0.0012677201302722096,0.0009126479853875935,0.00031958986073732376,0.0,0.00044882349902763963
1447,90,0.008169131353497505,1.0897196261794306e-05,0.0007845190702937543,0.0011575056705623865,0.00022252362396102399,0.0,0.00039909727638587356
1448,90,0.009613251313567162,1.6647860320517793e-05,0.0011555540841072798,0.0012385050067678094,0.00035135020152665675,0.0,0.0003689041768666357
1449,90,0.008036408573389053,1.018193597701611e-05,0.0006699796067550778,0.0016600505914539099,0.00025267808814533055,0.0,0.00031694158678874373
1450,90,0.009552659466862679,1.5863412045291625e-05,0.001196757541038096,0.0009733324404805899,0.00029864328098483384,0.0,0.0004380273458082229
1451,90,0.0007526184199377894,4.157248440606054e-06,0.00017464217671658844,0.00027507118647918105,1.3507838957593776e-05,0.0,1.6366942872991785e-05
1452,90,0.0003571078705135733,1.9714843801921234e-06,9.184540977003053e-05,0.00012837329995818436,6.19987076788675e-06,0.0,7.291897873074049e-06
1453,90,0.0002430667809676379,1.7108184238168178e-06,7.160681707318872e-05,6.685433618258685e-05,4.890621312370058e-06,0.0,5.398860139393946e-06
1454,90,0.00019679729302879423,1.3238914107205346e-06,7.256870594574139e-05,4.9651353037916124e-05,3.1570689316140488e-06,0.0,4.16826560467598e-06
1455,90,0.0001639454858377576,9.490503884990176e-07,6.410375499399379e-05,3.923362964997068e-05,2.133685484295711e-06,0.0,3.83222095479141e-06
1456,90,0.00014535702939610928,8.055257012529182e-07,5.9716749092331156e-05,3.5782763006864116e-05,2.0186021174595226e-06,0.0,2.8865963486168766e-06
1457,90,0.00013575993943959475,8.704781748747337e-07,5.589942156802863e-05,3.447233757469803e-05,1.746452085171768e-06,0.0,2.7053167741541984e-06
1458,90,0.00012441810395102948,8.704112133273156e-07,4.8840080125955865e-05,3.118331005680375e-05,1.6693524003130733e-06,0.0,2.683077354959096e-06
1459,90,0.00011747620010282844,9.05113665794488e-07,4.499778515310027e-05,3.0314415198517963e-05,1.6011611023714067e-06,0.0,2.5247272787964903e-06
1460,90,0.00010764686157926917,8.63922309690679e-07,3.99781929445453e-05,2.818344728439115e-05,1.5756219227114343e-06,0.0,2.2865081064082915e-06
1461,90,9.68345848377794e-05,7.598482625326142e-07,3.435316466493532e-05,2.5367502530571073e-05,1.3659744126925943e-06,0.0,2.269431888635154e-06
1462,90,8.784122474025935e-05,6.994083605604828e-07,3.0390574465855025e-05,2.288421273988206e-05,1.268497953788028e-06,0.0,2.118204974976834e-06
1463,90,8.287672244478017e-05,7.049351893329003e-07,2.9447741326293908e-05,2.1962756363791414e-05,9.79969627223909e-07,0.0,2.0961595055268845e-06
1464,90,7.874384755268693e-05,5.656448252011614e-07,2.7899790438823402e-05,1.9704491933225654e-05,1.0501061069589923e-06,0.0,2.0072855022590375e-06
1465,90,7.476715109078214e-05,5.301257033352158e-07,2.560873508627992e-05,1.9107017578789964e-05,1.043648126142216e-06,0.0,1.908479362100479e-06
1466,90,6.988867244217545e-05,5.710917889700795e-07,2.441977267153561e-05,1.822536432882771e-05,9.471176554143312e-07,0.0,1.7201271020894637e-06
1467,90,6.645424582529813e-05,5.423013931249443e-07,2.3558222892461345e-05,1.822233753046021e-05,7.959317827044288e-07,0.0,1.6172068626474356e-06
1468,90,6.257547647692263e-05,5.375745786295738e-07,2.2269934561336413e-05,1.7748287064023316e-05,7.619534017067053e-07,0.0,1.4400150121218758e-06
1469,90,5.9013793361373246e-05,5.227378778727143e-07,2.126881736330688e-05,1.6378267901018262e-05,6.319609724414477e-07,0.0,1.4524363223245018e-06
1470,90,5.5801832786528394e-05,5.289808200359403e-07,2.049801332759671e-05,1.5649811757612042e-05,5.929510962232598e-07,0.0,1.3195511883168365e-06
1471,90,5.351172148948535e-05,4.98307827001554e-07,1.9594346667872742e-05,1.498574965808075e-05,5.82175061936141e-07,0.0,1.2611568536158302e-06
1472,90,5.160302680451423e-05,4.988552859686024e-07,1.9421147953835316e-05,1.4245257261791267e-05,5.567790140048601e-07,0.0,1.1869974514411297e-06
1473,90,5.0184509746031836e-05,5.114847567710967e-07,1.87076730071567e-05,1.4030976672074758e-05,5.300587417877978e-07,0.0,1.1633786698439508e-06
1474,90,4.879011248704046e-05,4.85426653540344e-07,1.8776765500660986e-05,1.3744581337959971e-05,4.7479997533628193e-07,0.0,1.1035341458409675e-06
1475,90,4.6633376769023016e-05,4.610432995377778e-07,1.8356473447056487e-05,1.3749593563261442e-05,4.250816800777102e-07,0.0,9.815449857342173e-07
1476,90,4.5474316721083596e-05,4.832003810406604e-07,1.8163202184950933e-05,1.3239383406471461e-05,4.20888909502537e-07,0.0,9.379641596751753e-07
1477,90,4.464805533643812e-05,4.740992949336942e-07,1.8033377273241058e-05,1.2998166312172543e-05,4.1026234498531267e-07,0.0,9.039788437803509e-07
1478,90,4.3532705603865907e-05,4.3913104263992864e-07,1.778346450009849e-05,1.3004229913349263e-05,3.878144525515381e-07,0.0,8.427737725469342e-07
1479,90,4.261063804733567e-05,4.202457546398364e-07,1.7324960936093703e-05,1.2792515917681158e-05,3.840791578113567e-07,0.0,8.232120762841078e-07
1480,90,4.1469495045021176e-05,4.133106585868518e-07,1.6833231711643748e-05,1.2609293662535492e-05,3.969459498875949e-07,0.0,7.644198944944947e-07
1481,90,4.012441786471754e-05,4.174573575710383e-07,1.6083164155134e-05,1.2754126146319322e-05,4.0219947550212964e-07,0.0,6.847673716947611e-07
1482,90,3.914557964890264e-05,4.0138945678336313e-07,1.585930112923961e-05,1.2381029591779225e-05,3.799796672865341e-07,0.0,6.704065071971854e-07
1483,90,3.819838457275182e-05,3.944958280044375e-07,1.549314401927404e-05,1.2102532309654634e-05,3.8732193274881865e-07,0.0,6.334993827294966e-07
1484,90,3.750992618734017e-05,3.968073940541217e-07,1.4994857338024303e-05,1.1836449630209245e-05,3.9412026353602414e-07,0.0,6.340611093946791e-07
1485,90,3.6698434996651486e-05,4.070163015512662e-07,1.4667713912785985e-05,1.1750640624086373e-05,3.907314010120899e-07,0.0,5.965751483927306e-07
1486,90,3.602380456868559e-05,3.821197935849341e-07,1.4359729902935214e-05,1.1691430700011551e-05,3.9211167290886806e-07,0.0,5.669407414643501e-07
1487,90,3.5118671803502366e-05,3.7702872646150354e-07,1.401025838276837e-05,1.171155963675119e-05,3.875162519761943e-07,0.0,5.144663077771838e-07
1488,90,3.470384035608731e-05,3.8654297895845957e-07,1.3948854757472873e-05,1.1326971616654191e-05,3.790872256104194e-07,0.0,5.250599883765972e-07
1489,90,3.4085453080479056e-05,3.906144172560744e-07,1.3733920241065789e-05,1.1369094863766804e-05,3.5421939514890255e-07,0.0,5.049631113251962e-07
1490,90,3.358783578732982e-05,3.911670773959486e-07,1.3465569281834178e-05,1.1224226000194903e-05,3.5576744039644836e-07,0.0,4.949200729242875e-07
1491,90,3.287552317488007e-05,3.88146730756489e-07,1.310015250055585e-05,1.1159753739775624e-05,3.4453466923878295e-07,0.0,4.782124847224622e-07
1492,90,3.230936999898404e-05,4.0440411908093665e-07,1.2792114830517676e-05,1.1059666576329619e-05,3.4586162200866966e-07,0.0,4.5945674287395377e-07
1493,90,3.197089608875103e-05,4.1219303170692e-07,1.2762222468154505e-05,1.1073831956309732e-05,3.3938150068024697e-07,0.0,4.328835530031938e-07
1494,90,3.158153413096443e-05,3.994053372480266e-07,1.2554073691717349e-05,1.0992601346515585e-05,3.464431017619063e-07,0.0,4.1710228515512426e-07
1495,90,3.09642891807016e-05,3.823959673354693e-07,1.2183046237623785e-05,1.1041740435757674e-05,3.362717393429193e-07,0.0,3.9943884644344507e-07
1496,90,3.0515435355482623e-05,3.854384544865752e-07,1.1902609003300313e-05,1.110083940147888e-05,3.372532546563889e-07,0.0,3.754017825485789e-07
1497,90,3.0144406991894357e-05,3.7442961797751195e-07,1.1710709259205032e-05,1.1050063221773598e-05,3.3708693081280217e-07,0.0,3.638334931110876e-07
1498,90,2.9753395210718736e-05,3.8773782762291376e-07,1.1496933439048007e-05,1.089838860934833e-05,3.3930359677469824e-07,0.0,3.577298173240706e-07
1499,90,2.9335189537960105e-05,3.6815652038058033e-07,1.1338794138282537e-05,1.0816822396009229e-05,3.2134624916579924e-07,0.0,3.597954503220535e-07
1500,90,2.8900061806780286e-05,3.6743020359608636e-07,1.1215568520128727e-05,1.0714379641285632e-05,2.9365631348809984e-07,0.0,3.6661185731645674e-07
