epoch,start_step,step_loss,loss_data,loss_haslach,loss_pako,loss_ic,loss_bc_base,loss_bc_tip
1,0,2.7599503993988037,0.04851948842406273,0.10424347221851349,0.21624352037906647,0.12463909387588501,0.0732264518737793,0.04122883826494217
2,0,0.9774140119552612,0.01581718772649765,0.06337699294090271,0.06220583617687225,0.056124959141016006,0.009661614894866943,0.017814824357628822
3,0,0.526479184627533,0.008241207338869572,0.03677087277173996,0.039924122393131256,0.026985205709934235,0.010909592732787132,0.006259501911699772
4,0,0.36614084243774414,0.00455447705462575,0.025232266634702682,0.046166613698005676,0.01455746591091156,0.010269341990351677,0.004191942047327757
5,0,0.25230672955513,0.0020884841214865446,0.023026105016469955,0.035069648176431656,0.010101081803441048,0.0029758864548057318,0.0061352793127298355
6,0,0.17176270484924316,0.002457218011841178,0.01725759729743004,0.011010131798684597,0.00845803041011095,0.0015873592346906662,0.0040583861991763115
7,0,0.15427660942077637,0.0033825538121163845,0.011200617998838425,0.007835169322788715,0.007160722278058529,0.004443599842488766,0.0015815052902325988
8,0,0.14284946024417877,0.002958144759759307,0.00766116613522172,0.016165973618626595,0.006795696448534727,0.0037801633588969707,0.0010305587202310562
9,0,0.12698955833911896,0.0018269928405061364,0.0073557826690375805,0.02133169025182724,0.006848473567515612,0.0010815896093845367,0.0017174461390823126
10,0,0.11301068961620331,0.00124856096226722,0.009033361449837685,0.01714056357741356,0.006034982856363058,0.0005221605533733964,0.002001676708459854
11,0,0.09082537889480591,0.0010851607657968998,0.009977697394788265,0.009841005317866802,0.004368559457361698,0.0009988814126700163,0.001624710508622229
12,0,0.06196758151054382,0.001021278672851622,0.009085395373404026,0.007663733791559935,0.00273509556427598,0.0006541421171277761,0.0010304796742275357
13,0,0.048347387462854385,0.0012243558885529637,0.007568423170596361,0.007657770998775959,0.0020427138078957796,0.0005033984198234975,0.0006435713148675859
14,0,0.049096737056970596,0.001138760126195848,0.007824122905731201,0.006072290241718292,0.0020024776458740234,0.00035760863102041185,0.0010460701305419207
15,0,0.04642761871218681,0.0008736546733416617,0.007606734521687031,0.00433715945109725,0.0018388647586107254,0.0002196912537328899,0.00130245101172477
16,0,0.038825623691082,0.000727290112990886,0.006923145614564419,0.002525817137211561,0.0015299362130463123,0.00036216253647580743,0.0009728386066854
17,0,0.031640563160181046,0.0006075977580621839,0.006490387953817844,0.002408416010439396,0.0013449530815705657,0.00023378424521069974,0.0006346788140945137
18,0,0.029265286400914192,0.00037214436451904476,0.006326792296022177,0.003615590278059244,0.0011847121641039848,9.853969095274806e-05,0.0006118241581134498
19,0,0.02544424682855606,0.00029478821670636535,0.004657205194234848,0.003528648056089878,0.0008951948257163167,0.0002290883712703362,0.0005720772896893322
20,0,0.020463885739445686,0.000393659807741642,0.00373087078332901,0.003436184488236904,0.0007554373005405068,0.00015103899932000786,0.0003838409320451319
21,0,0.019002944231033325,0.0003553263086359948,0.0031528996769338846,0.0039759729988873005,0.0007605856517329812,0.00012439669808372855,0.00026689216610975564
22,0,0.018299328163266182,0.0002813496976159513,0.003730668220669031,0.00355666596442461,0.000710822525434196,0.00010157526412513107,0.00026066662394441664
23,0,0.0157534871250391,0.00029657999402843416,0.0033693923614919186,0.0022424189373850822,0.0005608744104392827,0.00016309178317897022,0.0002605434274300933
24,0,0.011599467135965824,0.0002766425895970315,0.002863129135221243,0.0010582286631688476,0.00047592606279067695,6.792689237045124e-05,0.00019629370945040137
25,0,0.012048187665641308,0.00023952026094775647,0.002844058210030198,0.001266029546968639,0.00044504570541903377,0.00019443544442765415,0.00013037679309491068
26,0,0.011598796583712101,0.0002542010333854705,0.0023159433621913195,0.0021405410952866077,0.00038575090002268553,0.00015319266822189093,0.0001498674973845482
27,0,0.009294469840824604,0.00025375158293172717,0.002145328326150775,0.0013889091787859797,0.00023405504180118442,0.00017001574451569468,0.0001465772365918383
28,0,0.00839043129235506,0.00012371809862088412,0.002822872018441558,0.000713383371476084,0.0002111585927195847,6.087242581997998e-05,0.0002010148309636861
29,0,0.00875395443290472,0.00011763159272959456,0.0027467471081763506,0.0008451250614598393,0.0002870091702789068,8.992842776933685e-05,0.00012750743189826608
30,0,0.00775860296562314,0.0001223177823703736,0.0020249742083251476,0.0014985506422817707,0.00025137822376564145,4.599632666213438e-05,0.00011390146391931921
31,0,0.006877974607050419,0.00010572217433946207,0.0010013219434767962,0.0010981016093865037,0.00017745824879966676,0.00015828893810976297,0.0001315356494160369
32,0,0.004679305478930473,8.128863555612043e-05,0.0011873984476551414,0.0005788297858089209,0.00012517553113866597,4.208036989439279e-05,0.00011592297232709825
33,0,0.006328839808702469,0.00013046104868408293,0.0009181049535982311,0.0006173281581141055,0.00019430535030551255,0.00012723004329018295,0.0001447591930627823
34,0,0.005623487755656242,0.00016715087986085564,0.0007127633434720337,0.0007131733000278473,0.0001944421383086592,3.384789306437597e-05,0.00017474997730460018
35,0,0.004589206539094448,0.00013439641043078154,0.0009298405493609607,0.0003709332668222487,0.00012805845472030342,9.578814933774993e-05,9.155702718999237e-05
36,0,0.003936165943741798,6.49755893391557e-05,0.0007625037105754018,0.00045312164002098143,0.00012435077223926783,5.5096486903494224e-05,8.610927034169436e-05
37,0,0.004705512430518866,6.520452734548599e-05,0.0005423484253697097,0.0007721384754404426,0.0001536634808871895,8.990420610643923e-05,8.901442197384313e-05
38,0,0.003563286503776908,4.438898031366989e-05,0.0007782558095641434,0.0006619364721700549,7.39948227419518e-05,6.113578274380416e-05,7.273989467648789e-05
39,0,0.00413587735965848,7.640817057108507e-05,0.0007122431416064501,0.0003761840343941003,0.00010636031947797164,8.447744767181575e-05,0.00010626643779687583
40,0,0.0032305861823260784,6.17534969933331e-05,0.0008552923682145774,0.00024448128533549607,7.248413021443412e-05,2.4118337023537606e-05,0.00011030341556761414
41,0,0.003258348908275366,5.8443620218895376e-05,0.0007485937094315886,0.000506556301843375,8.222732139984146e-05,3.419645508984104e-05,7.80517584644258e-05
42,0,0.0036018462851643562,8.43503003125079e-05,0.0006246669217944145,0.0004220126138534397,0.00012089073425158858,4.09889908041805e-05,8.520190749550238e-05
43,0,0.0026522469706833363,4.8334241000702605e-05,0.0008053750498220325,0.0002311585849383846,6.8464687501546e-05,2.6378036636742763e-05,6.189517443999648e-05
44,0,0.00225248234346509,3.3182877814397216e-05,0.0004489815328270197,0.00014988564362283796,6.054849291103892e-05,3.315258800284937e-05,6.834214582340792e-05
45,0,0.0020866594277322292,4.617724334821105e-05,0.0003844892489723861,0.00025339279090985656,6.330179166980088e-05,1.4029123121872544e-05,6.292908801697195e-05
46,0,0.002023265929892659,3.9606478821951896e-05,0.00032913387985900044,0.00035494205076247454,3.672023376566358e-05,4.033665027236566e-05,5.290147237246856e-05
47,0,0.0017568344483152032,2.8505131922429428e-05,0.00023748325475025922,0.000299858016660437,3.9825914427638054e-05,1.27169741972466e-05,6.655592005699873e-05
48,0,0.001544542028568685,2.6045447157230228e-05,0.00025644333800300956,0.0001924327516462654,3.871313310810365e-05,1.600927316758316e-05,5.2239640353946015e-05
49,0,0.0016030026599764824,2.9776021619909443e-05,0.00024695793399587274,0.0001374230778310448,4.1956558561651036e-05,2.122462865372654e-05,5.570336361415684e-05
50,0,0.0014873803593218327,2.589303403510712e-05,0.00020259828306734562,0.00012240634532645345,3.859759453916922e-05,1.9881499611074105e-05,5.516917008208111e-05
51,0,0.001441609114408493,2.511414459149819e-05,0.00017449012375436723,0.00020594237139448524,4.271719808457419e-05,1.304559100390179e-05,4.7843463107710704e-05
52,0,0.0015063383616507053,3.973882849095389e-05,0.00023938549566082656,0.0003019912983290851,3.795179509324953e-05,8.478995368932374e-06,4.609148163581267e-05
53,0,0.0016504545928910375,4.310550866648555e-05,0.00043148043914698064,0.00012138167949160561,3.500957973301411e-05,2.4357714210054837e-05,4.608140079653822e-05
54,0,0.002056451514363289,2.257697269669734e-05,0.0008747617830522358,0.00012391919153742492,3.1500429031439126e-05,1.775565033312887e-05,5.426326606539078e-05
55,0,0.0021836725063622,2.0371277059894055e-05,0.0006670889561064541,0.0001442561042495072,4.6522800403181463e-05,1.8333403204451315e-05,7.033943256828934e-05
56,0,0.001641839393414557,1.428175801265752e-05,0.0004396991862449795,0.00028175412444397807,2.5005952920764685e-05,2.3569340555695817e-05,4.2035142541863024e-05
57,0,0.001176202087663114,1.3875098375137895e-05,0.00036187266232445836,0.00011665665806503966,2.291642340424005e-05,6.952833700779593e-06,3.8510501326527447e-05
58,0,0.001062106341123581,1.875175439636223e-05,0.00019785409676842391,9.211685392074287e-05,2.353763375140261e-05,1.7352313079754822e-05,3.444841058808379e-05
59,0,0.0008543620933778584,1.6786270862212405e-05,0.000144921665196307,9.793329809326679e-05,1.6324744137818925e-05,9.00453142094193e-06,3.4142809454351664e-05
60,0,0.0007760397274978459,1.3873707757738885e-05,0.0001600930409040302,0.00010144849511561915,1.2676819096668623e-05,6.208628747117473e-06,3.117700180155225e-05
61,0,0.0007212432101368904,7.043843652354553e-06,0.000148638486280106,8.156621333910152e-05,1.3944953025202267e-05,3.1784572911419673e-06,3.127604941255413e-05
62,0,0.0007433316204696894,6.67071844873135e-06,0.00011958738468820229,8.040577085921541e-05,1.41147693284438e-05,4.998726126359543e-06,3.455327532719821e-05
63,0,0.0008124299347400665,1.1178784916410223e-05,0.00014527088205795735,0.00014595514221582562,1.0924819434876554e-05,7.185784397734096e-06,3.2891908631427214e-05
64,0,0.0008968737674877048,1.3330184629012365e-05,0.00020196106925141066,7.656076923012733e-05,1.6284542653011158e-05,1.1009900845238008e-05,3.320772884762846e-05
65,0,0.0011643145699054003,1.8688086129259318e-05,0.0004370015813037753,7.471340359188616e-05,1.8556922441348433e-05,1.53234777826583e-05,2.951074748125393e-05
66,0,0.0016517628682777286,1.9663853890961036e-05,0.0006013406091369689,6.91476816427894e-05,2.956140087917447e-05,2.470500476192683e-05,4.189466926618479e-05
67,0,0.0017749504186213017,1.6526118997717276e-05,0.0005771639989688993,0.0001670375932008028,2.7374611818231642e-05,2.7014099032385275e-05,4.7033554437803105e-05
68,0,0.001187469344586134,7.212413947854657e-06,0.0005064534489065409,7.969427679199725e-05,1.5615436495863833e-05,5.663617230311502e-06,3.8131878682179376e-05
69,0,0.0008600424625910819,9.041967132361606e-06,0.0002284761576447636,8.233980770455673e-05,1.897177025966812e-05,4.535726475296542e-06,3.051095518458169e-05
70,0,0.000640606158412993,8.643660294183064e-06,0.00016007797967176884,5.891149339731783e-05,9.420397873327602e-06,3.5224798011768144e-06,2.835442683135625e-05
71,0,0.0005384390242397785,8.672678632137831e-06,8.963120490079746e-05,6.815664528403431e-05,8.415576303377748e-06,3.546686002664501e-06,2.5235589419025928e-05
72,0,0.0004731139342766255,8.26914947538171e-06,6.904792826389894e-05,5.3074018069310114e-05,7.936927431728691e-06,1.0492462934053037e-06,2.5286108211730607e-05
73,0,0.0005054826033301651,6.750107786501758e-06,7.45682482374832e-05,5.323113509803079e-05,9.944720659404993e-06,2.862391511371243e-06,2.4286197003675625e-05
74,0,0.0005663534393534064,5.146384864929132e-06,0.00010268956248182803,7.209233444882557e-05,9.92151672107866e-06,4.388536126498366e-06,2.4332464818144217e-05
75,0,0.0006652954034507275,5.622250682790764e-06,0.00018267062841914594,5.9538298955885693e-05,1.0255841516482178e-05,2.8835645480285166e-06,2.8607017156900838e-05
76,0,0.0009552149567753077,7.168411684688181e-06,0.00033033094950951636,0.00010470802226336673,1.3214077625889331e-05,6.170262167870533e-06,3.191642099409364e-05
77,0,0.0014286745572462678,8.858211003826e-06,0.0006450382643379271,7.015874143689871e-05,1.6469059119117446e-05,1.046498346113367e-05,4.352788528194651e-05
78,0,0.0022825621999800205,2.1354884665925056e-05,0.0009459216380491853,0.00014754584117326885,3.669519355753437e-05,3.2414212910225615e-05,4.766457641380839e-05
79,0,0.0005252459668554366,5.542031431104988e-06,9.810196206672117e-05,4.8330752179026604e-05,8.920412255974952e-06,5.321304797689663e-06,2.3085403881850652e-05
80,0,0.0007624761201441288,6.761810709576821e-06,0.00022947481193114072,6.021240187692456e-05,1.3184119779907633e-05,2.4624134766781935e-06,3.0956176487961784e-05
81,0,0.002518377033993602,1.6815511116874404e-05,0.0011527877068147063,0.000174823755514808,3.6009776522405446e-05,2.4292487069033086e-05,5.709274046239443e-05
82,0,0.0007205575238913298,7.953811291372404e-06,0.00020380076603032649,4.4968004658585414e-05,1.2320406312937848e-05,8.637681276013609e-06,2.542540278227534e-05
83,0,0.0005236385622993112,9.829263944993727e-06,6.758622475899756e-05,5.5815864470787346e-05,1.0344647307647392e-05,2.9703551263082772e-06,2.5725717932800762e-05
84,0,0.0014109989861026406,1.0572781320661306e-05,0.0005178738501854241,0.0001230635680258274,2.5987683329731226e-05,8.069012437772471e-06,4.189218088868074e-05
85,0,0.0029326474759727716,2.3305150534724817e-05,0.0013513892190530896,0.00011504030408104882,4.969836300006136e-05,1.8162139895139262e-05,7.643078424734995e-05
86,0,0.0004423716454766691,5.784269433206646e-06,4.4495038309833035e-05,5.010761015000753e-05,6.263176601351006e-06,5.118087756272871e-06,2.2817210265202448e-05
87,0,0.002904627239331603,2.702065830817446e-05,0.0010313935345038772,0.00019074413285125047,6.676038901787251e-05,2.750639214355033e-05,7.128009747248143e-05
88,0,0.0009934932459145784,7.635275323991664e-06,0.0003663642564788461,7.704729796387255e-05,1.5216757674352266e-05,4.134380560572026e-06,3.489351365715265e-05
89,0,0.0007845176733098924,1.9877061276929453e-05,5.827497079735622e-05,4.592367258737795e-05,1.786789835023228e-05,2.6885465558734722e-05,2.1290832592057995e-05
90,0,0.0018369799945503473,3.322963311802596e-05,0.0001052065344993025,8.571550279157236e-05,5.5071628594305366e-05,7.363642362179235e-05,3.25747714668978e-05
91,0,0.0016204030252993107,3.404688322916627e-05,0.0001578459923621267,8.130073547363281e-05,4.433930735103786e-05,4.441119381226599e-05,4.5970424253027886e-05
92,0,0.0009627093677408993,8.576726941100787e-06,0.00014241730968933553,0.00011362586519680917,2.2189180526765995e-05,1.2872753359260969e-05,3.4747015888569877e-05
93,0,0.000479590380564332,4.528787030722015e-06,0.0001098262146115303,4.245586023898795e-05,7.725334398855921e-06,1.1608779004745884e-06,2.339173988730181e-05
94,0,0.0007527359994128346,1.4393931451195385e-05,0.00010182477126363665,4.5485190639737993e-05,1.3905841115047224e-05,2.3372316718450747e-05,2.1825058865942992e-05
95,0,0.0014008443104103208,2.323503213119693e-05,0.00011027316941181198,6.0465077694971114e-05,3.661634764284827e-05,5.996804975438863e-05,2.4102711904561147e-05
96,0,0.0016181264072656631,3.963637936976738e-05,0.0001129515003412962,4.310110307415016e-05,4.109037763555534e-05,7.742725574644282e-05,2.3726113795419224e-05
97,0,0.000696444243658334,7.248723704833537e-06,0.00011325053492328152,3.9577607822138816e-05,1.3748650417255703e-05,1.9146955310134217e-05,2.0741128537338227e-05
98,0,0.000561936292797327,3.1801075692783343e-06,0.00012643197260331362,6.816532550146803e-05,8.954533768701367e-06,1.8397126950731035e-06,2.562164081609808e-05
99,0,0.0010560645023360848,2.0253817638149485e-05,0.0001414703147020191,5.251349284662865e-05,2.7164533094037324e-05,2.123434933309909e-05,3.5783803468802944e-05
100,0,0.001256206538528204,1.72763793671038e-05,0.00011772476136684418,8.332354627782479e-05,3.4093845897587016e-05,3.687489152071066e-05,3.2819443731568754e-05
101,0,0.0003091020043939352,2.7087908165412955e-06,2.4183706045732833e-05,3.761313928407617e-05,4.467211510927882e-06,3.9331570178546826e-07,1.959911060112063e-05
102,0,0.00028056942392140627,1.6382957710447954e-06,2.2844242266728543e-05,2.744302764767781e-05,4.88118848807062e-06,2.739032822773879e-07,1.7709295207168907e-05
103,0,0.0002510429185349494,7.600211233693699e-07,1.7461841707699932e-05,1.7740730982040986e-05,3.516752030918724e-06,2.3208825439269276e-07,1.7759191905497573e-05
104,0,0.00024220850900746882,5.984991275909124e-07,1.5641768186469562e-05,1.4009509868628811e-05,2.776205064947135e-06,1.6929399748732976e-07,1.8250375433126464e-05
105,0,0.00023730591055937111,4.432045841440413e-07,1.4408712559088599e-05,1.1820466170320287e-05,2.393998784100404e-06,1.5958613630573382e-07,1.850976696005091e-05
106,0,0.00023156381212174892,3.3301529356322135e-07,1.2962813343619928e-05,1.3118535207468085e-05,2.367030447203433e-06,1.4693659977638163e-07,1.80009774339851e-05
107,0,0.0002272969577461481,2.8264585694159905e-07,1.148698265751591e-05,1.323857759416569e-05,2.451234195177676e-06,1.0328098198897351e-07,1.7674359696684405e-05
108,0,0.00022167942370288074,2.9793471867378685e-07,9.777309060154948e-06,1.398348013026407e-05,2.1878051938983845e-06,9.203687767467272e-08,1.7482228940934874e-05
109,0,0.00021712659508921206,3.179768270911154e-07,8.92159096110845e-06,1.3634692550112959e-05,2.2154988528200192e-06,8.469689305456995e-08,1.712503762973938e-05
110,0,0.0002129654458258301,3.025478463314357e-07,7.698081390117295e-06,1.2831287676817738e-05,2.2197784801392118e-06,8.531064565886481e-08,1.690826320555061e-05
111,0,0.00021081484737806022,2.914205197157571e-07,7.1539570853929035e-06,1.245070143340854e-05,2.2038818769942736e-06,9.714926108017607e-08,1.6790845620562322e-05
112,0,0.00020889982988592237,2.9158752568037016e-07,6.359138296829769e-06,1.253155369340675e-05,2.2328920294967247e-06,9.331269268386677e-08,1.664555020397529e-05
113,0,0.00020659131405409425,4.0332565731659997e-07,5.752172910433728e-06,1.252278707397636e-05,2.303732117070467e-06,8.485717017947536e-08,1.6402713299612515e-05
114,0,0.0002037813246715814,4.494838492519193e-07,5.233338015386835e-06,1.2544745914055966e-05,2.2339713723340537e-06,9.77989671469004e-08,1.622360468900297e-05
115,0,0.00020139366097282618,4.542552574093861e-07,4.665233063860796e-06,1.188552505482221e-05,2.196127297793282e-06,1.0323552146473958e-07,1.6139501894940622e-05
116,0,0.0001991235330933705,3.741489535968867e-07,4.506573077378562e-06,1.193029856949579e-05,2.1070698039693525e-06,8.979017707133607e-08,1.6034391592256725e-05
117,0,0.00019667876767925918,2.686834079668188e-07,4.257697128196014e-06,1.1878298209921923e-05,1.9562521629268304e-06,5.564655580769795e-08,1.601551048224792e-05
118,0,0.0001942392555065453,2.3769480606006255e-07,3.989550805272302e-06,1.1135826753161382e-05,1.970450512089883e-06,4.337201175985683e-08,1.5873796655796468e-05
119,0,0.00019147527927998453,2.601852315819997e-07,4.058802005602047e-06,1.1101489690190647e-05,1.9822250578727107e-06,3.816100502262998e-08,1.5585093933623284e-05
120,0,0.00018951480160467327,1.665712403564612e-07,4.012634690298e-06,1.1501082553877495e-05,1.9598699054768076e-06,3.7331350455360734e-08,1.538625110697467e-05
121,0,0.0001871489075710997,1.4860692942875176e-07,3.893294888257515e-06,1.2170702575531323e-05,1.938614786922699e-06,5.316718798553666e-08,1.5101847566256765e-05
122,0,0.00018523290054872632,1.4159401473534672e-07,3.944686795875896e-06,1.2490713743318338e-05,1.8409816675557522e-06,4.610150128314672e-08,1.4978507351770531e-05
123,0,0.0001835352450143546,2.1098129820984468e-07,4.115530373383081e-06,1.2566139048431069e-05,1.8349281845075893e-06,4.572364886712421e-08,1.4783607184654102e-05
124,0,0.0001811942202039063,2.426778848985123e-07,4.680452093452914e-06,1.2996026271139272e-05,1.8094915503752418e-06,5.891260457246972e-08,1.4459101294050924e-05
125,0,0.00017945404397323728,2.491570967322332e-07,4.577297204377828e-06,1.2582264389493503e-05,1.9369961137272185e-06,5.326162622054653e-08,1.4214275324775372e-05
126,0,0.00017724708595778793,2.0620136353954877e-07,5.170409622223815e-06,1.2371066077321302e-05,1.8538499944042997e-06,6.74864466532199e-08,1.4028604709892534e-05
127,0,0.0001746825873851776,2.452516980611108e-07,6.063197361072525e-06,1.1481321052997373e-05,1.6865656107256655e-06,8.02433532953728e-08,1.3922473954153247e-05
128,0,0.00017284713976550847,2.0863120653302758e-07,5.907917056902079e-06,1.1142223229398951e-05,1.73437865669257e-06,6.085820558610067e-08,1.3763599781668745e-05
129,0,0.00017070601461455226,2.3400839666010143e-07,5.784491804661229e-06,1.1088503015344031e-05,1.8211771930509713e-06,6.15732176356687e-08,1.3477150787366554e-05
130,0,0.00016842757759150118,2.505973668576189e-07,6.0310221670079045e-06,1.1916567927983124e-05,1.924712250911398e-06,7.145184355294987e-08,1.3026776287006214e-05
131,0,0.00016456967568956316,2.1172911601752276e-07,6.413837127183797e-06,1.3243758075986989e-05,1.723140030662762e-06,5.969033622932329e-08,1.268720552616287e-05
132,0,0.00016092348960228264,2.0608869988336664e-07,6.666909030172974e-06,1.3614213457913138e-05,1.5520472516072914e-06,5.178548789785964e-08,1.2439794772944879e-05
133,0,0.00015765658463351429,2.1277497808114276e-07,6.705047326249769e-06,1.2937497558596078e-05,1.582090362717281e-06,3.373262202899241e-08,1.2164303370809648e-05
134,0,0.00015429222548846155,1.7897386328513676e-07,7.201294465630781e-06,1.3076073628326412e-05,1.5625968217136688e-06,3.5106239693050156e-08,1.1785885362769477e-05
135,0,0.0001506489934399724,2.210701666172099e-07,7.4421559475013055e-06,1.2730940397887025e-05,1.63836739375256e-06,4.9720924266694055e-08,1.1337393516441807e-05
136,0,0.00014725075743626803,2.427672995963803e-07,7.88535635365406e-06,1.2610286830749828e-05,1.5808568605280016e-06,5.683472537043599e-08,1.1013542462023906e-05
137,0,0.00014274244313128293,3.0510653914461727e-07,7.607388397445902e-06,1.2727303328574635e-05,1.6216757785514346e-06,5.97549885128501e-08,1.0528832717682235e-05
138,0,0.00013863007188774645,3.3100189966717153e-07,8.387693014810793e-06,1.3628899068862665e-05,1.6428543858637568e-06,7.502805488002195e-08,9.910365406540222e-06
139,0,0.0001345350465271622,2.8574677912729385e-07,9.41282996791415e-06,1.4388959243660793e-05,1.6194860563700786e-06,1.1112879860775138e-07,9.314135240856558e-06
140,0,0.0001289619249291718,2.713682931698713e-07,1.063749186869245e-05,1.7487904187873937e-05,1.802849965315545e-06,1.1875935257421588e-07,8.134907147905324e-06
141,0,0.00012116813741158694,2.604430733299523e-07,1.1235734746151138e-05,1.828133645176422e-05,1.7399912621840485e-06,1.294396270168363e-07,7.269631623785244e-06
142,0,0.00011517811799421906,2.9583861760329455e-07,1.2476014489948284e-05,1.9614590200944804e-05,1.850060471042525e-06,1.1793937915172137e-07,6.311167908279458e-06
143,0,0.00011058336531277746,2.7713034000953485e-07,1.338585661869729e-05,1.9752025764319114e-05,1.5728060134279076e-06,1.1872275962332424e-07,6.025305992807262e-06
144,0,0.00010425024083815515,3.703659103848622e-07,1.3911111636843998e-05,1.9197848814656027e-05,1.5308753518183948e-06,9.236316600436112e-08,5.453853191283997e-06
145,0,9.781461267266423e-05,4.114860132631293e-07,1.4857365385978483e-05,1.922208866744768e-05,1.3220044365880312e-06,9.392692845722195e-08,4.916435500490479e-06
146,0,9.027378837345168e-05,3.165285420436703e-07,1.5117734619707335e-05,1.7723035853123292e-05,1.1638937849056674e-06,1.021290216840498e-07,4.445626018423354e-06
147,0,8.26015166239813e-05,2.8421510478437995e-07,1.581739343237132e-05,1.8567330698715523e-05,1.00475142517098e-06,1.3163263190563157e-07,3.6568731047736946e-06
148,0,7.60764378355816e-05,2.968706667161314e-07,1.5549181625829078e-05,1.9834182239719667e-05,9.233100399796967e-07,1.3706313950478943e-07,2.979247710754862e-06
149,0,7.005775114521384e-05,2.877155225178285e-07,1.4831987755314913e-05,1.8799752069753595e-05,9.1617346242856e-07,1.00749531384281e-07,2.596906824692269e-06
150,0,6.440344441216439e-05,2.7977247896160407e-07,1.328089911112329e-05,1.855540176620707e-05,8.565525604353752e-07,8.661212547167452e-08,2.2855720089864917e-06
151,10,0.0028840824961662292,1.278196236853546e-06,0.0005040528485551476,0.001062976662069559,3.7760473787784576e-05,2.573729943833314e-06,9.124326606979594e-05
152,10,0.007702183444052935,2.3102584236767143e-05,0.0009140587062574923,0.0012602859642356634,0.0002770304272416979,1.6667579984641634e-05,0.00025677558733150363
153,10,0.008631396107375622,1.996513492485974e-05,0.0008873515762388706,0.0019776904955506325,0.00019761025032494217,1.2930786397191696e-05,0.00036409779568202794
154,10,0.0027080802246928215,8.306124982482288e-06,0.0007488792762160301,0.0006843598675914109,8.550531492801383e-05,7.158568223530892e-06,3.398962508072145e-05
155,10,0.007966908626258373,9.974818567570765e-06,0.0005070438492111862,0.0038929185830056667,0.00013517560728359967,8.271583283203654e-06,0.00021224994270596653
156,10,0.00594865158200264,1.012169013847597e-05,0.0003972252306994051,0.0006254871259443462,0.0001636668894207105,1.4092152923694812e-05,0.0003138227330055088
157,10,0.0022585387341678143,1.5615043594152667e-05,0.0006100294413045049,0.0007502116495743394,2.8581844162545167e-05,4.480168172449339e-06,5.520624472410418e-05
158,10,0.005985960364341736,1.3128849786880892e-05,0.0009107505902647972,0.0006615668535232544,0.0002602519525680691,2.0093682906008326e-05,0.0001597057853359729
159,10,0.004130602814257145,7.012973128439626e-06,0.0003076320281252265,0.0008321360219269991,6.472645327448845e-05,2.006987779168412e-05,0.0002135858521796763
160,10,0.002615399658679962,7.19996023690328e-06,0.0006973975105211139,0.0012026977492496371,3.062507676077075e-05,9.777593731996603e-06,3.0407785743591376e-05
161,10,0.002051560441032052,9.144876457867213e-06,0.0004196185909677297,0.0005203050095587969,4.2166848288616166e-05,5.2464206419244874e-06,6.283591937972233e-05
162,10,0.0019871077965945005,9.971931831387337e-06,0.0005318507901392877,0.00040214986074715853,7.338335126405582e-05,8.037690349738114e-06,2.289248186571058e-05
163,10,0.0028837898280471563,4.357614216132788e-06,0.0004162396362517029,0.0005171729135327041,3.3930744393728673e-05,1.0408251000626478e-05,0.0001502629747847095
164,10,0.004766950383782387,3.840468707494438e-06,0.0002014786150539294,0.0019481319468468428,0.00010483725782250986,1.2845720448240172e-05,0.0001436669408576563
165,10,0.0021298874635249376,7.144559731386835e-06,0.00020208838395774364,0.00040453774272464216,6.717438373016194e-05,4.7209705371642485e-06,7.971632294356823e-05
166,10,0.001150308409705758,6.725823368469719e-06,0.0001767351059243083,0.0003464891924522817,2.6851184884435497e-05,3.904226559825474e-06,3.128041134914383e-05
167,10,0.0030049271881580353,3.153862280669273e-06,0.00019176681234966964,0.0004259901470504701,0.0001433690486010164,7.0916862568992656e-06,8.794089080765843e-05
168,10,0.003780753817409277,4.883371275354875e-06,0.0002682158083189279,0.00039556503179483116,8.058696403168142e-05,1.4017428838997148e-05,0.00021660455968230963
169,10,0.0013959070201963186,3.981714598921826e-06,0.00019233569037169218,0.0008245387580245733,1.728908137010876e-05,2.981320676553878e-06,1.7234684491995722e-05
170,10,0.001123498659580946,1.343615531368414e-05,0.00020832492737099528,0.00031926672090776265,2.6810688723344356e-05,7.966412340465467e-06,2.3469987354474142e-05
171,10,0.002238982357084751,6.39387326373253e-06,0.00024390043108724058,0.0003943453193642199,3.61446182068903e-05,3.7559202610282227e-06,0.00011953374632867053
172,10,0.003838038770481944,5.0109956646338105e-06,0.00021052001102361828,0.0010743519524112344,0.00010444898362038657,1.3943767044111155e-05,0.000136422851937823
173,10,0.0009510218515060842,3.623249313022825e-06,0.00025862077018246055,0.00023021758534014225,1.4771218957321253e-05,6.3675011006125715e-06,2.471730658726301e-05
174,10,0.002094559371471405,6.4913533606159035e-06,0.00016017252346500754,0.0002876215148717165,4.862375863012858e-05,3.916368768841494e-06,0.00011148726480314508
175,10,0.005310612730681896,6.383665095199831e-06,0.0003361848648637533,0.0010556393535807729,0.0001677609543548897,3.92235324397916e-06,0.00021955718693789095
176,10,0.0010908942203968763,3.1001688967080554e-06,0.0001641248818486929,0.00023169198539108038,2.539220076869242e-05,3.3612261631787987e-06,4.044429078930989e-05
177,10,0.009259877726435661,4.969611381966388e-06,0.0004934546304866672,0.0010586879216134548,0.00025993052986450493,6.967022727621952e-06,0.0005033790366724133
178,10,0.0038420665077865124,6.736696832376765e-06,0.000199543617782183,0.0002449899911880493,0.00011399766663089395,8.251899089373183e-06,0.00021683004160877317
179,10,0.012278332374989986,7.326448667299701e-06,0.0007361576426774263,0.00280581833794713,0.0003527137450873852,1.4797793710386031e-06,0.0005187094793654978
180,10,0.014864038676023483,9.375810805067886e-06,0.0009054885595105588,0.0025443120393902063,0.0004894412122666836,8.447602340311278e-06,0.0006425974424928427
181,10,0.0010813541011884809,1.1691995496221352e-05,0.00019541745132301003,0.00018983586051035672,3.9671413105679676e-05,6.4768823904159945e-06,2.2292582798399962e-05
182,10,0.010549289174377918,9.588465218257625e-06,0.0005482621490955353,0.0013465223601087928,0.00028867111541330814,1.200573387905024e-05,0.0005638147704303265
183,10,0.005265155341476202,1.682200854702387e-05,0.0005400483496487141,0.0003061185125261545,0.00016686884919181466,3.338845999678597e-05,0.00023995932133402675
184,10,0.008363357745110989,1.1647141036519315e-05,0.0003448655770625919,0.0022204893175512552,0.00022623201948590577,3.5573066270444542e-06,0.0003488461661618203
185,10,0.008886102586984634,1.6651298210490495e-05,0.00038002082146704197,0.001441600383259356,0.0003107483498752117,1.1635799637588207e-05,0.0003823988954536617
186,10,0.0030186239164322615,2.8162658054498024e-05,0.0003380656416993588,0.0006480920710600913,6.031526572769508e-05,2.2935832021175884e-05,0.00011717924644472077
187,10,0.004496022593230009,1.1988950973318424e-05,0.00014226279745344073,0.0006632732111029327,0.00010570533777354285,5.729214535676874e-06,0.0002564151945989579
188,10,0.0032048923894762993,2.3019931177259423e-05,0.00042182012111879885,0.0008608490461483598,7.195568468887359e-05,4.181819167570211e-05,7.614643982378766e-05
189,10,0.002728056628257036,1.0140533049707301e-05,0.0001417325547663495,0.0007732243975624442,8.499494288116693e-05,3.467404440016253e-06,9.183355723507702e-05
190,10,0.004846690688282251,3.3736465411493555e-05,0.0003863166202791035,0.0010743497405201197,0.00010474542068550363,2.4302236852236092e-05,0.0002061811537714675
191,10,0.004405057989060879,2.535242856538389e-05,0.0002554837556090206,0.0011215643025934696,8.55989710544236e-05,1.9735640307771973e-05,0.000194931126316078
192,10,0.002903534099459648,1.1341599019942805e-05,0.00044657307444140315,0.0005154333775863051,8.558246190659702e-05,1.2690367839240935e-05,9.474577382206917e-05
193,10,0.0027354215271770954,1.5753334082546644e-05,0.00024359319650102407,0.0008585909963585436,5.748358307755552e-05,4.074066237080842e-05,6.352415948640555e-05
194,10,0.003660399466753006,1.0334264516131952e-05,0.00040496388101018965,0.00033668483956716955,0.00010100025247083977,1.0976857538480544e-06,0.00018874372472055256
195,10,0.002067972905933857,2.4220205887104385e-05,0.00024311713059432805,0.00035093995393253863,4.3833275412907824e-05,3.4029515518341213e-05,6.710676098009571e-05
196,10,0.00506394449621439,1.0080365427711513e-05,0.00021448309416882694,0.0006499069859273732,0.00019145656551700085,5.2604268603317905e-06,0.00022223041742108762
197,10,0.002846797928214073,2.0033994587720372e-05,0.00018001154239755124,0.00043951685074716806,7.994136831257492e-05,4.773804539581761e-05,9.304414561484009e-05
198,10,0.005337752401828766,5.73931811231887e-06,0.00023606194008607417,0.0005573920789174736,0.0001808981178328395,3.964059033023659e-06,0.0002689937246032059
199,10,0.004462940618395805,2.1792253392050043e-05,0.0001413417630828917,0.0003418161941226572,0.00014894024934619665,3.712782563525252e-05,0.00020973094797227532
200,10,0.0028703883290290833,1.2456237527658232e-05,0.0002594628604128957,0.0005443351692520082,9.865696483757347e-05,1.0710929018387105e-05,9.604551451047882e-05
201,10,0.0025854953564703465,1.5239757885865401e-05,0.00026030646404251456,0.00022908479149919003,0.00010175543138757348,2.912254785769619e-05,7.720846042502671e-05
202,10,0.0031167976558208466,5.6836411204130854e-06,0.0001984637201530859,0.0005031670443713665,7.79321781010367e-05,1.5180382433754858e-05,0.00014783574442844838
203,10,0.0017433851025998592,1.0578325600363314e-05,0.0003520506725180894,9.528665395919234e-05,4.971376256435178e-05,2.5416338758077472e-05,5.3416850278154016e-05
204,10,0.0045531922951340675,1.8337701476411894e-05,0.0002316603931831196,0.0008083309512585402,0.00014144963643047959,2.175239205826074e-05,0.00018628429097589105
205,10,0.002985366154462099,2.142314588127192e-05,0.0004698450502473861,0.000306176021695137,9.507412323728204e-05,3.591615313780494e-05,8.780191274126992e-05
206,10,0.003536858828738332,6.984213996474864e-06,0.0002152417873730883,0.0005077606183476746,9.468493954045698e-05,1.602203155925963e-05,0.0001699802523944527
207,10,0.003084850963205099,1.3370028682402335e-05,0.0004304680915083736,0.00023839435016270727,8.228288788814098e-05,4.424368671607226e-05,0.00011373527377145365
208,10,0.0025104840751737356,9.537821824778803e-06,0.0002255219587823376,0.0005420540692284703,7.617192022735253e-05,6.504929388029268e-06,9.066017082659528e-05
209,10,0.0016977451741695404,2.1764659322798252e-05,0.0003079995221924037,0.0001621963019715622,5.896244692848995e-05,2.5029252356034704e-05,3.6586781789083034e-05
210,10,0.003966788295656443,1.1346533938194625e-05,0.0005977021646685898,0.0005014862399548292,9.599955956218764e-05,2.5667713998700492e-05,0.00016395804414059967
211,10,0.0028941920027136803,1.1774151062127203e-05,0.00047854857984930277,0.0002648131048772484,7.369260129053146e-05,3.6460576666286215e-05,0.00010375242709415033
212,10,0.0030082175508141518,1.163900196843315e-05,0.0005412124446593225,0.0004523952375166118,8.293825521832332e-05,2.023954402829986e-05,9.711927123134956e-05
213,10,0.002680438570678234,1.718158455332741e-05,0.0003894981346093118,0.0003729625605046749,8.72399759828113e-05,2.2932266801944934e-05,7.99073968664743e-05
214,10,0.002686519408598542,1.3578081052401103e-05,0.000522654561791569,0.0002693907299544662,5.891000910196453e-05,2.387703898421023e-05,0.00010530255531193689
215,10,0.002211783081293106,7.394765816570725e-06,0.0002502633142285049,0.0002751133288256824,5.2463776228250936e-05,1.4921630281605758e-05,0.0001005157464533113
216,10,0.003385302610695362,1.5122298464120831e-05,0.0006272155442275107,0.00043262753752060235,9.715678606880829e-05,3.054820990655571e-05,0.00010332871170248836
217,10,0.003074689069762826,1.121168133977335e-05,0.0003041794116143137,0.0004992015892639756,9.902440069708973e-05,1.2616054846148472e-05,0.00011436917702667415
218,10,0.002264568582177162,1.343491385341622e-05,0.00044373556738719344,0.00021382246632128954,5.160392538527958e-05,2.6261272068950348e-05,8.149236964527518e-05
219,10,0.00217164633795619,5.311455879564164e-06,0.00013437197776511312,0.0003316851216368377,5.6401626352453604e-05,5.969455287413439e-06,0.00010765669139800593
220,10,0.002880396321415901,1.4113921679381747e-05,0.0004028177063446492,0.00040504138451069593,8.519311813870445e-05,2.9378819817793556e-05,9.127039083978161e-05
221,10,0.0023668697103857994,6.478659088315908e-06,0.00012197353498777375,0.0004691612848546356,7.824568456271663e-05,6.592326371901436e-06,9.208761184709147e-05
222,10,0.002995604183524847,1.3455995031108614e-05,0.00031899617169983685,0.0003600856871344149,7.292991358553991e-05,2.7803120246971957e-05,0.00012957360013388097
223,10,0.0027484875172376633,7.618877134518698e-06,0.00012553298438433558,0.0004431830602698028,6.976648728596047e-05,8.81866981217172e-06,0.00013863011554349214
224,10,0.0023003448732197285,1.1569380149012432e-05,0.00021407568419817835,0.0003625845129135996,7.193519559223205e-05,2.2031576008885168e-05,7.724476017756388e-05
225,10,0.001900813658721745,4.435005848790752e-06,8.123003499349579e-05,0.00040458684088662267,5.9258658438920975e-05,6.328155450319173e-06,7.546936103608459e-05
226,10,0.0033740419894456863,1.1716849257936701e-05,0.00017771626880858094,0.0004897752078250051,8.858038199832663e-05,2.4065724574029446e-05,0.00015683726815041155
227,10,0.0028985582757741213,9.094426786759868e-06,0.00012381840497255325,0.0004892627475783229,7.131502934498712e-05,1.2160224287072197e-05,0.00014416301564779133
228,10,0.002198033733293414,1.061587408912601e-05,0.00010532326268730685,0.00038519781082868576,7.58864262024872e-05,1.554004120407626e-05,7.82632123446092e-05
229,10,0.0018284060060977936,4.481913947529392e-06,0.0001145678324974142,0.00038792932173237205,5.632443571812473e-05,8.220068593800534e-06,6.759819370927289e-05
230,10,0.0031204938422888517,9.874988791125361e-06,0.00011368552804924548,0.0004677430260926485,8.459894161205739e-05,1.914620224852115e-05,0.00014917388034518808
231,10,0.002495457883924246,8.137452823575586e-06,0.00015461079601664096,0.0004179903189651668,6.0567188484128565e-05,1.081713617168134e-05,0.00012008759949821979
232,10,0.0025051203556358814,1.168375547422329e-05,8.885061834007502e-05,0.00043932112748734653,8.46601469675079e-05,1.679921660979744e-05,9.506713104201481e-05
233,10,0.0021260601934045553,5.343310931493761e-06,0.00017194471729453653,0.00042364661931060255,6.328688323264942e-05,9.79410015133908e-06,7.943156379042193e-05
234,10,0.002596750855445862,9.32370858208742e-06,9.597339521860704e-05,0.0003740421961992979,7.016939343884587e-05,1.9240034816903062e-05,0.0001223317376570776
235,10,0.0020694504491984844,7.098360129020875e-06,0.00018044670287054032,0.0003422103764023632,4.670416456065141e-05,8.250243809015956e-06,9.901507291942835e-05
236,10,0.0027331802994012833,1.3512903024093248e-05,0.00012394781515467912,0.0004549193545244634,9.24025516724214e-05,2.200396374973934e-05,9.967348887585104e-05
237,10,0.002318170154467225,5.460331522044726e-06,0.00019123319361824542,0.0004640317056328058,6.839572597527876e-05,9.359539035358466e-06,8.798923227004707e-05
238,10,0.0023189852945506573,9.765861250343733e-06,0.00011947166785830632,0.0003078424488194287,6.353686330839992e-05,2.2059621187509038e-05,0.00010259405826218426
239,10,0.0019560784567147493,6.0301931625872385e-06,0.00015425980382133275,0.0003497274883557111,4.430159242474474e-05,5.846247404406313e-06,9.445824980502948e-05
240,10,0.002632733667269349,1.404386421199888e-05,0.00015149317914620042,0.0004091511946171522,8.912971679819748e-05,2.4392233171965927e-05,9.228259295923635e-05
241,10,0.002212444320321083,4.129304215894081e-06,0.00015511474339291453,0.00046661714441142976,6.696378841297701e-05,6.037528237357037e-06,8.565699681639671e-05
242,10,0.002373295836150646,1.0610948265821207e-05,0.00013025726366322488,0.0003103523049503565,6.413975643226877e-05,2.456517904647626e-05,0.0001035025852615945
243,10,0.0020967922173440456,5.277702712191967e-06,0.0001263880985789001,0.0003967327356804162,4.8339308705180883e-05,4.274865204934031e-06,0.00010422518971608952
244,10,0.0023492814507335424,1.3728712474403437e-05,0.00011954578076256439,0.00037302999407984316,7.949605060275644e-05,2.2821801394456998e-05,8.197983697755262e-05
245,10,0.0019911378622055054,2.9346379051276017e-06,0.00011445070413174108,0.00044964408152736723,5.944259464740753e-05,3.1125694022193784e-06,7.985565753187984e-05
246,10,0.0025089553091675043,1.012363463814836e-05,0.00010586188727756962,0.00037138781044632196,6.789008330088109e-05,2.2523639927385375e-05,0.00011174446990480646
247,10,0.002193243708461523,4.798306690645404e-06,0.00012256749323569238,0.00044211847125552595,5.028228770243004e-05,2.910061311922618e-06,0.00010918361658696085
248,10,0.002220205031335354,1.2496770068537444e-05,8.949587208917364e-05,0.00038201306597329676,7.516144250985235e-05,1.967562457139138e-05,7.878288306528702e-05
249,10,0.0019301525317132473,2.3667971618124284e-06,0.00012580817565321922,0.00045526932808570564,5.667255027219653e-05,1.8606897356221452e-06,7.613757770741358e-05
250,10,0.0024159669410437346,9.219957973982673e-06,8.788241393631324e-05,0.0003870375803671777,6.43021339783445e-05,1.940132278832607e-05,0.00010947923874482512
251,10,9.272436000173911e-05,1.5215827033898677e-06,2.5020272005349398e-05,2.537504769861698e-05,2.304404461028753e-06,3.4871155207838456e-07,1.4276293995862943e-06
252,10,7.019537588348612e-05,6.255617108763545e-07,2.854243211913854e-05,1.7203230527229607e-05,1.1151032595080324e-06,2.718600740081456e-07,9.954518418453517e-07
253,10,5.3006617235951126e-05,7.493947009606927e-07,2.098138429573737e-05,1.1647271094261669e-05,9.94814286059409e-07,3.0521468374899996e-07,6.628277446907305e-07
254,10,4.3601943616522476e-05,6.610933382944495e-07,1.721019361866638e-05,1.0356987331761047e-05,8.185745059563487e-07,2.3262835213699873e-07,4.861638558395498e-07
255,10,3.721276152646169e-05,4.4225086526239465e-07,1.4200084478943609e-05,9.908656465995591e-06,6.906225280545186e-07,2.1690381402095227e-07,3.5865036807081196e-07
256,10,3.4590892028063536e-05,4.057157809711498e-07,1.264031288883416e-05,9.323032827524003e-06,6.400200618372764e-07,2.207092251182985e-07,3.6145374338047986e-07
257,10,3.177870166837238e-05,4.300752038943756e-07,1.1673661902023014e-05,8.713438546692487e-06,5.09834762851824e-07,2.2059968785015371e-07,3.657180798199988e-07
258,10,2.9545377401518635e-05,4.1028411601473636e-07,1.0807345461216755e-05,7.636951522727031e-06,5.110537699692941e-07,2.2103793639871583e-07,3.3698782431201835e-07
259,10,2.7865915399161167e-05,4.2042015024890134e-07,9.907383173413109e-06,6.805554221500643e-06,4.7426445348719426e-07,2.248842463359324e-07,3.74106974732058e-07
260,10,2.6219749997835606e-05,4.41069062162569e-07,8.922712368075736e-06,6.667201887466945e-06,4.0341339513361163e-07,2.2307702352009073e-07,3.923863687305129e-07
261,10,2.4814526113914326e-05,3.613559158566204e-07,8.135953976307064e-06,6.896171271364437e-06,3.559083552318043e-07,2.1497082514088106e-07,3.7122509866094333e-07
262,10,2.3745520593365654e-05,3.375907056124561e-07,7.3763285399763845e-06,6.729053893650416e-06,3.1378584708363633e-07,2.1933318805622548e-07,3.9713575006317114e-07
263,10,2.2771722797187977e-05,3.3922171382982924e-07,6.6647794483287726e-06,6.224440767255146e-06,3.1742774808662944e-07,2.2325126280975383e-07,4.136491611461679e-07
264,10,2.187380232498981e-05,3.355716273745202e-07,6.153909907880006e-06,5.868728294444736e-06,3.120430847047828e-07,2.1742404499036638e-07,4.220920288844354e-07
265,10,2.120215867762454e-05,3.2920371495492873e-07,5.877464445802616e-06,5.350719675334403e-06,2.9206933049863437e-07,2.168413004710601e-07,4.5556635086541064e-07
266,10,2.0527801098069176e-05,3.280929377069697e-07,5.512481038749684e-06,5.340486950444756e-06,2.855695129255764e-07,2.0813416767850867e-07,4.409702398788795e-07
267,10,1.999842243094463e-05,3.035155486941221e-07,5.183410394238308e-06,5.215015335124917e-06,2.856565401998523e-07,2.1049864074029756e-07,4.3349297129680053e-07
268,10,1.9362716557225212e-05,2.9153645186852373e-07,4.7764960982021876e-06,5.319011052051792e-06,2.546839255046507e-07,2.2068579141887312e-07,4.2219767237838823e-07
269,10,1.8764429114526138e-05,3.461750850419776e-07,4.4423563849704806e-06,5.450957360153552e-06,2.3845254304433183e-07,2.1723116105931695e-07,3.9681046359874017e-07
270,10,1.8279713913216256e-05,3.9184112665680004e-07,4.162213826930383e-06,5.3348740038927644e-06,2.4048526370279433e-07,2.0634924169371516e-07,3.92244004387976e-07
271,10,1.7830621800385416e-05,4.221900553602609e-07,3.9091132748581e-06,5.120579317008378e-06,2.424596345917962e-07,2.049106342383311e-07,3.905036862761335e-07
272,10,1.7448743165005e-05,3.810943098869757e-07,3.738038685696665e-06,4.86167436974938e-06,2.521842930036655e-07,2.0548714019241743e-07,3.891222206675593e-07
273,10,1.7103782738558948e-05,3.864549569243536e-07,3.611547072068788e-06,4.884277586825192e-06,2.413978847926046e-07,2.0581725834745157e-07,3.749350128146034e-07
274,10,1.6673111531417817e-05,3.947842230900278e-07,3.448921006565797e-06,4.830300895264372e-06,2.353807531108032e-07,2.0924686339185428e-07,3.55283049202626e-07
275,10,1.6218165910686366e-05,4.1331165334668185e-07,3.2916702821239596e-06,4.852876827499131e-06,2.292737804054923e-07,2.0146754309280368e-07,3.352894566432951e-07
276,10,1.581894866831135e-05,4.1360797808920324e-07,3.0964224606577773e-06,4.9111313273897395e-06,2.2019591483513068e-07,1.9834217823699873e-07,3.212406909369747e-07
277,10,1.5427076505147852e-05,3.780747306336707e-07,2.878794020944042e-06,4.947119577991543e-06,2.1998468469064392e-07,2.0084101493011985e-07,3.0148314067446336e-07
278,10,1.4856332199997269e-05,3.8174323435669066e-07,2.487014171492774e-06,4.963128958479501e-06,2.1616065737362078e-07,2.0574601933276426e-07,2.8053779033143655e-07
279,10,1.4455277778324671e-05,3.7249719753162935e-07,2.272043047923944e-06,5.038330527895596e-06,1.9381053562028683e-07,2.082755372612155e-07,2.7515454803506145e-07
280,10,1.4005506272951607e-05,3.819706932972622e-07,2.125947048625676e-06,4.992882168153301e-06,1.8248979927193432e-07,2.0852318982633733e-07,2.594575789771625e-07
281,10,1.3539562132791616e-05,3.1499081387664774e-07,1.959274413820822e-06,4.859490218223073e-06,1.8709842208863847e-07,2.01115597064927e-07,2.523665614262427e-07
282,10,1.3289885828271508e-05,3.1760956176185573e-07,1.9299716313980753e-06,4.725951384898508e-06,1.7729283285916608e-07,2.0196597461108468e-07,2.523766511330905e-07
283,10,1.2902951311843935e-05,3.219669224563404e-07,1.8878249647968914e-06,4.603065008268459e-06,1.6484986531395407e-07,2.0194950423046976e-07,2.422100635612878e-07
284,10,1.263073045265628e-05,3.4645952950995706e-07,1.838106300056097e-06,4.597355200530728e-06,1.5783658113832644e-07,1.991265321521496e-07,2.2791783749198657e-07
285,10,1.2408208021952305e-05,2.9888738595218456e-07,1.7524093891552184e-06,4.555241048365133e-06,1.5535448483205982e-07,1.9993733246792544e-07,2.2487520823233353e-07
286,10,1.2208772204758134e-05,2.7921046807932726e-07,1.6731951291149016e-06,4.44892248196993e-06,1.551880615124901e-07,1.9905498049865855e-07,2.2650131370482995e-07
287,10,1.2047197742504068e-05,2.695389582640928e-07,1.6329242953361245e-06,4.322940185375046e-06,1.541400536098081e-07,1.9936140915888245e-07,2.2867796189984801e-07
288,10,1.1866176464536693e-05,2.6383298745713546e-07,1.5604524605805636e-06,4.2811388993868604e-06,1.5327898950090457e-07,1.995794463027778e-07,2.2321680148706946e-07
289,10,1.1746082236641087e-05,2.687254720967758e-07,1.5195644209597958e-06,4.2164524529653136e-06,1.5783660956003587e-07,1.9590677879932628e-07,2.2039054670131009e-07
290,10,1.1604279279708862e-05,2.884684988657682e-07,1.4967188235459616e-06,4.20681681134738e-06,1.5382667584162846e-07,1.9397349149130605e-07,2.134274126319724e-07
291,10,1.1439602531027049e-05,2.742268918609625e-07,1.479099069001677e-06,4.233565050526522e-06,1.4307202889085602e-07,1.9619295699158101e-07,2.0600619166089018e-07
292,10,1.125656308431644e-05,2.754549370820314e-07,1.461835950067325e-06,4.175006779405521e-06,1.3913049201619287e-07,1.9814009988294856e-07,1.9715584187451896e-07
293,10,1.1020676538464613e-05,2.681915134417068e-07,1.433269289918826e-06,4.110006102564512e-06,1.423231310582196e-07,1.9445603527401545e-07,1.841417542891577e-07
294,10,1.0755526091088541e-05,2.969055685753119e-07,1.444712097509182e-06,4.003134563390631e-06,1.3253884389996529e-07,1.9113569749151793e-07,1.774028675072259e-07
295,10,1.046837951435009e-05,3.0245206517065526e-07,1.4041100939721218e-06,3.829432444035774e-06,1.3061585946161358e-07,1.8879489971368457e-07,1.738277148888301e-07
296,10,1.0092448064824566e-05,3.072969718687091e-07,1.3883496876587742e-06,3.6988838019169634e-06,1.268633980089362e-07,1.8490396769266226e-07,1.5802439179424255e-07
297,10,9.785576366994064e-06,2.8752634761985973e-07,1.3745063824899262e-06,3.70151360584714e-06,1.0776304293358407e-07,1.8831786974260467e-07,1.461220904275251e-07
298,10,9.572762792231515e-06,2.841283901489078e-07,1.3523164170692326e-06,3.6836634080827935e-06,1.030871885632223e-07,1.8768328402529733e-07,1.344949396298034e-07
299,10,9.386615602124948e-06,2.806903012242401e-07,1.2836569567298284e-06,3.5891757761419285e-06,1.0016987062044791e-07,1.8801247847477498e-07,1.351269389715526e-07
300,10,9.242730811820365e-06,2.6909367534244666e-07,1.2793216228601523e-06,3.4459740163583774e-06,1.0424337659742378e-07,1.8648358945938526e-07,1.3410722488060856e-07
301,20,0.001971203600987792,5.210816652834183e-06,5.444476846605539e-05,0.0004813183913938701,6.859117092972156e-06,5.4211004680837505e-06,0.00013074274465907365
302,20,0.0035218980628997087,1.858564792200923e-05,0.00040137459291145205,0.0009652201551944017,6.347164162434638e-05,1.9614522898336872e-05,0.00013058559852652252
303,20,0.001104992930777371,5.278459866531193e-06,0.0001400140899932012,0.00019474525470286608,2.2810079826740548e-05,1.6160511222551577e-06,5.206938658375293e-05
304,20,0.003576930845156312,6.121143997006584e-06,0.000378618948161602,0.0006325684953480959,2.25159583351342e-05,1.842351775849238e-05,0.00021502275194507092
305,20,0.0010192707413807511,1.0948344424832612e-05,0.00015241431538015604,0.00013494474114850163,2.1034102246630937e-05,5.257113571133232e-06,4.580512177199125e-05
306,20,0.0023840339854359627,3.0508823329000734e-05,0.0006036190898157656,0.0004431764245964587,3.623134034569375e-05,8.747814717935398e-06,8.569380588596687e-05
307,20,0.0017264600610360503,8.061289008765016e-06,0.00017492315964773297,0.0003026605991180986,2.4329137886525132e-05,1.0285271855536848e-05,8.946709567680955e-05
308,20,0.0010037346510216594,1.2054300896124914e-05,0.00011744899529730901,0.0001033440203173086,2.4633825887576677e-05,8.946482921601273e-06,4.3508425733307377e-05
309,20,0.001867559738457203,2.1551142708631232e-05,0.00030415403307415545,0.0004358899313956499,2.7645359296002425e-05,7.297156116692349e-06,7.565395208075643e-05
310,20,0.0010297070257365704,1.2379235158732627e-05,0.00012157043965999037,8.662404434289783e-05,1.791018803487532e-05,1.8982038454851136e-05,4.402110062073916e-05
311,20,0.0010975580662488937,6.836176453361986e-06,9.897440031636506e-05,0.0001274022361030802,2.1236184693407267e-05,8.545222044631373e-06,5.665312710334547e-05
312,20,0.00133233773522079,1.624478682060726e-05,0.0002135508111678064,0.00020414989558048546,2.43497433984885e-05,1.1331236237310804e-05,5.415824489318766e-05
313,20,0.0006429394707083702,5.7067595662374515e-06,5.2107734518358484e-05,0.00011372728476999328,1.3899520126869902e-05,1.9593942397477804e-06,3.128085154457949e-05
314,20,0.0011514635989442468,6.322184162854683e-06,9.416005195816979e-05,0.0001475586323067546,2.0262537873350084e-05,1.5936795534798875e-05,5.4142936278367415e-05
315,20,0.0007084076059982181,6.561197551491205e-06,5.1244925998616964e-05,0.00021462136646732688,9.562748346070293e-06,1.7449244751333026e-06,3.229033973184414e-05
316,20,0.0006301493849605322,7.292393547686515e-06,3.959600508096628e-05,0.00011979763075942174,1.039398557622917e-05,8.118841833493207e-06,2.783350646495819e-05
317,20,0.0007848265231586993,3.852831014228286e-06,7.676627137698233e-05,0.0001675043167779222,8.6234667833196e-06,4.488023932935903e-06,4.055882163811475e-05
318,20,0.0005038940580561757,4.851493486057734e-06,6.090221359045245e-05,0.00013814939302392304,6.811712410126347e-06,4.4013272599841e-06,1.8786056898534298e-05
319,20,0.0005257872398942709,3.823526640189812e-06,0.00010961095540551469,0.00011178021668456495,4.477021320781205e-06,3.712288616952719e-06,2.1867941541131586e-05
320,20,0.0005745517555624247,1.6391484223277075e-06,3.639891292550601e-05,0.00016936722386162728,4.869060376222478e-06,3.8261141526163556e-06,2.8019467208650894e-05
321,20,0.0002893331693485379,2.039540504483739e-06,5.0683269364526495e-05,5.277077070786618e-05,2.2659478418063372e-06,2.278149167977972e-06,1.3839860002917703e-05
322,20,0.0005296918097883463,2.8081267373636365e-06,8.34486199892126e-05,0.00015285250265151262,6.0437391766754445e-06,1.5995226476661628e-06,2.1414994989754632e-05
323,20,0.00031450713868252933,1.0513540473766625e-06,3.623104203143157e-05,6.0902730183443055e-05,3.1408860650117276e-06,1.9013485825780663e-06,1.6589965525781736e-05
324,20,0.0002978823031298816,1.2984767181478674e-06,3.543431012076326e-05,5.7409764849580824e-05,2.967075943161035e-06,2.3175362002803013e-06,1.5089362022990827e-05
325,20,0.00040597718907520175,2.441393917251844e-06,6.086112261982635e-05,0.0001119149528676644,3.0732205686945235e-06,1.279848106605641e-06,1.8722905224421993e-05
326,20,0.00018461144645698369,2.137152250725194e-06,2.351871080463752e-05,2.4837610908434726e-05,1.6800029243313475e-06,1.978063892238424e-06,9.753731319506187e-06
327,20,0.0003375532105565071,1.773698045326455e-06,3.924210977857001e-05,8.024483395274729e-05,3.4187451092293486e-06,2.0489494545472553e-06,1.6161560779437423e-05
328,20,0.00023856220650486648,2.341085291845957e-06,2.6228579372400418e-05,5.2597035391954705e-05,2.0539598608593224e-06,1.953436594703817e-06,1.1732153325283434e-05
329,20,0.00020088261226192117,3.089413439738564e-06,2.3350909032160416e-05,4.7623227146686986e-05,1.8844316400645766e-06,1.8251959090775927e-06,8.972278010332957e-06
330,20,0.0002813303144648671,2.49451454692462e-06,2.389206929365173e-05,6.761359691154212e-05,4.4519415496324655e-06,1.5237552588587278e-06,1.2757314834743738e-05
331,20,0.00015494748367927969,1.3383598798100138e-06,1.695467835816089e-05,1.6665020666550845e-05,1.958444499905454e-06,2.042637561316951e-06,7.99785993876867e-06
332,20,0.00021724577527493238,1.5088977534105652e-06,2.1989439119352028e-05,4.915648969472386e-05,2.1301816559571307e-06,1.2609729083123966e-06,1.1067940249631647e-05
333,20,0.00020071640028618276,2.7682058316713665e-06,2.3004629838396795e-05,2.8874330382677726e-05,3.4688600862864405e-06,2.129810809492483e-06,9.008252163766883e-06
334,20,0.000138203744427301,1.6433245946245734e-06,1.7355270756524988e-05,1.8904391254181974e-05,1.1631118468358181e-06,1.1136029343106202e-06,7.753360478091054e-06
335,20,0.00021081484737806022,2.019631892835605e-06,2.4976890927064233e-05,3.269473018008284e-05,1.5885360653555836e-06,2.5229771836166037e-06,1.1000846825481858e-05
336,20,0.00013852649135515094,2.2039771465642843e-06,1.3459179172059521e-05,2.2448328309110366e-05,2.2483261545858113e-06,1.5355601590272272e-06,6.257615495997015e-06
337,20,0.0001588573504704982,2.3956683889991837e-06,1.2243122910149395e-05,2.0124714865232818e-05,2.4022319848882034e-06,1.6940766727202572e-06,8.313075340993237e-06
338,20,0.00016263780707959086,1.5913490187813295e-06,2.0851113731623627e-05,2.183156721002888e-05,1.2306209100643173e-06,1.4424673508983687e-06,9.163290087599307e-06
339,20,0.0001341265015071258,1.618944793335686e-06,1.5935673218336888e-05,2.0846047846134752e-05,1.983473339350894e-06,1.2072667914253543e-06,6.3818438320595305e-06
340,20,0.00014590354112442583,2.773618234641617e-06,1.3294039490574505e-05,2.7295351173961535e-05,2.2657345652987715e-06,1.2267875035831821e-06,6.761531494703377e-06
341,20,0.00014265457866713405,2.3826064534659963e-06,1.5999570678104647e-05,1.8242306396132335e-05,1.3387511899054516e-06,1.2110969009881956e-06,8.053161764109973e-06
342,20,0.00012148309906478971,1.839452352214721e-06,1.0552623280091211e-05,1.871122367447242e-05,1.6751073417253792e-06,1.306091576225299e-06,6.056780875951517e-06
343,20,0.0001354650012217462,2.3194463665277e-06,1.1637420357146766e-05,2.5515179004287347e-05,2.1930038656137185e-06,1.2201649042253848e-06,6.18612739344826e-06
344,20,0.000129072941490449,2.4773537461442174e-06,8.556756256439257e-06,1.1657836694212165e-05,1.304516786149179e-06,1.3545095498557203e-06,7.979072506714147e-06
345,20,0.0001126440693042241,2.420063765384839e-06,1.0456659765623044e-05,1.4983112123445608e-05,1.2308066743571544e-06,1.0954418030451052e-06,6.1521750467363745e-06
346,20,0.00013245704758446664,2.238514525743085e-06,1.1196063496754505e-05,2.1897805709159002e-05,2.259308530483395e-06,1.2918175116283237e-06,6.161340934340842e-06
347,20,0.00011069179163314402,1.993855676118983e-06,8.3592258306453e-06,1.080494166671997e-05,1.1666919590425096e-06,1.0748146905825706e-06,6.711869900755119e-06
348,20,0.00011417741188779473,2.5054287107195705e-06,1.0860640031751245e-05,1.2721115126623772e-05,1.199451276079344e-06,1.088933913706569e-06,6.520637271023588e-06
349,20,0.00012133059499319643,2.2941353563510347e-06,1.154904475697549e-05,1.971854544535745e-05,2.012287950492464e-06,9.548584785079584e-07,5.809739832329797e-06
350,20,0.00010432224371470511,1.9295264337415574e-06,7.801993888278957e-06,9.820942977967206e-06,1.4232260809876607e-06,1.1076566579504288e-06,5.946095370745752e-06
351,20,0.00011134777741972357,2.0360996586532565e-06,7.966069460962899e-06,1.0334428225178272e-05,1.0745667395894998e-06,9.884256542136427e-07,7.038125659164507e-06
352,20,0.00011049473687307909,2.4637513433845015e-06,7.81969356467016e-06,1.6943666196311824e-05,1.748892145769787e-06,1.0635466196617926e-06,5.514323675015476e-06
353,20,9.98399336822331e-05,2.2024194095138228e-06,6.144332019175636e-06,1.1587080734898336e-05,1.3203168691688916e-06,1.1132721056128503e-06,5.5570208132849075e-06
354,20,0.00010979393846355379,1.9400210931053152e-06,7.056962658680277e-06,1.015943598758895e-05,9.396981113241054e-07,1.0758150210676831e-06,7.048238785500871e-06
355,20,0.00010201145778410137,2.467727881594328e-06,6.50470974505879e-06,1.3029720321355853e-05,1.4626407391915563e-06,9.86867121355317e-07,5.551422418648144e-06
356,20,9.92532804957591e-05,2.266488309032866e-06,6.3352063079946674e-06,1.2362583220237866e-05,1.3655492239195155e-06,9.422788025403861e-07,5.521072125702631e-06
357,20,0.00010495109017938375,1.919078613354941e-06,7.227946298371535e-06,9.47612352319993e-06,9.57109591581684e-07,1.1060911901950021e-06,6.5695930970832705e-06
358,20,9.687209239928052e-05,2.1162391021789517e-06,5.705247531295754e-06,1.116868315875763e-05,1.2091959433746524e-06,1.0067841458294424e-06,5.572212558035972e-06
359,20,9.966445213649422e-05,2.2141066438052803e-06,6.2670633269590326e-06,1.3267927897686604e-05,1.3214524869908928e-06,9.98742848423717e-07,5.471339591167634e-06
360,20,9.92737477645278e-05,1.987448968066019e-06,6.92829098625225e-06,9.595269148121588e-06,8.993946494229021e-07,9.862762908596778e-07,6.190603016875684e-06
361,20,9.61625119089149e-05,1.939647518156562e-06,5.989232249703491e-06,9.006891559693031e-06,1.1085772939622984e-06,9.920187267198344e-07,5.822078037454048e-06
362,20,9.655179746914655e-05,2.2472227101388853e-06,5.783715550933266e-06,1.1927338164241519e-05,1.2315715594013454e-06,9.566784910930437e-07,5.471102213050472e-06
363,20,9.678042260929942e-05,2.1568287138507003e-06,6.036545983079122e-06,9.994554602599237e-06,8.870623560142121e-07,9.74444560597476e-07,5.997742846375331e-06
364,20,9.416644024895504e-05,1.9944027371820994e-06,5.272313046589261e-06,8.760020136833191e-06,1.009232164506102e-06,1.026694917527493e-06,5.778043032478308e-06
365,20,9.443205635761842e-05,2.088054088744684e-06,5.175108526600525e-06,1.0771393135655671e-05,1.1325557807140285e-06,9.74311888057855e-07,5.532882823899854e-06
366,20,9.541798499412835e-05,2.1016637674620142e-06,5.1443889788060915e-06,1.0619210115692113e-05,8.806759979052003e-07,9.379310199619795e-07,5.936665274930419e-06
367,20,9.255474287783727e-05,2.0963939277862664e-06,5.0694015953922644e-06,8.326037459482905e-06,9.71388658399519e-07,9.438880397283356e-07,5.791014245914994e-06
368,20,9.350631444249302e-05,1.991757471841993e-06,5.291075012792135e-06,9.07303092390066e-06,1.121635477829841e-06,9.63624529504159e-07,5.629784936900251e-06
369,20,9.351094195153564e-05,2.0903828499285737e-06,5.472988050314598e-06,9.795034202397801e-06,8.805996571936703e-07,9.543877013129531e-07,5.780266747024143e-06
370,20,9.145504736807197e-05,2.172547510781442e-06,4.86352109874133e-06,8.505970072292257e-06,8.814856755634537e-07,9.762811714608688e-07,5.733533726015594e-06
371,20,9.233986202161759e-05,2.0352563296910375e-06,5.144090209796559e-06,9.085953934118152e-06,9.368354767502751e-07,9.775316129889688e-07,5.6930894061224535e-06
372,20,9.232028241967782e-05,1.975669647436007e-06,5.120606601849431e-06,9.184716873278376e-06,8.234758865910408e-07,9.750040135259042e-07,5.805449291074183e-06
373,20,9.057252464117482e-05,2.090237785523641e-06,4.848458956985269e-06,8.408827852690592e-06,8.81260518781346e-07,9.482904488322674e-07,5.69294888919103e-06
374,20,9.160078479908407e-05,2.125420223819674e-06,4.776206424139673e-06,8.81565847521415e-06,9.625105121813249e-07,9.660606110628578e-07,5.65977916267002e-06
375,20,9.124234202317894e-05,1.9419387626840034e-06,4.956055818183813e-06,8.816101399133913e-06,7.963725465742755e-07,9.681989467935637e-07,5.788253020000411e-06
376,20,8.991200593300164e-05,2.0781865259777987e-06,4.774227363668615e-06,8.937995517044328e-06,8.302756100420083e-07,9.476301556787803e-07,5.634253284370061e-06
377,20,9.088531078305095e-05,2.1587088667729404e-06,4.800442184205167e-06,8.616041668574326e-06,8.818670949040097e-07,9.624609447200783e-07,5.686684289685218e-06
378,20,9.014261013362557e-05,2.0102695543755544e-06,4.801382146979449e-06,8.52351604407886e-06,7.520369535995997e-07,9.60958573159587e-07,5.7677484619489405e-06
379,20,8.963621803559363e-05,1.9936178432544693e-06,4.73331374450936e-06,8.699704267201014e-06,8.204854680116114e-07,9.71017470874358e-07,5.629455245070858e-06
380,20,9.000321733765304e-05,2.1098512661410496e-06,4.6519430725311395e-06,8.451407666143496e-06,8.638622830403619e-07,9.681525625637732e-07,5.646986210194882e-06
381,20,8.95909033715725e-05,2.0970171590306563e-06,4.739899395644898e-06,8.475604772684164e-06,7.424592922689044e-07,9.580655842000851e-07,5.727313237002818e-06
382,20,8.924867142923176e-05,2.009402351177414e-06,4.599582098308019e-06,8.899334716261365e-06,7.990225867615663e-07,9.54525376073434e-07,5.620487172564026e-06
383,20,8.930536569096148e-05,2.0829520508414134e-06,4.489866569201695e-06,8.726658961677458e-06,8.287203741019766e-07,9.541381587041542e-07,5.6177295846282504e-06
384,20,8.91934905666858e-05,2.0734942154376768e-06,4.463554432732053e-06,8.235665518441238e-06,7.452000545526971e-07,9.399303735335707e-07,5.756946848123334e-06
385,20,8.875751518644392e-05,2.0726686216221424e-06,4.4226067075214814e-06,8.632011486042757e-06,8.346937647729646e-07,9.509427059128939e-07,5.577385763899656e-06
386,20,8.876085485098884e-05,2.046273948508315e-06,4.44281795353163e-06,8.330010132340249e-06,8.263065751634713e-07,9.57186784944497e-07,5.610681910184212e-06
387,20,8.872002217685804e-05,2.11981887332513e-06,4.411568625073414e-06,8.145188076014165e-06,7.147657470341073e-07,9.597348480383516e-07,5.729844360757852e-06
388,20,8.834621985442936e-05,2.1220851067482727e-06,4.3328072933945805e-06,8.674380296724848e-06,7.878103360781097e-07,9.490231605013832e-07,5.584861355600879e-06
389,20,8.827740384731442e-05,2.0829618279094575e-06,4.285877821530448e-06,8.384580723941326e-06,8.163608526956523e-07,9.594044740879326e-07,5.576633157033939e-06
390,20,8.828485442791134e-05,2.0727195533254417e-06,4.347941739979433e-06,7.873437425587326e-06,7.362031055890839e-07,9.525465998194704e-07,5.710326149710454e-06
391,20,8.79917643032968e-05,2.140273863915354e-06,4.22527909904602e-06,8.424214684055187e-06,8.058267439992051e-07,9.467934205531492e-07,5.56757959202514e-06
392,20,8.784394594840705e-05,2.099533730870462e-06,4.20329251937801e-06,8.29568125482183e-06,8.04332103143679e-07,9.489637022852548e-07,5.5712475841573905e-06
393,20,8.792306471150368e-05,2.0679599401773885e-06,4.230508238833863e-06,7.860377081669867e-06,7.346147299358563e-07,9.54812890086032e-07,5.686993972631171e-06
394,20,8.763893129071221e-05,2.1555715647991747e-06,4.1726748349901754e-06,8.338225597981364e-06,7.97736333879584e-07,9.475593287788797e-07,5.551950380322523e-06
395,20,8.749948028707877e-05,2.156059053959325e-06,4.172721673967317e-06,8.230209459725302e-06,7.877268330958032e-07,9.512596648164617e-07,5.5550622164446395e-06
396,20,8.756010356592014e-05,2.1234880023257574e-06,4.201539468340343e-06,7.757927960483357e-06,7.36646939003549e-07,9.665433253758238e-07,5.6445246627845336e-06
397,20,8.732386049814522e-05,2.1448629468068248e-06,4.141896624787478e-06,8.08658660389483e-06,7.986568562046159e-07,9.482251357439964e-07,5.548169610847253e-06
398,20,8.721102494746447e-05,2.1689963887183694e-06,4.101520971744321e-06,8.197620445571374e-06,7.861159474487067e-07,9.445088835491333e-07,5.54366397409467e-06
399,20,8.72019591042772e-05,2.1085465959913563e-06,4.092510152986506e-06,7.790856216161046e-06,7.386499873973662e-07,9.48020272062422e-07,5.634333774651168e-06
400,20,8.706942026037723e-05,2.1621972337015904e-06,4.022522261948325e-06,8.100737431959715e-06,7.961045866977656e-07,9.563339062879095e-07,5.525957931240555e-06
401,20,8.580095163779333e-05,2.2474332581623457e-06,4.019846073788358e-06,8.208075087168254e-06,8.500790045218309e-07,9.494074788563012e-07,5.333073204383254e-06
402,20,8.278438326669857e-05,2.368418108744663e-06,4.283463113097241e-06,8.52829180075787e-06,7.725022896920564e-07,9.563118510413915e-07,5.0316070883127395e-06
403,20,8.074432844296098e-05,2.1730131720687496e-06,4.579561846185243e-06,7.957063644425943e-06,8.305488563564722e-07,9.63268462328415e-07,4.80965172755532e-06
404,20,7.81832350185141e-05,2.2202702893991955e-06,4.69928727397928e-06,7.776144229865167e-06,8.216603646360454e-07,1.0013309292844497e-06,4.525762506091269e-06
405,20,7.65866570873186e-05,2.5018589440151118e-06,4.679489848058438e-06,7.4740783020388335e-06,9.045519391293055e-07,9.824547078096657e-07,4.3061158976342995e-06
406,20,7.443562208209187e-05,2.562634563219035e-06,4.594949587044539e-06,7.1003541961545125e-06,9.123446034209337e-07,9.98289579001721e-07,4.107133918296313e-06
407,20,7.202896085800603e-05,2.1649807422363665e-06,4.743417775898706e-06,6.789895905967569e-06,8.825933264233754e-07,1.031157353281742e-06,3.919315986422589e-06
408,20,6.994397699600086e-05,2.4152659534593113e-06,4.907707534584915e-06,6.203299562912434e-06,8.661619403937948e-07,1.022892547553056e-06,3.7527161111938767e-06
409,20,6.791958003304899e-05,2.714010179261095e-06,5.214482371229678e-06,6.029094947734848e-06,7.660939900233643e-07,9.973173291655257e-07,3.632787866081344e-06
410,20,6.495755224023014e-05,2.9715320124523714e-06,5.642970336339204e-06,6.279518856899813e-06,7.032033408904681e-07,9.996896324082627e-07,3.3034602893167175e-06
411,20,6.199396739248186e-05,2.809904572131927e-06,5.931198302278062e-06,6.467669209087035e-06,6.592997010557156e-07,9.849127309280448e-07,3.0343071557581425e-06
412,20,5.947360477875918e-05,2.4537803255952895e-06,6.190224212332396e-06,6.081635547161568e-06,5.845651571689814e-07,1.002098542812746e-06,2.8881322577944957e-06
413,20,5.7324228691868484e-05,2.1591440599877387e-06,6.394133379217237e-06,5.389624675444793e-06,5.650006187352119e-07,9.63708657764073e-07,2.809423222061014e-06
414,20,5.531394708668813e-05,2.2124092993180966e-06,6.495417892438127e-06,5.200323812459828e-06,5.795113793283235e-07,9.398365818924503e-07,2.621231942612212e-06
415,20,5.360524664865807e-05,1.939479716384085e-06,6.111786660767393e-06,4.831327714782674e-06,5.544670216295344e-07,9.911099141390878e-07,2.526688376747188e-06
416,20,5.1678187446668744e-05,1.861430632743577e-06,6.618660790991271e-06,4.553867711365456e-06,5.51659582015418e-07,9.771371196620748e-07,2.3356262772722403e-06
417,20,4.9232101446250454e-05,1.5796601928741438e-06,7.0701862568967044e-06,4.377141522127204e-06,5.438587322714739e-07,9.860315230980632e-07,2.0906209101667628e-06
418,20,4.7425135562662035e-05,1.6660547998981201e-06,7.474752237612847e-06,4.1106841308646835e-06,5.378728928917553e-07,9.911011602525832e-07,1.8883905568145565e-06
419,20,4.5805820263922215e-05,1.700339680610341e-06,6.95176549925236e-06,4.070204795425525e-06,5.488111582963029e-07,9.958746431948384e-07,1.7636654092711979e-06
420,20,4.392156552057713e-05,1.6667755744492752e-06,6.645246685366146e-06,3.583772695492371e-06,5.409642653830815e-07,1.011848667076265e-06,1.6497641581736389e-06
421,20,4.1661136492621154e-05,1.59184298809123e-06,6.378988928190665e-06,3.1777685762790497e-06,5.601385737463715e-07,9.975137800211087e-07,1.4936011893951218e-06
422,20,4.012025601696223e-05,1.5069957726154826e-06,6.153119102236815e-06,3.0635851544502657e-06,5.276119168229343e-07,1.0165979347220855e-06,1.3954460200693575e-06
423,20,3.8742145989090204e-05,1.6233832411671756e-06,5.934958153375192e-06,3.118778522548382e-06,5.0496441872383e-07,1.0068520168715622e-06,1.2946861716045532e-06
424,20,3.6926598113495857e-05,1.5488309372813092e-06,5.569953373196768e-06,3.7060879094497068e-06,4.263931145942479e-07,1.0010268169935443e-06,1.1827527259811177e-06
425,20,3.549148823367432e-05,1.7480564338256954e-06,5.241388862486929e-06,3.5795121675619157e-06,4.221143683480477e-07,9.643663361202925e-07,1.1057721849283553e-06
426,20,3.435798498685472e-05,1.8924363303085556e-06,4.63362448499538e-06,3.6763003663509153e-06,3.939991586321412e-07,9.647294518799754e-07,1.0568338666416821e-06
427,20,3.350083716213703e-05,1.742581844155211e-06,4.597608949552523e-06,3.5568916700867703e-06,3.898293812198972e-07,9.678376500232844e-07,1.002708245323447e-06
428,20,3.261910751461983e-05,1.7084911405618186e-06,4.4230910134501755e-06,3.784228738368256e-06,3.791934091168514e-07,9.747901685841498e-07,9.163460390482214e-07
429,20,3.148028554278426e-05,1.7727172689774306e-06,4.122724931221455e-06,3.6412525332707446e-06,3.715122431913187e-07,9.632140063331462e-07,8.596329621468612e-07
430,20,3.058292350033298e-05,1.8476715695214807e-06,3.938146619475447e-06,3.376894483153592e-06,3.4730879860944697e-07,9.692031426311587e-07,8.255092325271107e-07
431,20,2.9798125979141332e-05,1.7204419009431149e-06,3.820452093350468e-06,3.265791065132362e-06,3.4580460805955227e-07,9.703863952381653e-07,7.829530659364536e-07
432,20,2.911736191890668e-05,1.7083877992263297e-06,3.7903350857959595e-06,2.9374109544733074e-06,3.3929782716768386e-07,9.76090404947172e-07,7.527343655056029e-07
433,20,2.855602724594064e-05,1.6723203088986338e-06,3.7495108244911535e-06,2.9530192477977835e-06,3.448493544055964e-07,9.63980596679903e-07,7.092875193848158e-07
434,20,2.792596751532983e-05,1.7235673794857576e-06,3.537080374371726e-06,2.860500217138906e-06,3.412052080875583e-07,9.656948805059073e-07,6.735817237313313e-07
435,20,2.7477981348056346e-05,1.7611068869882729e-06,3.381425358384149e-06,2.784528987831436e-06,3.327834008359787e-07,9.629069381844602e-07,6.59401621305733e-07
436,20,2.712214336497709e-05,1.7933872413777863e-06,3.215752030882868e-06,2.728955678321654e-06,3.3106303476415633e-07,9.624794756746269e-07,6.448623821597721e-07
437,20,2.6688478101277724e-05,1.7063082395907259e-06,3.1181568829197204e-06,2.652031753314077e-06,3.201187155355001e-07,9.698051144368947e-07,6.312741902547714e-07
438,20,2.6248235371895134e-05,1.73732064467913e-06,2.994883061546716e-06,2.5607803308957955e-06,3.2044107456385973e-07,9.671520047049853e-07,6.079321224206069e-07
439,20,2.5874236598610878e-05,1.6643624576317961e-06,2.8723006835207343e-06,2.504386657165014e-06,3.1336250572167046e-07,9.793349136089091e-07,5.906214255446685e-07
440,20,2.5600975277484395e-05,1.6695482827344676e-06,2.8308747914707055e-06,2.4351450065296376e-06,3.144323272863403e-07,9.752640153237735e-07,5.768442292719556e-07
441,20,2.529038283682894e-05,1.6745407265261747e-06,2.8313902475929353e-06,2.404194901828305e-06,3.0969721365181613e-07,9.839601489147753e-07,5.443684472083987e-07
442,20,2.491075429134071e-05,1.679438355495222e-06,2.869521722459467e-06,2.2949448066356126e-06,3.07282505218609e-07,9.80894128588261e-07,5.185085001357947e-07
443,20,2.4588152882643044e-05,1.640251639400958e-06,2.8484591894084588e-06,2.1503606149053667e-06,3.0784127602601075e-07,9.82248366199201e-07,5.048185016676143e-07
444,20,2.4193606805056334e-05,1.6787920458227745e-06,2.8011345420964062e-06,1.998738298425451e-06,3.063680651393952e-07,9.725290510687046e-07,4.925971097691217e-07
445,20,2.3917182261357084e-05,1.66250356414821e-06,2.6922198230749927e-06,1.9051518620472052e-06,3.1517217280452314e-07,9.75269927039335e-07,4.752885445213906e-07
446,20,2.340638638997916e-05,1.6635219708405202e-06,2.5927806746040005e-06,1.8795251435221871e-06,3.025467094630585e-07,9.82464371190872e-07,4.420448078690242e-07
447,20,2.296621460118331e-05,1.6610052853138768e-06,2.768641707007191e-06,1.872613779596577e-06,2.858333800759283e-07,9.818749049372855e-07,3.986872911809769e-07
448,20,2.2648033336736262e-05,1.6655633316986496e-06,2.76365494755737e-06,1.8167817188441404e-06,2.7819311299026594e-07,9.78975208454358e-07,3.830350578937214e-07
449,20,2.2367905330611393e-05,1.7326362922176486e-06,2.6156769763474585e-06,1.8183721977038658e-06,2.777030658762669e-07,9.767378514879965e-07,3.6568110317602986e-07
450,20,2.2163671019370668e-05,1.6684621186868753e-06,2.548168822613661e-06,1.8388359421805944e-06,2.649854309311195e-07,9.81479388428852e-07,3.643555999133241e-07
451,30,0.004785520024597645,2.223296723968815e-05,0.00015891640214249492,3.497724173939787e-05,3.1578587368130684e-05,2.311789467057679e-05,0.00040224287658929825
452,30,0.013401776552200317,7.438795728376135e-05,0.002595660276710987,0.003354780375957489,0.00013452910934574902,5.894992864341475e-05,0.0005442157271318138
453,30,0.008379976265132427,6.776114605600014e-05,0.0015727620339021087,0.0009650412248447537,0.00014823659148532897,5.794817116111517e-05,0.0003712564066518098
454,30,0.01337918359786272,2.6742238333099522e-05,0.0018686173716560006,0.0024750889278948307,6.704701081616804e-05,2.2134316168376245e-05,0.0008116920944303274
455,30,0.011338440701365471,3.6954133975086734e-05,0.0021566045470535755,0.0008660631137900054,5.267278538667597e-05,6.436715193558484e-05,0.0007108419667929411
456,30,0.007750578224658966,4.09321510232985e-05,0.001186408568173647,0.0029351406265050173,8.05679228506051e-05,9.376750313094817e-06,0.00026886502746492624
457,30,0.005783356726169586,5.887301085749641e-05,0.0014528495958074927,0.0008370116702280939,7.582297257613391e-05,7.418837049044669e-05,0.0001934508909471333
458,30,0.009904138743877411,1.3495004168362357e-05,0.0007686415337957442,0.0017963566351681948,3.566002123989165e-05,9.728882105264347e-06,0.000687175604980439
459,30,0.005113016348332167,2.6373112632427365e-05,0.0009196263272315264,0.0002520938287489116,2.8644350095419213e-05,2.882069929910358e-05,0.0003340272814966738
460,30,0.013324040919542313,6.697995559079573e-05,0.0018120759632438421,0.005124676041305065,7.938360067782924e-05,1.254350627277745e-05,0.0005401037633419037
461,30,0.009577463380992413,6.227666744962335e-05,0.001962663372978568,0.0028546699322760105,7.364533666986972e-05,2.6588639229885302e-05,0.00036955135874450207
462,30,0.007786589674651623,1.353510651824763e-05,0.0006332147167995572,0.0012846627505496144,2.956645766971633e-05,1.953413629962597e-05,0.0005364171229302883
463,30,0.006528022699058056,1.0140302947547752e-05,0.0010750925866886973,0.0008375573670491576,2.7263080482953228e-05,9.809779839997645e-06,0.00042345034307800233
464,30,0.008246740326285362,4.6429555368376896e-05,0.0008945849258452654,0.0029000104404985905,8.434288611169904e-05,7.941644071252085e-06,0.00034828693605959415
465,30,0.00669042207300663,4.868193718721159e-05,0.0010465671075507998,0.00184742477722466,7.527929119532928e-05,1.4880873095535208e-05,0.00028461465262807906
466,30,0.007290143519639969,1.3173562365409452e-05,0.0008088561589829624,0.0011984823504462838,2.890923678933177e-05,5.72974568058271e-06,0.0004923241795040667
467,30,0.006206718273460865,1.3768402823188808e-05,0.0007251472561620176,0.0008687096415087581,3.08100861730054e-05,1.1388419807190076e-05,0.0004177107766736299
468,30,0.007108453661203384,4.078152051079087e-05,0.0013150256127119064,0.0026793964207172394,4.6055472921580076e-05,1.0087563168781344e-05,0.00025118194753304124
469,30,0.006290064658969641,3.693397229653783e-05,0.0011277379235252738,0.002177449408918619,4.034562880406156e-05,1.043941574607743e-05,0.00024400926486123353
470,30,0.0066438401117920876,1.1572506991797127e-05,0.0009439539280720055,0.0010225176811218262,2.1039417333668098e-05,8.984072337625548e-06,0.0004365560889709741
471,30,0.0067003206349909306,9.532365766062867e-06,0.0009716461063362658,0.0014471890171989799,3.241523518227041e-05,9.221944310411345e-06,0.0003855581453535706
472,30,0.005159914493560791,4.047904076287523e-05,0.0007514598546549678,0.001389718847349286,6.0713955463143066e-05,2.1657733668689616e-05,0.00021545392519328743
473,30,0.005796331912279129,4.057972182636149e-05,0.0008174664690159261,0.0019009505631402135,5.347641126718372e-05,1.1277795238129329e-05,0.00023897930805105716
474,30,0.0044074952602386475,2.1285601178533398e-05,0.0005290359840728343,0.0003940094029530883,1.2346928087936249e-05,1.6513744412804954e-05,0.0003174557932652533
475,30,0.0043700519017875195,1.3760798537987284e-05,0.00040043494664132595,0.0009989456739276648,2.471498737577349e-05,8.071605407167226e-06,0.0002629044756758958
476,30,0.005658334121108055,3.428144191275351e-05,0.0009275527554564178,0.0015324344858527184,5.1114468078594655e-05,2.416646202618722e-05,0.0002411256282357499
477,30,0.00476723350584507,2.763063821475953e-05,0.0006399353733286262,0.001539701479487121,3.821257996605709e-05,9.524591405352112e-06,0.00020825944375246763
478,30,0.006220248062163591,1.809632703952957e-05,0.000740797258913517,0.001133727841079235,2.7682077416102402e-05,1.873085057013668e-05,0.0003863497404381633
479,30,0.006440401077270508,1.0234832188871223e-05,0.0006888882489874959,0.0015981643227860332,3.4262367989867926e-05,8.882201655069366e-06,0.00037116679595783353
480,30,0.0032551027834415436,2.2529124180437066e-05,0.0005800590733997524,0.0006677773199044168,3.6495403037406504e-05,2.395881529082544e-05,0.00013801950262859464
481,30,0.0033127241767942905,2.6028073989436962e-05,0.0004549436562228948,0.0010274064261466265,3.117687811027281e-05,1.1683894626912661e-05,0.00013757383567281067
482,30,0.005613207817077637,2.1525305783143267e-05,0.0009826523019000888,0.0010563696268945932,2.8696573281195015e-05,1.885547499114182e-05,0.0003077140136156231
483,30,0.004443966783583164,1.3084802048979327e-05,0.0005329863051883876,0.0011108170729130507,2.5468458261457272e-05,7.511342118959874e-06,0.0002457280643284321
484,30,0.005368126556277275,3.0396238798857667e-05,0.0010450464906170964,0.0012604601215571165,4.396330041345209e-05,2.831401798175648e-05,0.00023094505013432354
485,30,0.005693008657544851,2.559869972174056e-05,0.0007715178071521223,0.0019105974351987243,3.7924055504845455e-05,1.2282563147891778e-05,0.00024832284543663263
486,30,0.002886946080252528,1.5491978047066368e-05,0.00047048614942468703,0.0005197695572860539,1.7490274331066757e-05,1.693119338597171e-05,0.00015369837637990713
487,30,0.003165865782648325,1.1121504030597862e-05,0.00025668181478977203,0.0008712103008292615,1.596719812368974e-05,7.555307547590928e-06,0.00017916271463036537
488,30,0.004742518998682499,2.1318734070518985e-05,0.0005108534242026508,0.0013205526629462838,4.330100637162104e-05,1.9026430891244672e-05,0.00022665200231131166
489,30,0.0038678119890391827,2.2223355699679814e-05,0.0004849241522606462,0.0014149604830890894,2.897785816458054e-05,9.20230922929477e-06,0.00015639023331459612
490,30,0.0045743645168840885,2.1337626094464213e-05,0.00039862224366515875,0.0010591467143967748,2.3507775040343404e-05,1.7073218259611167e-05,0.00026894480106420815
491,30,0.004816947504878044,1.0551686500548385e-05,0.0007085462566465139,0.0012677995255216956,2.7391004550736398e-05,9.416179636900779e-06,0.0002461977710481733
492,30,0.002397386822849512,1.659052759350743e-05,0.00034122163197025657,0.0004853082646150142,2.564321221143473e-05,2.3236736524268053e-05,0.00010654668585630134
493,30,0.002761805895715952,2.525067793612834e-05,0.0007073999149724841,0.0008105059387162328,2.085397682094481e-05,2.1811434635310434e-05,7.91995189501904e-05
494,30,0.0034461552277207375,1.3475627383741084e-05,0.0010549616999924183,0.0004375038552097976,1.9541290384950116e-05,1.8036662368103862e-05,0.00015644344966858625
495,30,0.002756446599960327,8.099039405351505e-06,0.0002217602450400591,0.0008539603441022336,1.716016049613245e-05,1.1324818842695095e-05,0.00013877771561965346
496,30,0.0051102545112371445,2.5176737835863605e-05,0.0010443058563396335,0.0013640276156365871,4.2800405935849994e-05,1.8339471353101544e-05,0.0002065345470327884
497,30,0.00547489570453763,2.0659332221839577e-05,0.0004810642567463219,0.0020486589055508375,4.248314871801995e-05,1.124589289247524e-05,0.00023872229212429374
498,30,0.0018930213991552591,1.242963844561018e-05,0.00036983477184548974,0.00034396088449284434,1.100479312299285e-05,1.0430199836264364e-05,9.52446207520552e-05
499,30,0.0031012326944619417,1.3039625628152862e-05,0.0003681358939502388,0.0010108083952218294,2.2221100152819417e-05,1.811335823731497e-05,0.0001305904152104631
500,30,0.003018672578036785,1.0321817171643488e-05,0.0005126182222738862,0.0009085515630431473,2.3421420337399468e-05,1.1967204045504332e-05,0.00012332947517279536
501,30,0.0024461920838803053,2.1431069399113767e-05,0.00048533157678321004,0.0008184048347175121,1.9996785340481438e-05,2.3951492039486766e-05,6.815418601036072e-05
502,30,0.0034111281856894493,7.91500679042656e-06,0.0002954264637082815,0.0011465373681858182,2.111335015797522e-05,3.8273037716862746e-06,0.00017118427786044776
503,30,0.002134641632437706,7.378341706498759e-06,0.0005796159966848791,0.0005364856915548444,1.8472223018761724e-05,2.2974942112341523e-05,5.9668989706551656e-05
504,30,0.005030518863350153,3.1440773454960436e-05,0.0014540781266987324,0.0013346632476896048,4.2773284803843126e-05,2.412242793070618e-05,0.00015413797518704087
505,30,0.004768612328916788,2.5297951651737094e-05,0.0006211101426742971,0.0018466779729351401,3.994111830252223e-05,2.91998094326118e-05,0.0001584117126185447
506,30,0.002514767926186323,7.481180546164978e-06,0.001021267962642014,0.00040541583439335227,2.0308050807216205e-05,1.1664834346447606e-05,7.608739542774856e-05
507,30,0.004973934963345528,1.3226045666669961e-05,0.0005889377207495272,0.0018898622365668416,3.422404915909283e-05,2.4082215531961992e-05,0.0001898846385302022
508,30,0.0005773589946329594,8.986507054942194e-06,0.00010051034769276157,7.72350249462761e-05,5.755689926445484e-06,5.8218884078087285e-06,2.748512997641228e-05
509,30,0.00415378762409091,1.4921808542567305e-05,0.0007854198920540512,0.0015668582636862993,3.184554589097388e-05,2.7201413104194216e-05,0.00011961180280195549
510,30,0.0008917970699258149,1.6277886970783584e-05,0.0004428667889442295,4.0800314309308305e-05,6.19400179857621e-06,1.5247986084432341e-05,1.7743219359545037e-05
511,30,0.0028319216798990965,1.1203903341083787e-05,0.0005278993048705161,0.0008427607826888561,2.7217029128223658e-05,4.2015402868855745e-05,7.577332871733233e-05
512,30,0.00036529317731037736,6.72345913699246e-06,5.107384640723467e-05,6.575811130460352e-05,3.906826350430492e-06,4.616959813574795e-06,1.564999001857359e-05
513,30,0.0026058400981128216,3.0093113309703767e-05,0.0007148166769184172,0.0006448312778957188,2.7440069970907643e-05,5.136918480275199e-05,4.280065331840888e-05
514,30,0.0007026434177532792,4.211100531392731e-06,0.00037109910044819117,3.674164690892212e-05,5.789007445855532e-06,4.170318334217882e-06,1.9099830751656555e-05
515,30,0.0021789707243442535,1.3933167792856693e-05,0.0003643948002718389,0.0007003469509072602,2.1120333258295432e-05,3.1276718800654635e-05,5.763252920587547e-05
516,30,0.0006539473542943597,7.348333838308463e-06,0.00014603014278691262,0.00015225673269014806,5.268886525300331e-06,7.831791663193144e-06,2.1730535081587732e-05
517,30,0.0013270382769405842,1.632654675631784e-05,0.00023489721934311092,0.00036789881414733827,1.4659704902442172e-05,2.848051917681005e-05,2.7651345590129495e-05
518,30,0.0007024211809039116,5.661301656800788e-06,0.00010061893408419564,0.00017355284944642335,8.075254299910739e-06,1.3497520740202162e-05,2.0686036805273034e-05
519,30,0.0007894756272435188,8.107345820462797e-06,0.0001120572560466826,0.00021344143897294998,7.922487384348642e-06,1.3426804798655212e-05,2.423767000436783e-05
520,30,0.0009331887704320252,1.5510824596276507e-05,0.00020913539628963917,0.00023219551076181233,1.0042886060546152e-05,1.8618276953930035e-05,1.8973538317368366e-05
521,30,0.0005900823744013906,4.374462150735781e-06,0.00011771645222324878,0.00015614842413924634,6.4253658820234705e-06,5.3965436563885305e-06,1.936239641509019e-05
522,30,0.0010244260774925351,8.472808985970914e-06,0.00015802735288161784,0.0003215133328922093,8.96197889233008e-06,1.4889936210238375e-05,2.9789338441332802e-05
523,30,0.0003982274211011827,7.37191976440954e-06,0.00010033120634034276,6.939705781405792e-05,3.9059245864336845e-06,6.821387160016457e-06,1.1385413927200716e-05
524,30,0.0008334029116667807,1.185291966976365e-05,0.00015204808732960373,0.00023186318867374212,8.56269798532594e-06,1.4899320376571268e-05,2.0301853510318324e-05
525,30,0.00026611206703819335,3.7853549201827263e-06,2.933543328254018e-05,3.2370608096243814e-05,3.1757581382407807e-06,5.228704139881302e-06,1.1657605682557914e-05
526,30,0.0006629152921959758,6.682726962026209e-06,8.265477663371712e-05,0.0002156121627194807,6.195828518684721e-06,8.58799830893986e-06,2.101273275911808e-05
527,30,0.0002982193836942315,1.028351289278362e-05,5.5321161198662594e-05,5.464584319270216e-05,3.415536639295169e-06,5.142933787283255e-06,9.238414349965751e-06
528,30,0.0005778028862550855,4.893117875326425e-06,6.211251456988975e-05,0.00018078550056088716,5.319765023159562e-06,5.38274889549939e-06,2.229866549896542e-05
529,30,0.00036278145853430033,5.7227366596634965e-06,5.896525544812903e-05,7.362271571764722e-05,3.672583034131094e-06,6.862306690891273e-06,1.1912185982509982e-05
530,30,0.0004487158730626106,6.946606390556553e-06,8.570492354920134e-05,0.0001147855946328491,4.022965640615439e-06,5.926890480623115e-06,1.417801649949979e-05
531,30,0.00034832488745450974,8.69982068252284e-06,5.6545941333752126e-05,7.234251097543165e-05,3.747830533029628e-06,5.079296443000203e-06,1.2246535334270447e-05
532,30,0.0003166907117702067,4.3488125811563805e-06,2.450342071824707e-05,7.321978773688897e-05,3.6347933018987533e-06,5.026025064580608e-06,1.2801048796973191e-05
533,30,0.0003421403234824538,5.0497515076131094e-06,3.3111577067757025e-05,9.406192839378491e-05,3.1817389753996395e-06,3.6543553960655117e-06,1.4155612007016316e-05
534,30,0.0002563429588917643,8.586637704866007e-06,2.257802407257259e-05,6.468343053711578e-05,2.740935542533407e-06,3.3808705666160677e-06,9.927679457177874e-06
535,30,0.0003630242426879704,4.982875452697044e-06,2.8401414965628646e-05,0.00010084419773193076,3.7183144740993157e-06,3.356927436470869e-06,1.580433308845386e-05
536,30,0.0002393081085756421,5.507081823452609e-06,3.27838133671321e-05,2.8019247110933065e-05,2.688289441721281e-06,5.38687845619279e-06,9.22463004826568e-06
537,30,0.00034588080598041415,6.1085838751751e-06,5.2983577916165814e-05,8.756780152907595e-05,3.3745052405720344e-06,3.9236520024132915e-06,1.2623925613297615e-05
538,30,0.00021231573191471398,7.94211882748641e-06,2.8268344976822846e-05,3.954386556870304e-05,2.2139338398119435e-06,2.8592678518180037e-06,8.582938789913896e-06
539,30,0.00029571179766207933,4.591777269524755e-06,1.744214205245953e-05,6.71262969262898e-05,3.39563825946243e-06,3.935490440198919e-06,1.3324031897354871e-05
540,30,0.0001983536349143833,4.929167971567949e-06,1.2261878509889357e-05,3.666146221803501e-05,2.2753597477276344e-06,2.9565208023996092e-06,9.218231753038708e-06
541,30,0.0002548409393057227,7.66642733651679e-06,1.5711608284618706e-05,7.040318450890481e-05,2.693043370527448e-06,3.3808162243076367e-06,1.0032113095803652e-05
542,30,0.0002125732135027647,5.7745974118006416e-06,1.3055750059720594e-05,3.9796264900360256e-05,2.040540266534663e-06,2.5630565687606577e-06,1.0791064596560318e-05
543,30,0.00023463575053028762,5.584911377809476e-06,2.2165706468513235e-05,3.410417048144154e-05,3.0205687835405115e-06,5.208126822253689e-06,9.049400432559196e-06
544,30,0.00022608591825701296,5.23778317074175e-06,3.299886520835571e-05,4.695310417446308e-05,2.196529294451466e-06,2.47118373408739e-06,9.421903087059036e-06
545,30,0.00021292772726155818,7.936989277368411e-06,2.3775772206136025e-05,4.2698531615315005e-05,2.167938873753883e-06,2.9680243187613087e-06,8.715679541637655e-06
546,30,0.00022286247985903174,4.888725015916862e-06,1.7420214135199785e-05,4.518599598668516e-05,2.3762320324749453e-06,2.700366849239799e-06,1.0460154953761958e-05
547,30,0.00018853478832170367,5.499499820871279e-06,1.3170670172257815e-05,2.516203858249355e-05,2.351214789086953e-06,3.6540689052344533e-06,8.464974598609842e-06
548,30,0.00021027287584729493,6.449821739806794e-06,1.6545882317586802e-05,5.00033020216506e-05,2.048555870715063e-06,2.8854942684120033e-06,8.793335837253835e-06
549,30,0.00017388614651281387,6.520854185509961e-06,1.0108474270964507e-05,3.0972987588029355e-05,1.6918767187235062e-06,2.484589231244172e-06,8.451916983176488e-06
550,30,0.00020258146105334163,5.470677479024744e-06,1.2194912414997816e-05,3.16528748953715e-05,2.4809205569908954e-06,3.7308809623937123e-06,9.114499334827997e-06
551,30,0.00017029681475833058,4.843143869948108e-06,1.166609308711486e-05,2.8912087145727128e-05,1.8333042817175738e-06,2.4209782623074716e-06,8.23326627141796e-06
552,30,0.00016279144620057195,5.237666300672572e-06,1.087981308955932e-05,2.9281689421623014e-05,1.8575987041913322e-06,2.3610875814483734e-06,7.520542112615658e-06
553,30,0.0001543809921713546,6.325129561446374e-06,1.0444435247336514e-05,2.388080429227557e-05,1.6951323686953401e-06,2.3300333396036876e-06,7.34789637135691e-06
554,30,0.00014635920524597168,6.957288860576227e-06,1.0619294698699377e-05,1.7688716980046593e-05,1.6822657471493585e-06,2.253707862109877e-06,7.173415724537335e-06
555,30,0.00014002701209392399,6.5746280597522855e-06,1.0105486580869183e-05,1.5073288523126394e-05,1.5878129033808364e-06,2.2143622118164785e-06,7.0251862780423835e-06
556,30,0.0001358753361273557,6.271520760492422e-06,9.588538887328468e-06,1.3274614502734039e-05,1.5216519386740401e-06,2.245604491690756e-06,6.906810085638426e-06
557,30,0.00013310865324456245,6.862901955173584e-06,9.157847671303898e-06,1.2717091522063129e-05,1.4271001873567002e-06,2.203784561061184e-06,6.806197234254796e-06
558,30,0.00013055458839517087,7.452839781763032e-06,8.652924407215323e-06,1.2945534763275646e-05,1.4032648323336616e-06,2.168557102777413e-06,6.578507054655347e-06
559,30,0.0001289586944039911,7.3372648330405354e-06,8.279895155283157e-06,1.2437632904038765e-05,1.4269425037127803e-06,2.1212929368630284e-06,6.542154096678132e-06
560,30,0.0001272450026590377,7.222939075290924e-06,7.996963176992722e-06,1.2362443158053793e-05,1.381851234327769e-06,2.1581297460215865e-06,6.42628401692491e-06
561,30,0.00012493415852077305,7.558764991699718e-06,7.50093659007689e-06,1.1980878298345488e-05,1.417472276443732e-06,2.1094886051287176e-06,6.262398073886288e-06
562,30,0.00012344567221589386,7.647044185432605e-06,7.014725269982591e-06,1.188833084597718e-05,1.368328867101809e-06,2.136737748514861e-06,6.18449121247977e-06
563,30,0.00012095674173906446,8.03529837867245e-06,6.515526820294326e-06,1.1087785424024332e-05,1.424632387170277e-06,2.0933935047651175e-06,6.013786787661957e-06
564,30,0.00011918736709048972,7.861800440878142e-06,6.8039676079934e-06,1.1010718480974901e-05,1.4399414567378699e-06,2.1023995486757485e-06,5.8087471188628115e-06
565,30,0.00011756028834497556,7.735705366940238e-06,5.92018841416575e-06,1.2050922123307828e-05,1.419189516127517e-06,2.0797626802959712e-06,5.686395070370054e-06
566,30,0.00011529096809681505,7.48500815461739e-06,6.073611530155176e-06,1.2171421985840425e-05,1.3264982499094913e-06,2.1104042389197275e-06,5.519189926417312e-06
567,30,0.0001131535682361573,7.664033546461724e-06,5.999721906846389e-06,1.2511148270277772e-05,1.2141759953010478e-06,2.0948359633621294e-06,5.388854333432391e-06
568,30,0.0001114974293159321,8.11090740171494e-06,6.198485152708599e-06,1.1811589502030984e-05,1.2466202861105558e-06,2.0591232896549627e-06,5.231901468505384e-06
569,30,0.00010908360127359629,7.840491889510304e-06,5.859208613401279e-06,1.1591144357225858e-05,1.2175562460470246e-06,2.073959649351309e-06,5.0877592912002e-06
570,30,0.00010752636444522068,7.578470558655681e-06,5.5001974033075385e-06,1.23502886708593e-05,1.2238901945238467e-06,2.088048404402798e-06,4.897802227787906e-06
571,30,0.00010568760626483709,7.48530601413222e-06,4.990021807316225e-06,1.1660473319352604e-05,1.2246478036104236e-06,2.11429914998007e-06,4.81623374071205e-06
572,30,0.00010407804074930027,7.564738098153612e-06,5.0493745220592245e-06,1.1417017958592623e-05,1.197666279040277e-06,2.061643726847251e-06,4.745380920212483e-06
573,30,0.00010236265370622277,7.999892659427132e-06,4.470408839551965e-06,1.1109336810477544e-05,1.1693867918438627e-06,2.0597351522155805e-06,4.6491795728798024e-06
574,30,9.986344957724214e-05,6.985686923144385e-06,4.216166416881606e-06,1.0741825462901033e-05,1.1670178992062574e-06,2.117820258717984e-06,4.5071387830830645e-06
575,30,9.837448305916041e-05,6.999518063821597e-06,3.90726108889794e-06,1.108891319745453e-05,1.1883819297509035e-06,2.1059515802335227e-06,4.343544787843712e-06
576,30,9.696684719529003e-05,6.582549303857377e-06,3.5651826237881323e-06,1.0512681910768151e-05,1.2114692253817338e-06,2.111100002366584e-06,4.308074039727217e-06
577,30,9.54800343606621e-05,6.507279522338649e-06,3.4935478652187157e-06,1.0028017641161568e-05,1.2067761190337478e-06,2.078131274174666e-06,4.260211881046416e-06
578,30,9.36459400691092e-05,6.303532700258074e-06,3.4763318126351805e-06,1.0184411621594336e-05,1.201451595989056e-06,2.123248123098165e-06,4.043466105940752e-06
579,30,9.200179920298979e-05,6.349204340949655e-06,4.058156264363788e-06,9.803687134990469e-06,1.2083567071385914e-06,2.084044581351918e-06,3.886673766828608e-06
580,30,9.005397441796958e-05,6.359549843182322e-06,4.564303253573598e-06,1.006538423098391e-05,1.1554930097190663e-06,2.0696784304163884e-06,3.681302359836991e-06
581,30,8.854352927301079e-05,5.995990704832366e-06,4.882126631855499e-06,9.986442819354124e-06,1.134314061346231e-06,2.095312311212183e-06,3.5382702208153205e-06
582,30,8.715494186617434e-05,5.5567725212313235e-06,5.173877525521675e-06,9.241355655831285e-06,1.158557211056177e-06,2.1146804556337884e-06,3.4450558814569376e-06
583,30,8.613667159806937e-05,5.730310476792511e-06,5.2576915550162084e-06,9.088930710277054e-06,1.160074361905572e-06,2.0870427306363126e-06,3.3588571568543557e-06
584,30,8.474630885757506e-05,5.728342785005225e-06,5.471570602821885e-06,9.297799806518015e-06,1.1406759767851327e-06,2.0806221527891466e-06,3.2035611639003037e-06
585,30,8.361601794604212e-05,5.618490831693634e-06,6.140970526757883e-06,9.659936949901748e-06,1.0943696224785526e-06,2.077193585137138e-06,3.0480989607895026e-06
586,30,8.243281627073884e-05,5.788055204902776e-06,6.25303664492094e-06,9.652490007283632e-06,1.0526840696911677e-06,2.0843222046096344e-06,2.9369175535975955e-06
587,30,8.08175973361358e-05,5.98709266341757e-06,6.610225682379678e-06,9.045932529261336e-06,1.0370404197601601e-06,2.0875152131338837e-06,2.792878831314738e-06
588,30,7.99274057499133e-05,6.16004717812757e-06,6.839444267825456e-06,8.996589713206049e-06,1.066480308509199e-06,2.067756440737867e-06,2.6588952550810063e-06
589,30,7.887920219218358e-05,5.866478659299901e-06,6.615126494580181e-06,8.76523154147435e-06,1.0427763754705666e-06,2.114822791554616e-06,2.605637519081938e-06
590,30,7.783799082972109e-05,5.7106449276034255e-06,6.700524409097852e-06,8.209613042708952e-06,1.0657404345693067e-06,2.0949908048351062e-06,2.5609901967982296e-06
591,30,7.630522304680198e-05,6.008719537931029e-06,7.258409823407419e-06,8.176276423910167e-06,1.03476008916914e-06,2.0619963834178634e-06,2.389425389992539e-06
592,30,7.467641262337565e-05,5.868725565960631e-06,6.943148946447764e-06,7.858286153350491e-06,1.0230088491880451e-06,2.087335815303959e-06,2.290280917804921e-06
593,30,7.332373934332281e-05,5.658248483086936e-06,6.70843883199268e-06,7.928590093797538e-06,1.0357254041082342e-06,2.103176939272089e-06,2.1639443730236962e-06
594,30,7.126259879441932e-05,5.4327756515704095e-06,7.016550171101699e-06,8.24741437099874e-06,1.0397975529485848e-06,2.091375563395559e-06,1.925412561831763e-06
595,30,6.893136742291972e-05,5.189419425732922e-06,6.78364312989288e-06,8.396754310524557e-06,1.001670170808211e-06,2.120472345268354e-06,1.7340122440145933e-06
596,30,6.759148527635261e-05,5.312662324286066e-06,6.611405751755228e-06,8.728769898880273e-06,9.759226031746948e-07,2.1438413568830583e-06,1.574100792822719e-06
597,30,6.620466592721641e-05,5.0576495596033055e-06,6.751425644324627e-06,8.451166650047526e-06,9.457094165554736e-07,2.150178715965012e-06,1.4985544112278149e-06
598,30,6.51306108920835e-05,4.996485586161725e-06,6.392455361492466e-06,8.123679435811937e-06,9.489363037573639e-07,2.132385588993202e-06,1.4804775219090516e-06
599,30,6.382660649251193e-05,4.68841199108283e-06,6.254507297853706e-06,7.934840141388122e-06,9.510704330750741e-07,2.1891601136303507e-06,1.3546541595133021e-06
600,30,6.280689558479935e-05,5.023143330618041e-06,6.1879427448729984e-06,7.668881153222173e-06,9.554745474815718e-07,2.1451653537951643e-06,1.2920532981297583e-06
601,40,0.00671791285276413,4.909193012281321e-05,0.0003634552704170346,0.00032987032318487763,0.00018326917779631913,3.42415260092821e-05,0.0003800388367380947
602,40,0.00825974065810442,4.3729025492211804e-05,0.0011003741528838873,0.0013412937987595797,0.00020852297893725336,6.482876051450148e-05,0.00030408267048187554
603,40,0.006110447458922863,4.6951681724749506e-05,0.0009464541799388826,0.0003161609056405723,0.00018700391228776425,5.129697819938883e-05,0.00024178717285394669
604,40,0.009892063215374947,6.619667692575604e-05,0.0008665625937283039,0.001258884440176189,0.00010845779615920037,4.937455742037855e-05,0.0006122095510363579
605,40,0.008292948827147484,7.446602830896154e-05,0.0012203381629660726,0.00045271945418789983,0.00010958113125525415,0.0001010954802040942,0.00044386586523614824
606,40,0.006775038782507181,2.8684713470283896e-05,0.0008621757733635604,0.002842991380020976,8.237049041781574e-05,1.0607047443045303e-05,0.00021114113042131066
607,40,0.005716358311474323,5.303658690536395e-05,0.0008888288866728544,0.0002644344640430063,0.00010279934213031083,0.00014109765470493585,0.00020710880926344544
608,40,0.006402465980499983,2.0049057638971135e-05,0.0006910916417837143,0.0009889343054965138,4.1336239519296214e-05,1.7678365111351013e-05,0.00041122452239505947
609,40,0.004975753836333752,4.4225544115761295e-05,0.0008471467299386859,0.0015200397465378046,4.863085632678121e-05,5.089284968562424e-05,0.00015691047883592546
610,40,0.003759818384423852,4.553701000986621e-05,0.0006398607511073351,0.0011613648384809494,5.0590839236974716e-05,9.710902304504998e-06,0.000131003835122101
611,40,0.007287937216460705,3.664823088911362e-05,0.0007684521842747927,0.0018806224688887596,6.503592885565013e-05,5.207166395848617e-05,0.00034311384661123157
612,40,0.0026907743886113167,3.000242759298999e-05,0.00035722172469832003,0.0005209326045587659,3.934837150154635e-05,2.1011297576478682e-05,0.00011790208372985944
613,40,0.009812369011342525,4.0326096495846286e-05,0.0011611527297645807,0.004719682037830353,8.779071504250169e-05,4.855408406001516e-05,0.00025277602253481746
614,40,0.005489054135978222,3.3238244213862345e-05,0.0007465566741302609,0.0025225733406841755,6.218057387741283e-05,6.642060179729015e-05,9.006739128381014e-05
615,40,0.012327564880251884,1.2368722309474833e-05,0.0016564619727432728,0.0032515903003513813,6.418261909857392e-05,4.493735104915686e-05,0.0006315944483503699
616,40,0.013917305506765842,5.3509844292420894e-05,0.0021108556538820267,0.004431741777807474,0.00013258557009976357,0.00021787485457025468,0.000381659425329417
617,40,0.006539949681609869,5.6005279475357383e-05,0.0014152983203530312,0.0010287596378475428,9.414917440153658e-05,9.356233931612223e-05,0.00021627712703775615
618,40,0.008367212489247322,5.1726245146710426e-05,0.0011995104141533375,0.0037720082327723503,8.236657595261931e-05,5.157775740372017e-05,0.00020045239944010973
619,40,0.008384425193071365,7.317030394915491e-05,0.0017332598799839616,0.0010677570244297385,0.0001002121134661138,0.00016445347864646465,0.000286358263110742
620,40,0.006064463406801224,1.6970838260021992e-05,0.0008903691777959466,0.0009979110909625888,4.6251803723862395e-05,1.5174647160165478e-05,0.00035449478309601545
621,40,0.006222018040716648,5.283202335704118e-05,0.0011858238140121102,0.0009509954834356904,9.665307152317837e-05,0.00015164197247941047,0.00015494160470552742
622,40,0.006362489890307188,5.005423372494988e-05,0.0011217143619433045,0.0011580908903852105,7.970583101268858e-05,0.00010642762936186045,0.00021712957823183388
623,40,0.0023870551958680153,4.3767908209702e-05,0.00033709214767441154,0.00044330835225991905,3.1252064218278974e-05,3.2764579373179004e-05,9.227202826878056e-05
624,40,0.0028326320461928844,3.6211724363965914e-05,0.0008668419322930276,0.00020457171194721013,2.90272910206113e-05,4.144624836044386e-05,0.00010202713747275993
625,40,0.00304487650282681,1.801316102501005e-05,0.0005020149401389062,0.0006590855191461742,6.041986489435658e-05,3.2975767680909485e-05,9.318066440755501e-05
626,40,0.0016404889756813645,1.4172862393024843e-05,0.00038004148518666625,0.00024554526316933334,2.0979525288566947e-05,3.010494401678443e-05,4.898846600553952e-05
627,40,0.002530086785554886,5.5887190683279186e-05,0.0005304347723722458,0.00018486063345335424,4.906987305730581e-05,2.9152179195079952e-05,9.766836592461914e-05
628,40,0.0025763451121747494,1.772136783984024e-05,0.0004691071226261556,0.001290821237489581,2.432526343909558e-05,1.0678467333491426e-05,4.486580291995779e-05
629,40,0.002507355296984315,1.5386593076982535e-05,0.00060938426759094,0.0004278904525563121,3.9116341213230044e-05,4.6549794205930084e-05,5.980325295240618e-05
630,40,0.0013918555341660976,7.745988114038482e-06,0.0006453986279666424,0.0001871910790214315,1.4063303751754574e-05,7.53507083572913e-06,3.355360240675509e-05
631,40,0.003266014624387026,5.108311597723514e-05,0.0010579683585092425,0.0008985934546217322,4.5758948544971645e-05,1.8699904103414156e-05,6.137809396022931e-05
632,40,0.0009639908676035702,2.97341393888928e-05,0.00014059153909329325,0.0002116855321219191,2.016888902289793e-05,1.1311850357742514e-05,2.671722359082196e-05
633,40,0.0020729945972561836,1.1531393283803482e-05,0.00043912563705816865,0.0003437811101321131,2.6862060622079298e-05,3.828890112345107e-05,6.270465382840484e-05
634,40,0.0019948012195527554,1.934549982252065e-05,0.0004880988271906972,0.0005302735371515155,1.9897339370800182e-05,2.5998353521572426e-05,4.981263555237092e-05
635,40,0.0027595683932304382,2.6763353162095882e-05,0.0011520948028191924,0.00023861047520767897,3.646507684607059e-05,3.93677364627365e-05,5.8377172535983846e-05
636,40,0.0010559405200183392,3.2013325835578144e-05,0.00021944058244116604,0.00012788896856363863,2.387055428698659e-05,1.0373641998739913e-05,3.34155629388988e-05
637,40,0.0024821716360747814,1.9624829292297363e-05,0.000491912302095443,0.00038532185135409236,3.6961850128136575e-05,3.8982441765256226e-05,8.258697198471054e-05
638,40,0.0012468798086047173,8.24623475637054e-06,0.0004474228189792484,0.00018612421990837902,1.2548920494737104e-05,6.928665698069381e-06,4.103107130504213e-05
639,40,0.002089287620037794,3.7256239011185244e-05,0.0010192705085501075,0.00020233815303072333,3.031305459444411e-05,2.149352258129511e-05,3.1235675123753026e-05
640,40,0.001656761160120368,1.7792819562600926e-05,0.0005214937264099717,0.0005051395273767412,1.7968330212170258e-05,9.650540960137732e-06,3.361462950124405e-05
641,40,0.002200084738433361,1.891579813673161e-05,0.00038850371493026614,0.0006998048629611731,1.9930870621465147e-05,2.1654726879205555e-05,6.770042091375217e-05
642,40,0.0010551322484388947,7.479756732209353e-06,0.00024874575319699943,0.00026838682242669165,1.36459484565421e-05,6.550598300236743e-06,3.285544516984373e-05
643,40,0.0010061732027679682,2.2548905690200627e-05,0.0003922218456864357,0.00019072130089625716,1.3584844055003487e-05,1.3608858353109099e-05,1.287441591557581e-05
644,40,0.001050792634487152,1.4667940376966726e-05,0.00019378103024791926,0.00027342187240719795,1.3002344530832488e-05,8.65095807967009e-06,3.5238870623288676e-05
645,40,0.001012358465231955,1.415718361386098e-05,0.00027511597727425396,0.00015788787277415395,9.237373888026923e-06,1.821594560169615e-05,2.9066424758639187e-05
646,40,0.0007775637786835432,1.5355704817920923e-05,0.00013577446225099266,0.00010772897076094523,8.513328793924302e-06,1.3241206943348516e-05,3.0115928893792443e-05
647,40,0.0005604532198049128,1.5955569324432872e-05,0.00016721640713512897,9.428083285456523e-05,6.470154403359629e-06,8.343426998180803e-06,1.3486460375133902e-05
648,40,0.0009258606005460024,2.221753675257787e-05,0.00023451141896657646,0.00012257255730219185,1.4416162230190821e-05,1.9013792552868836e-05,2.1225954697001725e-05
649,40,0.0007951972656883299,1.2655398677452467e-05,0.0001904673845274374,9.636618051445112e-05,8.714762770978268e-06,4.331141553848283e-06,3.6524925235426053e-05
650,40,0.0008427208522334695,2.0046574718435295e-05,0.0002549962664488703,0.0001980472879949957,1.1380416253814474e-05,1.5436526155099273e-05,1.014612917060731e-05
651,40,0.0005057778907939792,9.376991329190787e-06,0.0001901527284644544,8.531829371349886e-05,5.209746632317547e-06,3.864306108880555e-06,1.3018932804698125e-05
652,40,0.0008037229999899864,1.8442235159454867e-05,0.00014888690202496946,0.00017603316518943757,7.66712491895305e-06,1.3966532605991233e-05,2.440240677969996e-05
653,40,0.0006143618375062943,1.3330458386917599e-05,0.00010252786887576804,0.00021021711290813982,1.0103957720275503e-05,3.131101493636379e-06,1.5593579519190826e-05
654,40,0.0004639663966372609,1.7425594705855474e-05,9.837387187872082e-05,4.800971510121599e-05,8.237300789915025e-06,7.989854566403665e-06,1.3788567230221815e-05
655,40,0.0004353142576292157,1.040539427776821e-05,6.35643518762663e-05,6.288865552050993e-05,5.580208380706608e-06,4.1144885472022e-06,2.0150886484771036e-05
656,40,0.0004030188429169357,1.4410100448003504e-05,4.322851964388974e-05,8.979230187833309e-05,6.270559424592648e-06,5.972935014142422e-06,1.3315298019733746e-05
657,40,0.0005037436494603753,1.8768567315419205e-05,6.263676914386451e-05,3.970108082285151e-05,1.0810552339535207e-05,5.675517058989499e-06,2.1777656002086587e-05
658,40,0.0003364085569046438,1.14839513116749e-05,4.7981622628867626e-05,7.610602187924087e-05,3.1527258670394076e-06,3.102820301137399e-06,1.3828147530148271e-05
659,40,0.0004149151500314474,1.247572527063312e-05,7.753878890071064e-05,8.80239240359515e-05,5.231494469626341e-06,5.890626198379323e-06,1.256554969586432e-05
660,40,0.0003859582939185202,1.2146794688305818e-05,0.00010168476001126692,4.8001649702200666e-05,4.7294538489950355e-06,3.1390793537866557e-06,1.4543977158609778e-05
661,40,0.00047564433771185577,1.8205217202194035e-05,0.00012723520922008902,9.825287997955456e-05,7.6190344771021046e-06,4.125486611883389e-06,1.1450585589045659e-05
662,40,0.0003173319564666599,1.1936401278944686e-05,8.766952669247985e-05,3.669657962745987e-05,3.5098473745165393e-06,3.008947714988608e-06,1.1584150342969224e-05
663,40,0.0003570647968444973,1.3874965588911436e-05,5.554147355724126e-05,9.109918028116226e-05,3.976275365857873e-06,4.63283458884689e-06,1.1045804967579897e-05
664,40,0.00033669976983219385,1.2400517334754113e-05,4.151726170675829e-05,8.213946421165019e-05,4.474406068766257e-06,3.914818080374971e-06,1.1675028872559778e-05
665,40,0.00031385861802846193,1.6344438336091116e-05,4.40787298430223e-05,3.049563747481443e-05,5.348862032406032e-06,3.795864358835388e-06,1.314925521000987e-05
666,40,0.0002898711245507002,1.2994090866413899e-05,4.2726900574052706e-05,6.450118962675333e-05,4.7040639401529916e-06,3.686026502691675e-06,8.574802450311836e-06
667,40,0.00023316621081903577,1.231205078511266e-05,2.4181430489988998e-05,4.301142689655535e-05,3.0493361009575892e-06,2.8544091037474573e-06,9.462384696234949e-06
668,40,0.00028881861362606287,1.3939513337390963e-05,3.4238350053783506e-05,2.9852555599063635e-05,4.113132490601856e-06,4.653037649404723e-06,1.2312650142121129e-05
669,40,0.000261490058619529,1.36819598992588e-05,2.5490679036010988e-05,5.835856791236438e-05,4.552941845759051e-06,3.420014536459348e-06,8.422929568041582e-06
670,40,0.0002595486876089126,1.5202064787445124e-05,3.2670872315065935e-05,4.7313555114669725e-05,3.301289552837261e-06,4.155985607212642e-06,8.978944606496952e-06
671,40,0.00023754037101753056,1.2901164154754952e-05,2.783980562526267e-05,3.05243993352633e-05,2.9100128813297488e-06,3.113389993814053e-06,1.060409613273805e-05
672,40,0.0002703513018786907,1.4357591680891346e-05,4.2955354729201645e-05,5.365298056858592e-05,4.3032041503465734e-06,4.459081537788734e-06,7.176252438512165e-06
673,40,0.0002609516668599099,1.2111248906876426e-05,4.6865556214470416e-05,3.612619184423238e-05,3.413594868106884e-06,2.9963680390210357e-06,1.0174905582971405e-05
674,40,0.00024860576377250254,1.583178345754277e-05,4.382343468023464e-05,3.4895736462203786e-05,3.3410453852411592e-06,3.938762802135898e-06,8.125673957692925e-06
675,40,0.00024659253540448844,1.3771707017440349e-05,3.813232615357265e-05,4.62456519016996e-05,3.654057991298032e-06,3.73383204532729e-06,7.4563945418049116e-06
676,40,0.00023550118203274906,1.430205247743288e-05,3.464773908490315e-05,3.296062277513556e-05,3.2576338071521604e-06,3.7801562484673923e-06,8.321285349666141e-06
677,40,0.00025541026843711734,1.1780607565015089e-05,4.274121602065861e-05,3.145710070384666e-05,3.7755421544716228e-06,3.3631611131568206e-06,9.804429282667115e-06
678,40,0.00022499612532556057,1.6014204447856173e-05,3.0597791919717565e-05,3.442636807449162e-05,3.7420361422846327e-06,3.1940301141730743e-06,7.459708285750821e-06
679,40,0.0002244799688924104,1.3905232663091738e-05,2.8421371098374948e-05,3.688052311190404e-05,3.4468116609787103e-06,3.411430043342989e-06,7.669043043279089e-06
680,40,0.0002205213240813464,1.3824174857290927e-05,2.9125929358997382e-05,3.230733273085207e-05,2.852919806173304e-06,3.6678904962172965e-06,8.005577001313213e-06
681,40,0.00022242925479076803,1.2523600162239745e-05,3.2228555937763304e-05,3.48509092873428e-05,3.1406705147674074e-06,2.9487744086509338e-06,8.19317574496381e-06
682,40,0.00021519482834264636,1.577782677486539e-05,2.6532086849329062e-05,3.7937552406219766e-05,3.723475856531877e-06,3.222590748919174e-06,6.5486697167216334e-06
683,40,0.000205287680728361,1.3527464034268633e-05,2.0660994778154418e-05,2.763352676993236e-05,2.8834617751272162e-06,2.8586769076355267e-06,8.604431059211493e-06
684,40,0.00020806476823054254,1.3720283277507406e-05,2.1274379832902923e-05,3.7858422729186714e-05,2.8725035008392297e-06,3.36546145263128e-06,7.283203558472451e-06
685,40,0.0002041513507720083,1.2818835784855764e-05,2.1524105250136927e-05,3.674158142530359e-05,3.2182501854549628e-06,2.9689265375054674e-06,7.119505426089745e-06
686,40,0.00020978657994419336,1.579045783728361e-05,2.3044662157190032e-05,2.6322946723666973e-05,3.342934633110417e-06,3.3086080293287523e-06,7.811308933014516e-06
687,40,0.0001975861086975783,1.3453842257149518e-05,2.275248698424548e-05,3.377265966264531e-05,2.926165507233236e-06,2.7262858566245995e-06,7.108260888344375e-06
688,40,0.00020224982290528715,1.4230452507035807e-05,2.2393063773051836e-05,3.682713577290997e-05,3.0092869565123692e-06,3.3308467664028285e-06,6.539782134495908e-06
689,40,0.0002041134866885841,1.312931090069469e-05,2.4231614588643424e-05,2.4102047973428853e-05,2.9682539661735063e-06,2.8942120025021723e-06,8.402584171562921e-06
690,40,0.00020697055151686072,1.576306931383442e-05,2.8954174922546372e-05,3.293010013294406e-05,3.290917447884567e-06,3.302014874861925e-06,6.339389983622823e-06
691,40,0.00021112480317242444,1.3080997632641811e-05,3.595870657591149e-05,3.1681709515396506e-05,2.956213847937761e-06,2.7300341116642812e-06,7.3540909397706855e-06
692,40,0.00021472226944752038,1.5145801626204047e-05,3.831944923149422e-05,2.9611413992824964e-05,2.88452292807051e-06,3.516184733598493e-06,6.763852525182301e-06
693,40,0.00022885498765390366,1.2836428140872158e-05,4.537067798082717e-05,3.130965706077404e-05,3.3368585263815476e-06,2.9441430342558306e-06,7.652820386283565e-06
694,40,0.0002470272593200207,1.668375261942856e-05,5.974827945465222e-05,3.7178208003751934e-05,3.478886810626136e-06,3.5792941162071656e-06,6.283520178840263e-06
695,40,0.00027630251133814454,1.2147249435656704e-05,8.774869638727978e-05,3.0364530175575055e-05,3.3629246445343597e-06,2.74612079920189e-06,8.495157089782879e-06
696,40,0.00031700186082161963,1.743125540087931e-05,0.00012261922529432923,3.2617746910545975e-05,3.7840873119421303e-06,4.379679921839852e-06,6.269597179198172e-06
697,40,0.00038424076046794653,1.2012796105409507e-05,0.00017655409465078264,3.0409468308789656e-05,4.203842763672583e-06,3.3385272217856254e-06,8.984070518636145e-06
698,40,0.0004904461675323546,2.009798845392652e-05,0.0002594956895336509,4.1403873183298856e-05,4.780300969287055e-06,5.7339634622621816e-06,6.430594112316612e-06
699,40,0.0006392357754521072,1.1491179975564592e-05,0.0003861312579829246,2.8736822059727274e-05,5.582493486144813e-06,4.136412826483138e-06,1.1568741683731787e-05
700,40,0.0008608382195234299,2.3624010282219388e-05,0.0005650047096423805,4.73625841550529e-05,7.27239967091009e-06,8.034989150473848e-06,7.177301995398011e-06
701,40,0.00017609857604838908,1.4445659871853422e-05,1.1042423466278706e-05,3.0466100724879652e-05,2.741136086115148e-06,2.8879721867269836e-06,6.385330834746128e-06
702,40,0.00017127877799794078,1.4801474208070431e-05,1.0760942132037599e-05,2.759105700533837e-05,2.9384596018644515e-06,2.839376747942879e-06,6.03469288762426e-06
703,40,0.00016649355529807508,1.5044993233459536e-05,1.0899986591539346e-05,2.5589781216694973e-05,2.8345220925984904e-06,2.8509120966191404e-06,5.810444690723671e-06
704,40,0.00016276589303743094,1.420504031557357e-05,1.027159123623278e-05,2.605178269732278e-05,2.8344366000965238e-06,2.8225970254425192e-06,5.566714662563754e-06
705,40,0.00015932910901028663,1.406962110195309e-05,9.940665222529788e-06,2.7058124032919295e-05,2.9490722681657644e-06,2.7655937628878746e-06,5.111403424962191e-06
706,40,0.00015475938562303782,1.4731270312040579e-05,9.455789950152393e-06,2.7768630388891324e-05,2.823689555953024e-06,2.7856126507685985e-06,4.671066562877968e-06
707,40,0.00014954835933167487,1.5207586329779588e-05,1.079801131709246e-05,2.680551006051246e-05,2.7051869437855203e-06,2.7495198082760908e-06,4.219018592266366e-06
708,40,0.00014205314801074564,1.4671269127575215e-05,1.0530539839237463e-05,2.7975413104286417e-05,2.529035782572464e-06,2.7480239168653497e-06,3.6105325307289604e-06
709,40,0.00013700927956961095,1.4497216398012824e-05,1.0497991752345115e-05,2.609613147797063e-05,2.585429683676921e-06,2.6727634576673154e-06,3.3336009437334724e-06
710,40,0.00013175989442970604,1.4837811249890365e-05,9.014030183607247e-06,2.5609582735341974e-05,2.48154356086161e-06,2.719551048357971e-06,3.028752871614415e-06
711,40,0.0001260035060113296,1.3710068742511794e-05,8.30249882710632e-06,2.4667959223734215e-05,2.4254632080555893e-06,2.711524302867474e-06,2.795310365399928e-06
712,40,0.0001236587850144133,1.3128086720826104e-05,7.133538929338101e-06,2.5728075343067758e-05,2.5005351744766813e-06,2.6716243155533448e-06,2.5947495032596635e-06
713,40,0.00012238111230544746,1.309796698478749e-05,7.118952908058418e-06,2.5609728254494257e-05,2.46295803663088e-06,2.681433898032992e-06,2.5110546175710624e-06
714,40,0.00012090729433111846,1.2921232155349571e-05,6.360085990309017e-06,2.5668347007012926e-05,2.359912059546332e-06,2.711625938900397e-06,2.524225010347436e-06
715,40,0.00011994819215033203,1.2680667168751825e-05,6.205908903211821e-06,2.5132954760920256e-05,2.3978545868885703e-06,2.712796458581579e-06,2.4822159048198955e-06
716,40,0.00011895362695213407,1.2501783203333616e-05,6.101032340666279e-06,2.5366764020873234e-05,2.3750692434987286e-06,2.7142521048517665e-06,2.4090834358503344e-06
717,40,0.00011816622281912714,1.2201928257127292e-05,6.032523742760532e-06,2.5125229512923397e-05,2.314186303919996e-06,2.7085698093287647e-06,2.4578987449785927e-06
718,40,0.00011740904301404953,1.2036399311909918e-05,5.695205345546128e-06,2.5201339667546563e-05,2.290113116032444e-06,2.728202161961235e-06,2.4292953639815096e-06
719,40,0.00011680632451316342,1.2009353667963296e-05,5.812710242025787e-06,2.5217039365088567e-05,2.3604125090059824e-06,2.723767238421715e-06,2.2925428311282303e-06
720,40,0.00011615081166382879,1.2163937753939535e-05,5.7361303333891556e-06,2.4854949515429325e-05,2.30296404879482e-06,2.695435341593111e-06,2.341179879294941e-06
721,40,0.00011531636118888855,1.2054834769514855e-05,5.703917395294411e-06,2.4849254259606823e-05,2.265355760755483e-06,2.69678412223584e-06,2.308695684405393e-06
722,40,0.00011485072900541127,1.2061308552802075e-05,5.501051873579854e-06,2.4702687369426712e-05,2.266784349558293e-06,2.6975737910106545e-06,2.2942101622902555e-06
723,40,0.00011413423635531217,1.1943294339289423e-05,5.399413112172624e-06,2.43807789956918e-05,2.2051410724088782e-06,2.7302467060508206e-06,2.3056866211845772e-06
724,40,0.00011359059135429561,1.2107687325624283e-05,5.27899192093173e-06,2.449397652526386e-05,2.2375277239916613e-06,2.7174053229828132e-06,2.216060465798364e-06
725,40,0.00011307406384730712,1.197475921799196e-05,4.966414508089656e-06,2.4927867343649268e-05,2.2128854197944747e-06,2.7416213015385438e-06,2.1659950562025188e-06
726,40,0.00011237560829613358,1.2254386092536151e-05,4.771547992277192e-06,2.448272061883472e-05,2.2474084744317224e-06,2.705565975702484e-06,2.1337211819627555e-06
727,40,0.00011197599087608978,1.2247497579664923e-05,4.706245363195194e-06,2.375077201577369e-05,2.236821273982059e-06,2.7196938390261494e-06,2.170632114939508e-06
728,40,0.0001114997430704534,1.2187726497359108e-05,4.6730269787076395e-06,2.3578884793096222e-05,2.227452341685421e-06,2.7421726827014936e-06,2.13638600143895e-06
729,40,0.0001110725206672214,1.2182053069409449e-05,4.680721758631989e-06,2.291088821948506e-05,2.248549208161421e-06,2.720204065553844e-06,2.1611326701531652e-06
730,40,0.00011073476343881339,1.2171268281235825e-05,4.633565822587116e-06,2.2450789401773363e-05,2.2295914732239908e-06,2.725708554862649e-06,2.1926139197603334e-06
731,40,0.00011042662663385272,1.2451232578314375e-05,4.581118901114678e-06,2.2121168512967415e-05,2.236081400042167e-06,2.7246187528362498e-06,2.166610329368268e-06
732,40,0.00011014111805707216,1.2293894542381167e-05,4.4589705794351175e-06,2.1928231944912113e-05,2.250808847747976e-06,2.7428056910139276e-06,2.152387196474592e-06
733,40,0.00010981975356116891,1.1989478480245452e-05,4.439779786480358e-06,2.1955484044156037e-05,2.2739563974027988e-06,2.7556093300518114e-06,2.1139351247256855e-06
734,40,0.00010949658462777734,1.2175843949080445e-05,4.28538123742328e-06,2.172895983676426e-05,2.269204742333386e-06,2.73799241767847e-06,2.1234434370853705e-06
735,40,0.00010912002471741289,1.1972145330219064e-05,4.278327196516329e-06,2.1498326532309875e-05,2.26647762247012e-06,2.736129772529239e-06,2.1345158529584296e-06
736,40,0.00010873217252083123,1.1958392860833555e-05,4.349743448983645e-06,2.1147403458599e-05,2.263291435156134e-06,2.732778511926881e-06,2.1315934191079577e-06
737,40,0.00010842428309842944,1.1722321687557269e-05,4.311074917495716e-06,2.10497291845968e-05,2.26887323151459e-06,2.734920826696907e-06,2.130321945514879e-06
738,40,0.00010810085950652137,1.1544529115781188e-05,4.242830982548185e-06,2.121882607752923e-05,2.2376329980033915e-06,2.7584560484683607e-06,2.1133785139682004e-06
739,40,0.00010781204764498398,1.1465028364909813e-05,4.223864380037412e-06,2.1404748622444458e-05,2.2302997422229964e-06,2.7446315016277367e-06,2.0969100660295226e-06
740,40,0.0001075553082046099,1.1578636986087076e-05,4.122405698581133e-06,2.1135421775397845e-05,2.23655229092401e-06,2.7302003218210302e-06,2.1051316707598744e-06
741,40,0.00010734850366134197,1.1548230759217404e-05,4.031784101243829e-06,2.1478914277395234e-05,2.1964274310448673e-06,2.7425235202827025e-06,2.090006546495715e-06
742,40,0.00010715331154642627,1.1546144378371537e-05,3.934797405236168e-06,2.154802314180415e-05,2.191802650486352e-06,2.7306066385790473e-06,2.090025418510777e-06
743,40,0.0001069210993591696,1.1510423973959405e-05,3.7794434319948778e-06,2.1562775145866908e-05,2.2076055756770074e-06,2.7338940071786055e-06,2.065346507151844e-06
744,40,0.00010673158249119297,1.1626158084254712e-05,3.667043756649946e-06,2.1562753317994066e-05,2.211454784628586e-06,2.7400822091294685e-06,2.0360262169560883e-06
745,40,0.00010634210775606334,1.170285395346582e-05,3.5808500342682237e-06,2.1714695321861655e-05,2.20784795601503e-06,2.7255271106696455e-06,2.0009961190226022e-06
746,40,0.00010614428902044892,1.1598521268751938e-05,3.456925696809776e-06,2.1767511498183012e-05,2.185803168686107e-06,2.72638612841547e-06,2.0199445316393394e-06
747,40,0.00010593405750114471,1.148311457654927e-05,3.4759875688905595e-06,2.1416595700429752e-05,2.2015553895471385e-06,2.7370867883291794e-06,2.0171939922875026e-06
748,40,0.00010574733460089192,1.1371720574970823e-05,3.44624982062669e-06,2.1129009837750345e-05,2.2043859644327313e-06,2.745773599599488e-06,2.0298755316616734e-06
749,40,0.00010548326827120036,1.1311038178973831e-05,3.6019112030771794e-06,2.118682095897384e-05,2.180194769607624e-06,2.7391351977712475e-06,2.0190200302749872e-06
750,40,0.00010533967724768445,1.1282522791589145e-05,3.5995024063595338e-06,2.1063855456304736e-05,2.1842702153662685e-06,2.728274012042675e-06,2.0268360003683483e-06
751,50,0.0061821043491363525,5.391062222770415e-05,0.0001761551684467122,0.0004447188985068351,0.00045026649604551494,3.10591931338422e-05,6.940630555618554e-05
752,50,0.012072491459548473,3.883709359797649e-05,0.0064534530974924564,0.0005497309612110257,0.00023341378255281597,3.6766083212569356e-05,0.00023286712530534714
753,50,0.009156087413430214,4.176250149612315e-05,0.001716420752927661,0.0009767964947968721,0.0003254236653447151,3.211729199392721e-05,0.0002845697454176843
754,50,0.016318272799253464,6.634672899963334e-05,0.010522094555199146,0.0019139216747134924,0.00017181679140776396,3.397007458261214e-05,0.00017580416169948876
755,50,0.015820752829313278,6.249791476875544e-05,0.009080333635210991,0.0012772978516295552,0.00016387237701565027,4.650053961086087e-05,0.00032968935556709766
756,50,0.008489825762808323,1.582982986292336e-05,0.0018504166509956121,0.0016588025027886033,0.0001663614239078015,4.5346590923145413e-05,0.0002847696014214307
757,50,0.00786719098687172,3.681194721139036e-05,0.0033150191884487867,0.0004586085269693285,9.846912871580571e-05,5.766328104073182e-05,0.00024954264517873526
758,50,0.009198538027703762,3.216004552086815e-05,0.001979149878025055,0.0021431916393339634,0.00014542620920110494,8.911393524613231e-05,0.0002698634925764054
759,50,0.0062155527994036674,4.121994788874872e-05,0.002095096278935671,0.0021308811847120523,7.675308734178543e-05,4.179167444817722e-05,7.629082392668352e-05
760,50,0.010279800742864609,6.336944352369756e-05,0.004152457695454359,0.002488425001502037,0.0001348756777588278,8.115593664115295e-05,0.0001415233127772808
761,50,0.006521285977214575,6.0278456658124924e-05,0.0026352100539952517,0.0006893921527080238,0.00012497160059865564,4.522912422544323e-05,0.0001434397854609415
762,50,0.011438867077231407,0.00010757808922789991,0.00506902439519763,0.0019818423315882683,0.00019269829499535263,6.023095556884073e-05,0.00017511300393380225
763,50,0.010848423466086388,8.421370876021683e-05,0.004811506252735853,0.001530332025140524,0.00015240133507177234,0.00011785446258727461,0.00017198130080942065
764,50,0.005629748106002808,6.28499628874124e-06,0.0032365857623517513,0.0007906637038104236,7.26513535482809e-05,1.4675378224637825e-05,7.229466427816078e-05
765,50,0.005462671630084515,1.6593365216976963e-05,0.002016742480918765,0.0010796189308166504,9.781833796296269e-05,2.4816881705191918e-05,0.00011233648547204211
766,50,0.007569097448140383,9.379968832945451e-05,0.004958671517670155,0.00022067908139433712,0.00012624100781977177,6.115512223914266e-05,4.21986187575385e-05
767,50,0.005852853879332542,6.315685459412634e-05,0.0021685247775167227,0.0005444322596304119,0.00017676530114840716,3.891505912179127e-05,9.199364285450429e-05
768,50,0.008430984802544117,1.1083361641794909e-05,0.006416278891265392,0.0003232300514355302,7.33905762899667e-05,2.0354840671643615e-05,7.429383549606428e-05
769,50,0.008070569485425949,1.9465358491288498e-05,0.005453485529869795,0.000603710301220417,8.91194649739191e-05,2.3110545953386463e-05,8.716084994375706e-05
770,50,0.004541843198239803,4.396122312755324e-05,0.0024677764158695936,0.000759128131903708,4.403493585414253e-05,1.6423515262431465e-05,6.663925159955397e-05
771,50,0.003963185474276543,3.833260416286066e-05,0.002225159201771021,0.00043301910045556724,6.378590478561819e-05,7.487992206733907e-06,5.5393575166817755e-05
772,50,0.007185428403317928,2.9558330425061285e-05,0.005073426757007837,0.0002420165837975219,8.659728337079287e-05,3.399738125153817e-05,6.344802386593074e-05
773,50,0.004736645147204399,1.5171549421211239e-05,0.0030342235695570707,0.00018054948304779828,7.142309914343059e-05,1.4486172403849196e-05,6.476083945017308e-05
774,50,0.006821881048381329,5.40360197192058e-05,0.0052595119923353195,0.00016916253662202507,5.091962520964444e-05,5.024970960221253e-05,3.274770642747171e-05
775,50,0.00627176882699132,4.8402253014501184e-05,0.004826587159186602,0.00027904415037482977,4.857130261370912e-05,3.0816285288892686e-05,3.238592034904286e-05
776,50,0.0037759935948997736,1.8582413758849725e-05,0.0023255785927176476,0.00035593879874795675,2.2855565475765616e-05,3.011463377333712e-05,5.46191877219826e-05
777,50,0.0029313438571989536,1.8417093087919056e-05,0.001885787583887577,0.00023333143326453865,3.363723953953013e-05,1.7029929949785583e-05,2.8713613573927432e-05
778,50,0.0070182401686906815,5.555686220759526e-05,0.005021718796342611,0.0002873228513635695,6.293854676187038e-05,6.104839849285781e-05,4.137726500630379e-05
779,50,0.005989044439047575,5.262866761768237e-05,0.003982978407293558,0.0002572117664385587,5.95210658502765e-05,5.9725945902755484e-05,5.037555092712864e-05
780,50,0.0043310364708304405,1.6629704987281002e-05,0.0029982649721205235,0.0002957928227260709,4.9185564421350136e-05,1.334713670075871e-05,3.9502181607531384e-05
781,50,0.0037773954682052135,2.056773882941343e-05,0.0025798564311116934,0.00015224538219626993,3.0400464311242104e-05,2.568161471572239e-05,4.639049438992515e-05
782,50,0.00544841168448329,5.560020508710295e-05,0.003674115752801299,0.0004079705395270139,5.576857802225277e-05,1.837470153986942e-05,5.692925333278254e-05
783,50,0.004225868731737137,4.556851490633562e-05,0.0031490137334913015,0.00022653509222436696,3.474735785857774e-05,2.611963645904325e-05,1.9608138245530427e-05
784,50,0.00495150126516819,1.0716828910517506e-05,0.0031181389931589365,0.0005523047875612974,6.103699706727639e-05,9.00760915101273e-06,5.698943277820945e-05
785,50,0.004273110069334507,1.045247699948959e-05,0.003067904384806752,0.00019331357907503843,4.021124914288521e-05,9.94253878161544e-06,4.999013617634773e-05
786,50,0.0038385980296880007,4.123500548303127e-05,0.002384256338700652,0.00032236307743005455,4.711031942861155e-05,2.345967550354544e-05,3.8504360418301076e-05
787,50,0.002822632435709238,4.29887259087991e-05,0.001810160931199789,0.00021433390793390572,3.447476774454117e-05,1.4127831491350662e-05,2.6912295652437024e-05
788,50,0.005943658296018839,2.40024492086377e-05,0.004125450272113085,0.0005088975303806365,5.418677756097168e-05,3.0748575227335095e-05,4.359544982435182e-05
789,50,0.004587765317410231,1.6467323803226463e-05,0.0033562995959073305,0.0002868832089006901,3.9816692151362076e-05,1.2985025932721328e-05,4.0009796066442505e-05
790,50,0.0038516120985150337,3.9862301491666585e-05,0.002476271940395236,0.00013832046533934772,4.332671232987195e-05,4.437165262061171e-05,3.201738218194805e-05
791,50,0.0033039820846170187,3.9272341382456943e-05,0.0021860613487660885,0.00015279639046639204,4.074543539900333e-05,2.6957250156556256e-05,2.488254540367052e-05
792,50,0.004578008316457272,2.1788044250570238e-05,0.003080531721934676,0.0002857179206330329,4.298447311157361e-05,2.9029361030552536e-05,4.6983215725049376e-05
793,50,0.003730110125616193,1.897707443276886e-05,0.002340611768886447,0.00034711367334239185,3.944123091059737e-05,2.5289909899584018e-05,3.7609628634527326e-05
794,50,0.004129079636186361,3.933498737751506e-05,0.0030094608664512634,0.00016455675358884037,3.412435034988448e-05,2.5408840883756056e-05,3.203953383490443e-05
795,50,0.0036938495468348265,3.3504686143714935e-05,0.002441689372062683,0.00022486325178761035,3.538084638421424e-05,3.092549377470277e-05,3.307287988718599e-05
796,50,0.003699110122397542,1.4578860827896278e-05,0.0026688354555517435,0.00019618606893345714,3.544726496329531e-05,1.320763931289548e-05,3.3296058973064646e-05
797,50,0.0030558661092072725,1.528404391137883e-05,0.0019894849974662066,0.0003134315484203398,3.1874511478235945e-05,1.5366744264611043e-05,2.6525307475822046e-05
798,50,0.004339057486504316,4.695776806329377e-05,0.003205239772796631,0.00018615102453622967,3.932624531444162e-05,2.3350430637947284e-05,2.7394207791076042e-05
799,50,0.0036997110582888126,4.2065988964168355e-05,0.002528314245864749,0.00018592643027659506,3.767180896829814e-05,2.165672958653886e-05,3.5011908039450645e-05
800,50,0.0034934745635837317,1.4382629160536453e-05,0.0025102898944169283,0.00018850027117878199,2.9590732083306648e-05,1.3190157915232703e-05,3.524931162246503e-05
801,50,0.002827074844390154,1.3130034858477302e-05,0.0019074911251664162,0.00018692208686843514,3.149537951685488e-05,9.921110176946968e-06,3.053668115171604e-05
802,50,0.004233308602124453,4.8327197873732075e-05,0.003086255630478263,0.00020128572941757739,3.930039383703843e-05,2.933303767349571e-05,2.1110568923177198e-05
803,50,0.0034694315399974585,4.0839091525413096e-05,0.002404365688562393,0.00018860780983231962,3.4850367228500545e-05,2.277216117363423e-05,2.5939365514204837e-05
804,50,0.003444730769842863,1.3968517123430502e-05,0.0025522015057504177,0.00015594565775245428,2.5643290427979082e-05,1.4732238923897967e-05,3.188596747349948e-05
805,50,0.0028397832065820694,1.2621403584489599e-05,0.0019971132278442383,0.00016799222794361413,2.502706047380343e-05,1.167968730442226e-05,2.9498880394385196e-05
806,50,0.003953489940613508,4.530470323516056e-05,0.0029482769314199686,0.00014992375508882105,3.530062167556025e-05,2.6350844564149156e-05,1.934699685079977e-05
807,50,0.003347760997712612,4.135295966989361e-05,0.0024173292331397533,0.00013557675993070006,3.5041743103647605e-05,2.2460459149442613e-05,1.7848005882115103e-05
808,50,0.0032548829913139343,1.5176612578216009e-05,0.0023573467042297125,0.00014677646686322987,2.4810802642605267e-05,1.4702268344990443e-05,3.4045238862745464e-05
809,50,0.0026613413356244564,1.3378262337937485e-05,0.001878491835668683,0.00016634394705761224,2.147118721040897e-05,1.0918500265688635e-05,2.792305349430535e-05
810,50,0.0038849255070090294,4.3766587623395026e-05,0.0028680211398750544,0.00016668530588503927,3.276971619925462e-05,2.634166958159767e-05,2.1533856852329336e-05
811,50,0.003211947390809655,4.167462975601666e-05,0.0023480947129428387,0.00015917369455564767,2.8747934265993536e-05,2.0501714971032925e-05,1.705080285319127e-05
812,50,0.0031838100403547287,1.6727211914258078e-05,0.002276505110785365,0.00015504045586567372,2.845788185368292e-05,1.577093826199416e-05,2.9324874049052596e-05
813,50,0.0025580469518899918,1.4241784811019897e-05,0.001829125452786684,0.0001248789340024814,2.1731491870013997e-05,1.100277131627081e-05,2.624581611598842e-05
814,50,0.003828078042715788,4.371642353362404e-05,0.0027759033255279064,0.0001664688461460173,3.5056691558565944e-05,2.864199450414162e-05,2.0500272512435913e-05
815,50,0.003215071512386203,4.001089837402105e-05,0.002329789800569415,0.00013946476974524558,2.8952063075848855e-05,2.4265955289592966e-05,1.7362573998980224e-05
816,50,0.0029607813339680433,1.4318425201054197e-05,0.0021078665740787983,0.0001850373955676332,2.448035593261011e-05,1.3419895367405843e-05,2.745564779615961e-05
817,50,0.002353299641981721,1.3719410162593704e-05,0.0016856162110343575,9.871225483948365e-05,1.9507426259224303e-05,1.1172528502356727e-05,2.4845227017067373e-05
818,50,0.003882779972627759,4.4443862861953676e-05,0.002807693090289831,0.00018162440392188728,3.5722281609196216e-05,2.7074842364527285e-05,2.2104721210780554e-05
819,50,0.0032503996044397354,4.034499579574913e-05,0.002395177958533168,0.00014662013563793153,2.6938765586237423e-05,2.3957540179253556e-05,1.5929332221276127e-05
820,50,0.002773952204734087,1.4388095223694108e-05,0.0019179529044777155,0.00016139168292284012,2.7145106287207454e-05,1.2379192412481643e-05,2.849763768608682e-05
821,50,0.0021971918176859617,1.4675480088044424e-05,0.0015505061019212008,0.00011031828034901991,1.8196158634964377e-05,1.109307322622044e-05,2.2879969037603587e-05
822,50,0.0038931372109800577,4.518591958913021e-05,0.0027903153095394373,0.00018250448920298368,3.873907553497702e-05,2.4810478862491436e-05,2.3963582862052135e-05
823,50,0.0032249921932816505,4.121085294173099e-05,0.0023658936843276024,0.00013398034207057208,2.9443164748954587e-05,2.2778851416660473e-05,1.616873669263441e-05
824,50,0.0026953371707350016,1.4203668797563296e-05,0.001830645720474422,0.00019286097085569054,2.6780133339343593e-05,1.1430601261963602e-05,2.755191599135287e-05
825,50,0.0021568858064711094,1.37741953949444e-05,0.0015229203272610903,0.00010559448855929077,1.837365016399417e-05,9.756149665918201e-06,2.3329881514655426e-05
826,50,0.0037407437339425087,4.3751013436121866e-05,0.0026430038269609213,0.00020597188267856836,3.7077632441651076e-05,2.3499276721850038e-05,2.4224807930295356e-05
827,50,0.003075550775974989,4.0573428123025224e-05,0.0022418545559048653,0.00014672742690891027,2.7962596504949033e-05,1.9922852516174316e-05,1.6754071111790836e-05
828,50,0.0026757288724184036,1.3920992387284059e-05,0.0018080017762258649,0.00018905258912127465,2.7399888494983315e-05,1.1777266081480775e-05,2.729819607338868e-05
829,50,0.002118549309670925,1.2818176401196979e-05,0.0015057948185130954,9.878742275759578e-05,1.842765777837485e-05,8.35410082800081e-06,2.3333133867708966e-05
830,50,0.003636197419837117,4.362030449556187e-05,0.0025246853474527597,0.00019593558681663126,3.76479874830693e-05,2.5390254450030625e-05,2.4157368898158893e-05
831,50,0.002967986511066556,4.1199175029760227e-05,0.002147657796740532,0.00013283055159263313,2.8418700821930543e-05,1.989766678889282e-05,1.6313533706124872e-05
832,50,0.0026565766893327236,1.5272935343091376e-05,0.0017687426880002022,0.0001994435442611575,2.7238944312557578e-05,1.3421095900412183e-05,2.6651703592506237e-05
833,50,0.002078624442219734,1.3555832993006334e-05,0.0014714451972395182,0.00010587399447103962,1.824342143663671e-05,8.886150681064464e-06,2.1645360902766697e-05
834,50,0.0035810067784041166,4.237330358591862e-05,0.002447275910526514,0.00022065943630877882,3.7331054045353085e-05,2.568804302427452e-05,2.4050708816503175e-05
835,50,0.002910554874688387,3.904605910065584e-05,0.0020947831217199564,0.00014368405390996486,2.7029826014768332e-05,2.0028757717227563e-05,1.62455762620084e-05
836,50,0.002619507722556591,1.4728129826835357e-05,0.0017036276403814554,0.00021183083299547434,2.842962567228824e-05,1.3707815924135502e-05,2.6794667064677924e-05
837,50,0.0020521150436252356,1.386970961902989e-05,0.0014237676514312625,0.00010516946349525824,1.8721886590356007e-05,9.817365935305133e-06,2.2391575839719735e-05
838,50,0.003491688286885619,4.2310239223297685e-05,0.0023758760653436184,0.00021483874297700822,3.7152774893911555e-05,2.4788818336674012e-05,2.3924732886371203e-05
839,50,0.002839141758158803,3.892738823196851e-05,0.0020273695699870586,0.00013593527546618134,2.704924190766178e-05,2.049567956419196e-05,1.6146012058015913e-05
840,50,0.0025876639410853386,1.469534618081525e-05,0.0016816684510558844,0.0002083987492369488,2.8448277589632198e-05,1.2948735275131185e-05,2.6893136237049475e-05
841,50,0.002044504741206765,1.4227063729777e-05,0.0014253304107114673,0.00011064426507800817,1.8481086954125203e-05,9.947892976924777e-06,2.1001314962632023e-05
842,50,0.0033668207470327616,4.15804679505527e-05,0.002253555925562978,0.0002335178287466988,3.678591747302562e-05,2.3146323655964807e-05,2.3884429538156837e-05
843,50,0.0027173503767699003,3.835928509943187e-05,0.001931658829562366,0.0001407293020747602,2.5760309654287994e-05,1.9228458768338896e-05,1.5671534129069187e-05
844,50,0.0025984153617173433,1.4504115824820474e-05,0.0016628511948511004,0.00022206205176189542,2.9780130716972053e-05,1.2610185876837932e-05,2.7509489882504568e-05
845,50,0.0020317386370152235,1.396016978105763e-05,0.0014081929111853242,0.00010630898032104596,1.886098471004516e-05,9.5028344730963e-06,2.1963840481475927e-05
846,50,0.0032817949540913105,4.117749631404877e-05,0.00217187381349504,0.00022897747112438083,3.708477015607059e-05,2.306719215994235e-05,2.3824644813430496e-05
847,50,0.002640453400090337,3.786649540415965e-05,0.0018635446904227138,0.00013745672185905278,2.5577923224773258e-05,1.8785789507091977e-05,1.5794836144777946e-05
848,50,0.0025803898461163044,1.4680004824185744e-05,0.0016414800193160772,0.00022211624309420586,3.009909050888382e-05,1.296504069614457e-05,2.7147247237735428e-05
849,50,0.0020194854587316513,1.4094238395045977e-05,0.0013973891036584973,0.0001088828212232329,1.9108409105683677e-05,9.52302616497036e-06,2.128049345628824e-05
850,50,0.003188946982845664,4.0716644434724e-05,0.002085520187392831,0.00024202732311096042,3.6685902159661055e-05,2.2283264115685597e-05,2.3099137251847424e-05
851,50,0.00023930741008371115,1.5742336472612806e-05,1.7177791960421018e-05,5.805442197015509e-05,5.755083293479402e-06,2.8224878860783065e-06,6.255715561565012e-06
852,50,0.00021374583593569696,1.805432293622289e-05,1.2037879969284404e-05,4.984382394468412e-05,5.333721674105618e-06,2.50000880441803e-06,5.54724965695641e-06
853,50,0.00020744302310049534,1.858121140685398e-05,1.0427390407130588e-05,4.886044916929677e-05,5.0559556257212535e-06,2.502552206351538e-06,5.39888787898235e-06
854,50,0.00020336612942628562,1.8749969967757352e-05,8.953036740422249e-06,4.833363345824182e-05,4.93648349220166e-06,2.417323457848397e-06,5.379142294259509e-06
855,50,0.00020018797658849508,1.9315113604534417e-05,8.399932994507253e-06,4.899478153674863e-05,4.834720130020287e-06,2.4158723590517184e-06,5.097221219330095e-06
856,50,0.00019666286243591458,1.9265864466433413e-05,7.581315458082827e-06,4.800249371328391e-05,4.659527803596575e-06,2.4485334506607614e-06,5.073257398180431e-06
857,50,0.0001943669922184199,1.9594830519054085e-05,7.398399702651659e-06,4.473319495446049e-05,4.6297736844280735e-06,2.4201260657719104e-06,5.214156317379093e-06
858,50,0.0001917694171424955,1.9905370209016837e-05,7.366552836174378e-06,4.3715488573070616e-05,4.564738446788397e-06,2.378287490500952e-06,5.135174433235079e-06
859,50,0.00018801933038048446,1.9036768208025023e-05,6.120779744378524e-06,4.295730104786344e-05,4.6810419007670134e-06,2.380219257247518e-06,4.929186616209336e-06
860,50,0.00018516479758545756,1.8804666979121976e-05,5.279247488942929e-06,4.4680095015792176e-05,4.676050139096333e-06,2.336793158974615e-06,4.627235284715425e-06
861,50,0.0001839655451476574,1.8315382476430386e-05,5.086668807052774e-06,4.577152503770776e-05,4.592582627083175e-06,2.3301934106711997e-06,4.556420662993332e-06
862,50,0.00018230077694170177,1.7949107132153586e-05,4.421091944095679e-06,4.5169086661189795e-05,4.452450411918107e-06,2.4203102384490194e-06,4.603387878887588e-06
863,50,0.0001806911895982921,1.8133630874217488e-05,3.9584419937455095e-06,4.556762723950669e-05,4.525049007497728e-06,2.3760044314258266e-06,4.4020953282597475e-06
864,50,0.00017912243492901325,1.8094553524861112e-05,3.6799920053454116e-06,4.579245432978496e-05,4.46930334874196e-06,2.3315708403970348e-06,4.354670181783149e-06
865,50,0.0001779105223249644,1.7877253412734717e-05,3.5658711112773744e-06,4.493993037613109e-05,4.383521627460141e-06,2.3778266040608287e-06,4.391398761072196e-06
866,50,0.00017684484191704541,1.7450020095566288e-05,3.565922270354349e-06,4.5971952204126865e-05,4.3972249841317534e-06,2.3579066237289226e-06,4.2305637180106714e-06
867,50,0.00017556489910930395,1.685866664047353e-05,3.822877715720097e-06,4.606362563208677e-05,4.289516709832242e-06,2.3361571948044e-06,4.256298780092038e-06
868,50,0.00017435263725928962,1.695829996606335e-05,3.7757804420834873e-06,4.545570845948532e-05,4.28635576099623e-06,2.329242533960496e-06,4.20068636231008e-06
869,50,0.00017342119826935232,1.6787260392447934e-05,3.4728659557003994e-06,4.404783612699248e-05,4.375565367809031e-06,2.3471650365536334e-06,4.18859508499736e-06
870,50,0.00017263670451939106,1.6356918422388844e-05,3.3137796435767086e-06,4.478966729948297e-05,4.297666237107478e-06,2.3320960735873086e-06,4.187872946204152e-06
871,50,0.00017185629985760897,1.6360821973648854e-05,3.2630975965730613e-06,4.4074909965274855e-05,4.270434146746993e-06,2.309206593054114e-06,4.2361066334706265e-06
872,50,0.00017091486370190978,1.687676558503881e-05,3.0286441869975533e-06,4.348599031800404e-05,4.173827619524673e-06,2.311174057467724e-06,4.2673441384977195e-06
873,50,0.00017034087795764208,1.6898920875974e-05,3.07469622384815e-06,4.3812433432321995e-05,4.079373866261449e-06,2.3109566882340005e-06,4.265150892024394e-06
874,50,0.00016976241022348404,1.6463298379676417e-05,3.1687659429735504e-06,4.4516655179904774e-05,4.069444912602194e-06,2.3199133920570603e-06,4.17201044911053e-06
875,50,0.00016916185268200934,1.6227428204729222e-05,3.4553715977381216e-06,4.3923741031903774e-05,4.103846549696755e-06,2.329443532289588e-06,4.122241080040112e-06
876,50,0.00016864937788341194,1.6054978914326057e-05,3.4140782645408763e-06,4.352255928097293e-05,4.108017492399085e-06,2.322976342838956e-06,4.13478255723021e-06
877,50,0.00016815665003377944,1.5689753126935102e-05,3.410487806831952e-06,4.214004729874432e-05,4.118885954085272e-06,2.340685796298203e-06,4.232064839015948e-06
878,50,0.00016768115165177733,1.553106812934857e-05,3.4807010251824977e-06,4.218075264361687e-05,4.082413397554774e-06,2.3615750706085237e-06,4.204875040159095e-06
879,50,0.00016707161557860672,1.4789158740313724e-05,3.2996163099596743e-06,4.2403469706187025e-05,4.094036739843432e-06,2.3703962597210193e-06,4.193503173155477e-06
880,50,0.00016672075435053557,1.4946400369808543e-05,3.2989994451781968e-06,4.177532173343934e-05,4.09388712796499e-06,2.3683244307903806e-06,4.207792699162383e-06
881,50,0.0001663470029598102,1.4984259905759245e-05,3.073633251915453e-06,4.089430512976833e-05,4.121211986785056e-06,2.3692309696343727e-06,4.249037374393083e-06
882,50,0.00016603112453594804,1.4710512004967313e-05,2.996961256940267e-06,4.090354559593834e-05,4.082968189322855e-06,2.401086248937645e-06,4.257956334186019e-06
883,50,0.00016576230700593442,1.4547250430041458e-05,3.017333028765279e-06,4.073833042639308e-05,4.114787770959083e-06,2.3914747089293087e-06,4.239677309669787e-06
884,50,0.00016556662740185857,1.4393319361261092e-05,3.0487642561638495e-06,4.0321043343283236e-05,4.142068064538762e-06,2.3930388124426827e-06,4.245242507749936e-06
885,50,0.0001652905048104003,1.452766537113348e-05,2.890356199714006e-06,4.045052264700644e-05,4.084973625140265e-06,2.398046262896969e-06,4.259176876075799e-06
886,50,0.00016509024135302752,1.4583453776140232e-05,2.8079425646865275e-06,4.0775084926281124e-05,4.103445462533273e-06,2.383710352660273e-06,4.20522110289312e-06
887,50,0.0001649188925512135,1.455456640542252e-05,2.678553983059828e-06,4.071444345754571e-05,4.092729341209633e-06,2.38093866755662e-06,4.223465111863334e-06
888,50,0.00016475374286528677,1.4612030099669937e-05,2.69797669716354e-06,4.053306838613935e-05,4.067437657795381e-06,2.3642405722057447e-06,4.259387424099259e-06
889,50,0.00016460818005725741,1.4599723726860248e-05,2.6290445021004416e-06,4.0408820495940745e-05,4.052183612657245e-06,2.3576399144076277e-06,4.287235697120195e-06
890,50,0.0001643968716962263,1.4460210877587087e-05,2.7585979296418373e-06,4.036200698465109e-05,4.003039975941647e-06,2.3802581381460186e-06,4.298307430872228e-06
891,50,0.00016427428636234254,1.4433016986004077e-05,2.706954091991065e-06,4.036831887788139e-05,3.997399744548602e-06,2.3933685042720754e-06,4.285831892048009e-06
892,50,0.0001641191920498386,1.439285642845789e-05,2.628830316098174e-06,4.080107100890018e-05,3.998235570179531e-06,2.3821555714675924e-06,4.2492520151427016e-06
893,50,0.0001639276451896876,1.4253797417040914e-05,2.5177475890814094e-06,4.140020610066131e-05,4.010953944089124e-06,2.3736183720757253e-06,4.19101661464083e-06
894,50,0.00016379263252019882,1.4007654499437194e-05,2.4987289179989602e-06,4.129838998778723e-05,3.995605311502004e-06,2.3958243673405377e-06,4.207356141705532e-06
895,50,0.00016367944772355258,1.3921353456680663e-05,2.483690423105145e-06,4.1076662455452606e-05,4.010968496004352e-06,2.3944785425555892e-06,4.214327418594621e-06
896,50,0.00016347412019968033,1.3902945283916779e-05,2.5532870040478883e-06,4.077690027770586e-05,3.978602308052359e-06,2.3854556729929755e-06,4.260039986547781e-06
897,50,0.00016328715719282627,1.3894293260818813e-05,2.530973233660916e-06,4.063497908646241e-05,3.961108632211108e-06,2.3916566078696633e-06,4.269926193956053e-06
898,50,0.000163104705279693,1.3600490092358086e-05,2.515394726287923e-06,4.092756353202276e-05,3.935820586775662e-06,2.378929139013053e-06,4.291377081244718e-06
899,50,0.0001629378239158541,1.3723442862101365e-05,2.312381639058003e-06,4.064994936925359e-05,3.935577296942938e-06,2.3888010218797717e-06,4.300826276448788e-06
900,50,0.00016278517432510853,1.3833017874276266e-05,2.298600065842038e-06,4.060358332935721e-05,3.912734428013209e-06,2.3968898403836647e-06,4.295372946216958e-06
901,60,0.009308965876698494,4.7150777390925214e-05,6.873305392218754e-05,0.00020945799769833684,0.0008060672553256154,2.1936579287284985e-05,7.035861199256033e-05
902,60,0.006634940858930349,1.025338042381918e-05,0.0004329429648350924,0.0004656994715332985,0.0002812925085891038,1.0035068953584414e-05,0.00028127693803980947
903,60,0.014488653279840946,9.009736459120177e-06,0.000348525180015713,0.002996015129610896,0.00037488387897610664,7.1457702688348945e-06,0.0007314806571230292
904,60,0.006678387057036161,1.1748921679100022e-05,0.0005988951888866723,0.002318112412467599,0.0002961222780868411,5.944187250861432e-06,7.289663335541263e-05
905,60,0.022333931177854538,1.796831566025503e-05,0.0004320432199165225,0.0018017379334196448,0.0006139529868960381,2.5165951228700578e-05,0.0013690993655472994
906,60,0.015414816327393055,1.776420140231494e-05,0.0008080112165771425,0.001292178756557405,0.0004996706848032773,4.958556019118987e-05,0.0007804299821145833
907,60,0.024631019681692123,1.5097359209903516e-05,0.0008787541883066297,0.008035627193748951,0.00037652513128705323,2.334593955310993e-05,0.0011702829506248236
908,60,0.02344398759305477,2.380492333031725e-05,0.001539684133604169,0.006196439731866121,0.00045937634422443807,1.921866714837961e-05,0.0010898108594119549
909,60,0.015153244137763977,2.2433108824770898e-05,0.000847259012516588,0.008169426582753658,0.00023737270385026932,2.218868576164823e-05,0.00035185119486413896
910,60,0.011696000583469868,3.0012060960871167e-05,0.00046306330477818847,0.0030353842303156853,0.0003333663335070014,2.8370208383421414e-05,0.00045501755084842443
911,60,0.013295422308146954,2.8733713406836614e-05,0.0007223683642223477,0.004806771408766508,0.0003303552221041173,2.6552112103672698e-05,0.0004168475861661136
912,60,0.010483278892934322,3.7694990169256926e-05,0.00027266962570138276,0.003005038481205702,0.0003140489279758185,8.454655471723527e-06,0.0003942839684896171
913,60,0.01626000925898552,5.904397039557807e-05,0.0005557573749683797,0.006188536528497934,0.00033729785354807973,1.9839726519421674e-06,0.0006063852924853563
914,60,0.013386286795139313,5.0385104259476066e-05,0.0006629526615142822,0.006077305879443884,0.0002322930085938424,5.437972049548989e-06,0.00042183336336165667
915,60,0.007558614015579224,2.3177015464170836e-05,0.000492566148750484,0.0013837909791618586,0.00013987724378239363,5.986041742289672e-06,0.00042004467104561627
916,60,0.008067071437835693,1.1754827028198633e-05,0.0007707113982178271,0.0034213163889944553,0.0001464493543608114,8.413075192947872e-06,0.00023146654712036252
917,60,0.011813255026936531,1.665733907429967e-05,0.0003751183394342661,0.0012964901980012655,0.0003540431207511574,1.4787234249524772e-05,0.0006436685216613114
918,60,0.008921392261981964,2.859409141819924e-05,0.0005647791549563408,0.0022107944823801517,0.00020057166693732142,1.979248736461159e-05,0.00039135836414061487
919,60,0.011000188067555428,2.9989443646627478e-05,0.0004160294192843139,0.0010385775240138173,0.0003370572521816939,1.7750533515936695e-05,0.0005967513425275683
920,60,0.009778689593076706,1.2901464288006537e-05,0.0005090514314360917,0.0019315449753776193,0.00022484968940261751,5.8761324908118695e-06,0.0005017932853661478
921,60,0.006365112029016018,1.037289166561095e-05,0.0005384935066103935,0.0008624002221040428,0.0001559820375405252,8.105143024295103e-06,0.0003312973421998322
922,60,0.005237859208136797,1.0076851140183862e-05,0.00019254547078162432,0.0010715632233768702,0.0001268138294108212,4.3981822273053695e-06,0.0002651553659234196
923,60,0.009651273488998413,1.3527850569516886e-05,0.0003864540485665202,0.0016884441720321774,0.00019064644584432244,6.900804237375269e-06,0.0005587374907918274
924,60,0.0077147101983428,1.5476334738195874e-05,0.00016884450451470912,0.000821245601400733,0.00018826335144694895,1.0002007911680266e-05,0.00047264902968890965
925,60,0.006557139102369547,8.517961759935133e-06,0.00035953993210569024,0.0013892782153561711,0.00012102431355742738,4.319667368690716e-06,0.00035463631502352655
926,60,0.005916350521147251,1.0753058631962631e-05,0.00020167625916656107,0.0006089559756219387,0.00014972542703617364,5.471648819366237e-06,0.00035429943818598986
927,60,0.007464500144124031,1.9410157619859092e-05,0.0006218524649739265,0.002569478703662753,9.495407721260563e-05,4.581718712870497e-06,0.00032584008295089006
928,60,0.005057156551629305,2.0757395759574138e-05,0.0003963724884670228,0.0007577765500172973,0.00010924179514404386,9.791964657779317e-06,0.00026919125230051577
929,60,0.008916661143302917,1.507268098066561e-05,0.00046496637514792383,0.002865250688046217,0.00014782047946937382,7.2584198278491385e-06,0.0004020581836812198
930,60,0.0072867898270487785,1.3842770385963377e-05,0.0005875667557120323,0.00160699849948287,0.00014890235615894198,6.3653901634097565e-06,0.0003525704378262162
931,60,0.0056329951621592045,1.1172869562869892e-05,0.00010365321213612333,0.0021260883659124374,7.982038368936628e-05,4.746879312733654e-06,0.00025464079226367176
932,60,0.004176307935267687,1.7157815818791278e-05,0.00039521456346847117,0.0011338898912072182,6.312828190857545e-05,4.21769709646469e-06,0.0001956585911102593
933,60,0.007531194016337395,1.3230148397269659e-05,0.0001406501542078331,0.002261923858895898,0.00010453925642650574,3.234919404349057e-06,0.0004037648031953722
934,60,0.005740467458963394,8.527348654752132e-06,0.0003624444070737809,0.0015360461547970772,8.139396231854334e-05,3.0014425647095777e-06,0.0002989495114888996
935,60,0.006722086109220982,1.1423663636378478e-05,0.00012620919733308256,0.002101464429870248,0.0001216981399920769,4.194123448542086e-06,0.0003224066167604178
936,60,0.006139042787253857,1.4743724022991955e-05,0.0003392361104488373,0.002031659707427025,9.158845205092803e-05,9.978564776247367e-06,0.00027377333026379347
937,60,0.004929101560264826,1.2504976439231541e-05,0.00010044179362012073,0.0011337207397446036,8.752892608754337e-05,5.791190687887138e-06,0.00027492328081279993
938,60,0.003914101514965296,1.2210841305204667e-05,0.0002529562043491751,0.001144816167652607,6.0416805354179814e-05,1.491934881414636e-06,0.00018850307969842106
939,60,0.0074791330844163895,1.7861349988379516e-05,0.00011727848323062062,0.002062826184555888,0.00013683221186511219,2.4456539904349484e-06,0.00038883884553797543
940,60,0.006287533789873123,1.760985833243467e-05,0.00012334513303358108,0.0020486374851316214,0.00010225936421193182,2.018708073592279e-06,0.00030551606323570013
941,60,0.004366700537502766,1.0231808118987828e-05,0.0001245651947101578,0.0009014892275445163,7.695142994634807e-05,1.72030343037477e-06,0.00025436971918679774
942,60,0.0036492422223091125,5.605864316748921e-06,8.045025606406853e-05,0.0009391939966008067,6.171168206492439e-05,1.4103089824857307e-06,0.00019927720131818205
943,60,0.00663966778665781,8.53707388159819e-06,7.251273927977309e-05,0.0017633248353376985,0.00011264736531302333,3.364882331879926e-06,0.00036351708695292473
944,60,0.005675983615219593,1.0751250556495506e-05,5.8965157222701237e-05,0.001568394131027162,8.902105764718726e-05,3.2222421850747196e-06,0.0003115440485998988
945,60,0.004211593884974718,1.2618238542927429e-05,8.810987492324784e-05,0.0009961597388610244,8.153473027050495e-05,3.942015155189438e-06,0.00022599384828936309
946,60,0.003512604394927621,1.09401298686862e-05,3.929818922188133e-05,0.0007549397996626794,7.469912816304713e-05,2.1503406060219277e-06,0.00019389315275475383
947,60,0.00592389702796936,1.4260748685046565e-05,7.105661643436179e-05,0.0017807793337851763,8.833505125949159e-05,5.4033766900829505e-06,0.0003120415785815567
948,60,0.004771797452121973,1.3370708984439261e-05,4.6077591832727194e-05,0.0012506617931649089,8.062550477916375e-05,5.274434442981146e-06,0.00026026880368590355
949,60,0.004553733393549919,1.1129662198072765e-05,7.931588334031403e-05,0.001284581609070301,8.185591286746785e-05,1.9247511318098987e-06,0.0002340899663977325
950,60,0.003538660705089569,1.2523911209427752e-05,5.240077371126972e-05,0.0007662339485250413,7.2790018748492e-05,2.7686660359904636e-06,0.00019519150373525918
951,60,0.005663102958351374,1.2668602721532807e-05,5.7389010180486366e-05,0.0019111798610538244,7.970562728587538e-05,1.8242335499962792e-06,0.0002866567228920758
952,60,0.004583852365612984,1.3392133041634224e-05,5.6001576012931764e-05,0.0012481599114835262,7.407551311189309e-05,4.0024365262070205e-06,0.0002485519216861576
953,60,0.004392597824335098,1.0027636562881526e-05,4.051935320603661e-05,0.0013822002802044153,7.182103581726551e-05,2.794607553369133e-06,0.0002213694097008556
954,60,0.003366089891642332,9.345660146209411e-06,3.3182430343003944e-05,0.0008271244005300105,6.315286009339616e-05,2.8271936116652796e-06,0.00018366368021816015
955,60,0.005598695948719978,1.1192418241989799e-05,5.271095869829878e-05,0.002050533890724182,7.541037484770641e-05,2.0746401787619106e-06,0.0002709408290684223
956,60,0.004449779633432627,1.247191357833799e-05,4.686413740273565e-05,0.0013948825653642416,6.711725291097537e-05,1.914380163725582e-06,0.00023052445612847805
957,60,0.004369533620774746,1.335345677944133e-05,5.871586472494528e-05,0.0014889226295053959,7.098001515259966e-05,1.2311448926993762e-06,0.00020864301768597215
958,60,0.0034343162551522255,1.2596936358022504e-05,4.211639316054061e-05,0.0009998823516070843,6.12685180385597e-05,1.5997449054339086e-06,0.00017510380712337792
959,60,0.005260267294943333,1.188204169011442e-05,5.6245949963340536e-05,0.001939925248734653,6.837439286755398e-05,2.6569859983283095e-06,0.0002541900030337274
960,60,0.00433281809091568,1.1172523045388516e-05,5.21389338246081e-05,0.0014867204008623958,5.878516094526276e-05,2.8014455892844126e-06,0.00021669203124474734
961,60,0.004111872054636478,1.031830379361054e-05,4.432519926922396e-05,0.0013880919432267547,6.311616016319022e-05,1.9950912246713415e-06,0.000201802424271591
962,60,0.0033012190833687782,1.1115990673715714e-05,3.9287500840146095e-05,0.0010642735287547112,5.394597610575147e-05,1.7474935702921357e-06,0.00016296071407850832
963,60,0.005037627648562193,1.1791445103881415e-05,5.093411891721189e-05,0.0018204671796411276,6.657792255282402e-05,2.0588590814440977e-06,0.00024680671049281955
964,60,0.004115527495741844,1.1362128134351224e-05,4.359333252068609e-05,0.0014662196626886725,5.649189552059397e-05,1.864578848653764e-06,0.00020107878663111478
965,60,0.0040764035657048225,1.1376947441021912e-05,4.8657799197826535e-05,0.0013732697116211057,6.392160139512271e-05,1.3728458725381643e-06,0.0001990154414670542
966,60,0.0032981764525175095,1.1609272405621596e-05,3.988961179857142e-05,0.001124868169426918,5.1806127885356545e-05,1.4363473610501387e-06,0.00015893846284598112
967,60,0.0048336549662053585,1.2981142390344758e-05,5.1368275308050215e-05,0.0017424009274691343,6.523710180772468e-05,2.6505499590712134e-06,0.00023480280651710927
968,60,0.004079109989106655,1.2412838259479031e-05,5.0119237130274996e-05,0.0015125464415177703,5.3667692554881796e-05,2.3550082914880477e-06,0.00019438045274000615
969,60,0.0037936544977128506,1.2197199794172775e-05,4.091591472388245e-05,0.001217317651025951,6.125376967247576e-05,2.1944347281532828e-06,0.00018887418264057487
970,60,0.0031236440408974886,1.2091432836314198e-05,3.962339906138368e-05,0.0010551265440881252,4.926990732201375e-05,2.0000436506961705e-06,0.00015041031292639673
971,60,0.004643681459128857,1.2620374036487192e-05,4.3962092604488134e-05,0.0016280284617096186,6.543418567162007e-05,2.5053041099454276e-06,0.0002279675391037017
972,60,0.003864442929625511,1.2269664694031235e-05,4.256227475707419e-05,0.0014105587033554912,5.378590867621824e-05,2.037298372670193e-06,0.00018408203322906047
973,60,0.0037196394987404346,1.240544588654302e-05,4.275531318853609e-05,0.001208398025482893,5.8853514929069206e-05,1.4055369774723658e-06,0.00018534899572841823
974,60,0.0029889740981161594,1.2369721844152082e-05,3.622907752287574e-05,0.0010057231411337852,4.743732279166579e-05,1.463003513890726e-06,0.00014456489589065313
975,60,0.004636893980205059,1.2144469110353384e-05,4.954891119268723e-05,0.0016212989576160908,6.429883069358766e-05,2.455192316119792e-06,0.00022863609774503857
976,60,0.003910110332071781,1.1263638043601532e-05,4.730801811092533e-05,0.0013949389103800058,5.31843543285504e-05,2.2566473489860073e-06,0.0001902189978864044
977,60,0.0034495259169489145,1.1397003618185408e-05,3.514160925988108e-05,0.001131136785261333,5.445992064778693e-05,1.8748975207927288e-06,0.0001708502386463806
978,60,0.002793544204905629,1.1809531315520871e-05,3.357686728122644e-05,0.0009211563155986369,4.433191497810185e-05,1.561860813126259e-06,0.0001368063676636666
979,60,0.004568815231323242,1.2776202311215457e-05,4.581568282446824e-05,0.0016245261067524552,6.320606189547107e-05,2.3963684725458734e-06,0.00022296728275250643
980,60,0.003813908901065588,1.2375066944514401e-05,3.822350481641479e-05,0.0013435595901682973,5.389255966292694e-05,2.0837658212258248e-06,0.00018599876784719527
981,60,0.0033165281638503075,1.2665947906498332e-05,4.416823139763437e-05,0.0011234614066779613,5.1571103540482e-05,1.559724182698119e-06,0.00016049241821747273
982,60,0.0026186960749328136,1.2590893675223924e-05,3.252303577028215e-05,0.000861666165292263,4.242537761456333e-05,1.5708308183093322e-06,0.00012719538062810898
983,60,0.004627012647688389,1.288734347326681e-05,5.5723598052281886e-05,0.00168317009229213,6.199160998221487e-05,2.53470989264315e-06,0.0002229968085885048
984,60,0.0038741277530789375,1.2698449609160889e-05,4.976003765477799e-05,0.0013655897928401828,5.3149207815295085e-05,2.4950104489107616e-06,0.00018896372057497501
985,60,0.003098142798990011,1.2625559975276701e-05,3.5862871300196275e-05,0.0010686212917789817,4.75809138151817e-05,1.8008446431849734e-06,0.00014872156316414475
986,60,0.0024361219257116318,1.2464201063266955e-05,3.187201218679547e-05,0.0007909321575425565,3.936766370316036e-05,1.749257648953062e-06,0.00011896844080183655
987,60,0.004658706486225128,1.2575302207551431e-05,4.914675446343608e-05,0.0017246381612494588,6.355543155223131e-05,2.2116673790151253e-06,0.00022146756236907095
988,60,0.00389005895704031,1.2713710930256639e-05,4.175110370852053e-05,0.0013782642781734467,5.503299325937405e-05,2.1451953671203228e-06,0.0001885548117570579
989,60,0.002925184089690447,1.3032909919274971e-05,4.015120066469535e-05,0.0010403336491435766,4.429655382409692e-05,1.3972174883747357e-06,0.00013747285993304104
990,60,0.002252669772133231,1.2647763469431084e-05,2.8417558496585116e-05,0.0007391361286863685,3.682136593852192e-05,1.6689201629560557e-06,0.00010875653970288113
991,60,0.004788723308593035,1.2636442079383414e-05,5.912180131417699e-05,0.0017956336960196495,6.366673915181309e-05,2.4302730707859155e-06,0.00022603613615501672
992,60,0.004035599064081907,1.2734089068544563e-05,4.947528941556811e-05,0.0014368928968906403,5.53735917492304e-05,2.4095963908621343e-06,0.00019586649432312697
993,60,0.002677776850759983,1.2891665392089635e-05,3.508050576783717e-05,0.0009669811697676778,4.038880069856532e-05,1.6220320731008542e-06,0.00012427152250893414
994,60,0.0020712632685899734,1.2259051800356247e-05,2.844564733095467e-05,0.0006795406807214022,3.378588007763028e-05,1.5715879726485582e-06,9.974430577130988e-05
995,60,0.00482560507953167,1.2332773621892557e-05,5.377811612561345e-05,0.0018358499510213733,6.462621240643784e-05,2.273107611472369e-06,0.0002254651190014556
996,60,0.004036352038383484,1.260427507077111e-05,4.305494076106697e-05,0.0014445997076109052,5.658117152052e-05,2.245798441435909e-06,0.0001947823620866984
997,60,0.002553693251684308,1.3151628081686795e-05,3.8275247788988054e-05,0.0009454204700887203,3.7941506889183074e-05,1.3779877008346375e-06,0.00011636510316748172
998,60,0.0019413281697779894,1.260122826352017e-05,2.5568631826899946e-05,0.0006423140875995159,3.1968593248166144e-05,1.587070187270001e-06,9.252876043319702e-05
999,60,0.004903349559754133,1.256130235560704e-05,6.213968299562111e-05,0.0018797406228259206,6.432918598875403e-05,2.4678624868101906e-06,0.00022809374786447734
1000,60,0.00412934273481369,1.2843899639847223e-05,5.036890070186928e-05,0.0014889149460941553,5.64731853955891e-05,2.4831033442751504e-06,0.00019876523583661765
1001,60,0.00021048335474915802,1.124547270592302e-05,1.173324926639907e-05,6.8842047767248e-05,4.938760866934899e-06,1.319378611697175e-06,5.608118044619914e-06
1002,60,0.00020271478570066392,1.1757108950405382e-05,9.492640856478829e-06,6.548440433107316e-05,4.908570645056898e-06,1.2713049954982125e-06,5.418187811301323e-06
1003,60,0.0001972826721612364,1.2090737982362043e-05,8.1987618614221e-06,6.0434093029471114e-05,4.894317498838063e-06,1.2664338555623544e-06,5.495156983670313e-06
1004,60,0.00019440846517682076,1.2030269317619968e-05,7.891868335718755e-06,5.8611003623809665e-05,4.721933692053426e-06,1.2940888609591639e-06,5.571509973378852e-06
1005,60,0.0001914595195557922,1.2517017239588313e-05,7.721753718215041e-06,5.703478382201865e-05,4.705165338236839e-06,1.2266366411495255e-06,5.4867955441295635e-06
1006,60,0.0001894900924526155,1.2680616237048525e-05,7.345647190959426e-06,5.677807712345384e-05,4.648944468499394e-06,1.2227477554915822e-06,5.396883352659643e-06
1007,60,0.0001874385488918051,1.2673132914642338e-05,6.935788860573666e-06,5.488196256919764e-05,4.519936737779062e-06,1.25675785511703e-06,5.518071702681482e-06
1008,60,0.0001848208630690351,1.2441646504157688e-05,6.3744382714503445e-06,5.214045086177066e-05,4.63876995127066e-06,1.2407510894263396e-06,5.506911747943377e-06
1009,60,0.00018285871192347258,1.2522293218353298e-05,5.535694526770385e-06,4.908977643935941e-05,4.770408850163221e-06,1.1965629482801887e-06,5.6041230891423766e-06
1010,60,0.00018100361921824515,1.2630671335500665e-05,4.946559329255251e-06,4.8412573960376903e-05,4.625592737284023e-06,1.2409180953909527e-06,5.634870831272565e-06
1011,60,0.0001798081211745739,1.2590448022820055e-05,4.715320756076835e-06,4.973708200850524e-05,4.66666097054258e-06,1.2339140766925993e-06,5.375952696340391e-06
1012,60,0.00017863092944025993,1.2400176274240948e-05,4.5443321141647175e-06,5.0403417844790965e-05,4.566644747683313e-06,1.2241825970704667e-06,5.337474249245133e-06
1013,60,0.00017753976862877607,1.2644287380680908e-05,4.417430773173692e-06,5.029407111578621e-05,4.588981482811505e-06,1.2059788332408061e-06,5.223437256063335e-06
1014,60,0.0001766253262758255,1.253113805432804e-05,4.1715570660016965e-06,5.0729726353893057e-05,4.466803147806786e-06,1.2169763294878067e-06,5.235509433987318e-06
1015,60,0.00017577680409885943,1.2270119441382121e-05,3.70794145965192e-06,5.1113878726027906e-05,4.463397999643348e-06,1.2345765298960032e-06,5.1705114856304135e-06
1016,60,0.0001749607763485983,1.2091240932932124e-05,3.3715500649122987e-06,5.049588071415201e-05,4.47827551397495e-06,1.2376376616884954e-06,5.1842976063198876e-06
1017,60,0.0001744347100611776,1.211059952765936e-05,3.1986421618057648e-06,5.106245225761086e-05,4.438310497789644e-06,1.225532628268411e-06,5.142456757312175e-06
1018,60,0.0001738536957418546,1.2117806363676209e-05,2.950685484393034e-06,5.120217610965483e-05,4.374949639895931e-06,1.2228759942445322e-06,5.160477030585753e-06
1019,60,0.00017342905630357563,1.2002401490462944e-05,2.9380998967099003e-06,5.142775989952497e-05,4.318825631344225e-06,1.2177528105894453e-06,5.169501491764095e-06
1020,60,0.00017300073523074389,1.1845438166346867e-05,2.806025804602541e-06,5.150567812961526e-05,4.350144990894478e-06,1.2288132893445436e-06,5.10540075993049e-06
1021,60,0.00017252011457458138,1.1662456927297171e-05,2.6601931040204363e-06,5.06828619109001e-05,4.363078915048391e-06,1.2364213262117119e-06,5.151959612703649e-06
1022,60,0.0001721095759421587,1.1647787687252276e-05,2.6527568479650654e-06,5.008544394513592e-05,4.371806426206604e-06,1.219327259605052e-06,5.181224878469948e-06
1023,60,0.0001716301339911297,1.168456583400257e-05,2.5923616249201586e-06,4.8907815653365105e-05,4.409480425238144e-06,1.2390253232297255e-06,5.1960332712042145e-06
1024,60,0.00017121731070801616,1.1355029528203886e-05,2.5901968001562636e-06,4.8943853471428156e-05,4.384520252642687e-06,1.240909796251799e-06,5.2073924052820075e-06
1025,60,0.0001709151838440448,1.1419346265029162e-05,2.7217504339205334e-06,4.9031354137696326e-05,4.411360350786708e-06,1.236324465025973e-06,5.126587893755641e-06
1026,60,0.0001705606991890818,1.1283181265753228e-05,2.622109150252072e-06,4.887079921900295e-05,4.39225232184981e-06,1.252033712262346e-06,5.134173989063129e-06
1027,60,0.00017029535956680775,1.1123799595225137e-05,2.561104338383302e-06,4.8220572352875024e-05,4.3754716898547485e-06,1.2627579053514637e-06,5.2007599151693285e-06
1028,60,0.00016996833437588066,1.1303728570055682e-05,2.4554640276619466e-06,4.830565012525767e-05,4.378061476018047e-06,1.2572320429171668e-06,5.155055532668484e-06
1029,60,0.00016971546574495733,1.119201897381572e-05,2.3456041162717156e-06,4.8681540647521615e-05,4.373481715447269e-06,1.2540571106001153e-06,5.122090897202725e-06
1030,60,0.00016951057477854192,1.10288774521905e-05,2.2576346054847818e-06,4.84082629554905e-05,4.411310328578111e-06,1.254506400982791e-06,5.11576354256249e-06
1031,60,0.00016925281670410186,1.113586677092826e-05,2.2528251975018065e-06,4.8097321268869564e-05,4.395925770950271e-06,1.2506169468906592e-06,5.13013719682931e-06
1032,60,0.00016892167332116514,1.1003700819856022e-05,2.236996124338475e-06,4.793817788595334e-05,4.336744041211205e-06,1.2640492741411435e-06,5.173486442799913e-06
1033,60,0.00016859002062119544,1.0929341442533769e-05,2.3743798465147847e-06,4.760527008329518e-05,4.361248102213722e-06,1.2578358337123063e-06,5.149019671080168e-06
1034,60,0.00016825126658659428,1.0829226084752008e-05,2.398657670710236e-06,4.712730515166186e-05,4.332485787017504e-06,1.2742303852064651e-06,5.182891527510947e-06
1035,60,0.0001680470013525337,1.0856773769774009e-05,2.3012935344013385e-06,4.686044849222526e-05,4.3466498027555645e-06,1.2825518069803366e-06,5.1736474233621266e-06
1036,60,0.00016773014795035124,1.0766343621071428e-05,2.2462938886746997e-06,4.6313034545164555e-05,4.3298109630995896e-06,1.291273861170339e-06,5.219362265052041e-06
1037,60,0.00016745975881349295,1.0464212209626567e-05,2.171912456105929e-06,4.6913228288758546e-05,4.287481260689674e-06,1.2865997405242524e-06,5.216960289544659e-06
1038,60,0.00016730124480091035,1.0534227840253152e-05,2.25116241381329e-06,4.671141505241394e-05,4.323816938267555e-06,1.2816162779927254e-06,5.175010755920084e-06
1039,60,0.00016711866192054003,1.0494723937881645e-05,2.210356569776195e-06,4.6714536438230425e-05,4.339075076131849e-06,1.2764645589413703e-06,5.154363861947786e-06
1040,60,0.00016694801161065698,1.0598185326671228e-05,2.122761316059041e-06,4.6919434680603445e-05,4.2783672142832074e-06,1.2763565564455348e-06,5.1760389396804385e-06
1041,60,0.000166782847372815,1.0567921890469734e-05,2.163163571822224e-06,4.703583545051515e-05,4.23581604991341e-06,1.2727355169772636e-06,5.193041033635382e-06
1042,60,0.00016659432731103152,1.0505010322958697e-05,2.209733793279156e-06,4.720967262983322e-05,4.222129973641131e-06,1.2657802699322929e-06,5.17908165420522e-06
1043,60,0.0001663672155700624,1.0478375770617276e-05,2.196213927163626e-06,4.781059396918863e-05,4.201407136861235e-06,1.2619917697520577e-06,5.124805284140166e-06
1044,60,0.00016623458941467106,1.0492413821339142e-05,2.1486789592017885e-06,4.760981391882524e-05,4.191697826172458e-06,1.2641202147278818e-06,5.142550890013808e-06
1045,60,0.00016610341845080256,1.0549213584454264e-05,2.1639095848513534e-06,4.789813101524487e-05,4.173116394667886e-06,1.2519228675955674e-06,5.124175913806539e-06
1046,60,0.000165955803822726,1.0535404726397246e-05,2.1846749405085575e-06,4.78207366541028e-05,4.157663624937413e-06,1.2569968248499208e-06,5.126838459545979e-06
1047,60,0.00016583595424890518,1.04332957562292e-05,2.139386424460099e-06,4.801030445378274e-05,4.128228283661883e-06,1.2630870287466678e-06,5.133981176186353e-06
1048,60,0.00016576179768890142,1.0563327123236377e-05,2.194065473304363e-06,4.754620749736205e-05,4.164719484833768e-06,1.2577356756082736e-06,5.123364189785207e-06
1049,60,0.00016559360665269196,1.0560887858446222e-05,2.1884961824980564e-06,4.705306491814554e-05,4.127387910557445e-06,1.258253746527771e-06,5.193473498366075e-06
1050,60,0.0001654760999372229,1.0343175745219924e-05,2.1718963125749724e-06,4.713533417088911e-05,4.11779728892725e-06,1.2803852769138757e-06,5.184387191548012e-06
1051,70,0.00926628801971674,2.2793548851041123e-05,6.0661481256829575e-05,0.00013639820099342614,0.0007929852581582963,1.1408888894948177e-05,0.00010024932271335274
1052,70,0.020432695746421814,1.0957051927107386e-05,0.0003073363332077861,0.004159868694841862,0.0006367139285430312,6.127791493781842e-06,0.0009526116773486137
1053,70,0.023208079859614372,1.2624213923118077e-05,0.0007219492108561099,0.0047874148003757,0.000599971623159945,4.43605676991865e-06,0.0011642014142125845
1054,70,0.008545737713575363,1.3919817320129368e-05,0.0008394256583414972,0.0015883911401033401,0.0003314809291623533,4.530596015683841e-06,0.0002743885270319879
1055,70,0.02169579640030861,1.7805381503421813e-05,0.0010735770920291543,0.003851203713566065,0.00044647554750554264,1.5275336409104057e-05,0.00121357012540102
1056,70,0.03198590874671936,3.5640623536892235e-05,0.002603355562314391,0.003845738247036934,0.0006952252006158233,3.0018507459317334e-05,0.0018248738488182425
1057,70,0.018070023506879807,5.283440259518102e-05,0.00296408636495471,0.0006925991037860513,0.00047526127309538424,2.725638660194818e-05,0.0009335327777080238
1058,70,0.01961485669016838,7.389210077235475e-05,0.0022947180550545454,0.003719154978170991,0.0005420069792307913,2.2196649297256954e-05,0.0007885054219514132
1059,70,0.02511553093791008,7.509650458814576e-05,0.0028199406806379557,0.005400830414146185,0.0006610530545003712,4.0768765757093206e-05,0.0009801445994526148
1060,70,0.014326543547213078,5.934132786933333e-05,0.0023568938486278057,0.0025596385821700096,0.0004495999019127339,4.505640754359774e-05,0.00044041062938049436
1061,70,0.01649082824587822,6.193472654558718e-05,0.0009299820521846414,0.003275361843407154,0.0004767254285980016,3.294555426691659e-05,0.0007126840064302087
1062,70,0.01740862801671028,8.062667620833963e-05,0.0013960838550701737,0.003099592635408044,0.0004553327162284404,4.26891929237172e-05,0.0007852105773054063
1063,70,0.007227672729641199,6.839952402515337e-05,0.0013977597700431943,0.00033520322176627815,0.00022331741638481617,3.176158497808501e-05,0.00028755198582075536
1064,70,0.012877765111625195,5.42513735126704e-05,0.00044181497651152313,0.002592424163594842,0.00038256222615018487,9.539632628730033e-06,0.0005868255975656211
1065,70,0.012870311737060547,8.250500832218677e-05,0.0015393896028399467,0.0027179971802979708,0.0003437213599681854,3.811032365774736e-05,0.0004712103109341115
1066,70,0.006003060378134251,4.349895243649371e-05,0.0009912927635014057,0.00044399473699741066,0.00012486647756304592,1.5341145626734942e-05,0.00031221978133544326
1067,70,0.008686790242791176,2.9654649551957846e-05,0.0003316330548841506,0.0015183724462985992,0.00015441632422152907,3.380254565854557e-05,0.0004924942040815949
1068,70,0.006159958429634571,7.195022772066295e-05,0.0007130949525162578,0.0007980982190929353,0.0001670974015723914,7.629187894053757e-05,0.00021429217304103076
1069,70,0.007856464944779873,4.815765350940637e-05,0.00023494810739066452,0.0006723994738422334,0.00032629785710014403,1.21018993013422e-05,0.00035169621696695685
1070,70,0.007285159081220627,4.645629087463021e-05,0.0003163966757711023,0.0009821042185649276,0.00025096014724113047,4.4083630200475454e-05,0.0002989764034282416
1071,70,0.003989397548139095,7.609424756083172e-06,0.00028272351482883096,0.0004909251001663506,7.32352418708615e-05,2.4368106096517295e-05,0.00022321060532703996
1072,70,0.004518873058259487,4.545386400423013e-05,0.0002303245128132403,0.0008243952179327607,0.00012742250692099333,3.350220140418969e-05,0.00018094523693434894
1073,70,0.0042439973913133144,3.192528311046772e-05,0.000478004920296371,0.00115641625598073,0.0001252558722626418,2.500415939721279e-05,0.00010750508226919919
1074,70,0.002501214388757944,2.3509890525019728e-05,0.00011681867181323469,0.00027785400743596256,0.00010283727169735357,2.9799173717037775e-05,7.566674321424216e-05
1075,70,0.00457746209576726,2.4010993001866154e-05,0.000493028259370476,0.0009681949159130454,7.941505464259535e-05,3.165093221468851e-05,0.00019815683481283486
1076,70,0.0027522044256329536,1.8524133338360116e-05,0.0002774548775050789,0.0004341274907346815,6.981486512813717e-05,1.8789547539199702e-05,0.00011360537610016763
1077,70,0.005790668539702892,1.5220234672597144e-05,0.0003987032105214894,0.00139562226831913,0.0001507487177150324,1.7623669918975793e-05,0.00022973990417085588
1078,70,0.005512196570634842,1.5335135685745627e-05,0.0005269305547699332,0.0013512697769328952,0.0001454511220799759,1.777385114110075e-05,0.0001986411225516349
1079,70,0.003976126201450825,1.2829954357584938e-05,0.00020039510854985565,0.0007764978799968958,9.137994493357837e-05,1.6371737729059532e-05,0.00019088867702521384
1080,70,0.0040860604494810104,9.389319529873319e-06,0.00021320924861356616,0.0006303623085841537,0.00010915404709521681,2.0214498363202438e-05,0.0001939414069056511
1081,70,0.0032507488504052162,1.0825418030435685e-05,0.00013455115549732,0.0005701432237401605,7.814611308276653e-05,1.5860756320762448e-05,0.00015951604291331023
1082,70,0.0027865972369909286,2.6352994609624147e-05,0.00011156615801155567,0.0002133431116817519,9.423371375305578e-05,2.480141665728297e-05,0.00012449835776351392
1083,70,0.003775704186409712,2.194690750911832e-05,0.0001480431528761983,0.0007835697615519166,9.582761413184926e-05,1.5207663636829238e-05,0.0001711791701382026
1084,70,0.0021449553314596415,2.2222075131139718e-05,5.7955119700636715e-05,0.00018649252888280898,6.490444502560422e-05,1.5463363524759188e-05,0.00010746074985945597
1085,70,0.005181383341550827,3.067994475713931e-05,0.00041618614341132343,0.000790243677329272,0.00013762780872639269,1.560345117468387e-05,0.0002411961177131161
1086,70,0.004192009102553129,7.421222107950598e-06,0.0001617952948436141,0.0004429425753187388,0.00012173728464404121,1.2654344573093113e-05,0.0002235933643532917
1087,70,0.0034786080941557884,3.808362453128211e-05,0.00039940860006026924,0.0006868203636258841,0.0001013483852148056,2.404050246695988e-05,0.0001100406443583779
1088,70,0.0035217255353927612,2.0448051145649515e-05,0.00026641509612090886,0.0006169384578242898,0.00010851324623217806,7.502782409574138e-06,0.00014577637193724513
1089,70,0.003016219474375248,1.9876119040418416e-05,0.00021893874509260058,0.0005456747021526098,6.441212462959811e-05,2.072191819024738e-05,0.00013803894398733974
1090,70,0.0023958191741257906,1.8911312508862466e-05,0.0001739131403155625,0.0002655501593835652,7.608348823850974e-05,7.394359272439033e-06,0.00011026660649804398
1091,70,0.003932793624699116,1.4026538337930106e-05,0.00023530017642769963,0.0007592020556330681,8.880515088094398e-05,2.122833757312037e-05,0.0001823929778765887
1092,70,0.003226457629352808,1.8723399989539757e-05,7.904032827354968e-05,0.00041551244794391096,0.00010045019735116512,1.8098888176609762e-05,0.00015276906196959317
1093,70,0.0028552778530865908,6.8834742705803365e-06,0.00010891922283917665,0.0005616007256321609,5.2329854952404276e-05,9.176621460937895e-06,0.0001562809629831463
1094,70,0.00241617439314723,9.087161743082106e-06,7.286008622031659e-05,0.00021826593729201704,6.367215974023566e-05,1.458415590605e-05,0.00013333979586604983
1095,70,0.003140578046441078,1.1576675206015352e-05,3.794495205511339e-05,0.000758487090934068,7.620207907166332e-05,9.540724931866862e-06,0.00014751413254998624
1096,70,0.0023160534910857677,1.379045261273859e-05,7.801182073308155e-05,0.00021482346346601844,6.903788016643375e-05,2.0017381757497787e-05,0.00011188751523150131
1097,70,0.0034923749044537544,1.856858580140397e-05,8.147665357682854e-05,0.0007103734533302486,8.370782597921789e-05,7.319691121665528e-06,0.00017716809816192836
1098,70,0.002657848410308361,1.9709494154085405e-05,4.695603274740279e-05,0.00020179014245513827,7.556486525572836e-05,2.3865533876232803e-05,0.00013950887660030276
1099,70,0.0031023328192532063,1.0597871550999116e-05,0.00012946498463861644,0.000836901250295341,6.492969987448305e-05,4.0591357901575975e-06,0.00014354802260641009
1100,70,0.0023988676257431507,2.2941694624023512e-05,3.690869561978616e-05,0.0002159974683308974,7.310786168090999e-05,2.7004814910469577e-05,0.00011218930740142241
1101,70,0.0030574072152376175,5.9673734540410805e-06,9.608752588974312e-05,0.0006241108058020473,7.120711961761117e-05,3.4350332498434e-06,0.0001584819983690977
1102,70,0.002258895430713892,1.735807745717466e-05,3.347756864968687e-05,0.00010269074118696153,7.584611012134701e-05,2.0394903913256712e-05,0.00011429588630562648
1103,70,0.003385766874998808,1.269650056201499e-05,8.877430082065985e-05,0.0008144152816385031,7.832779374439269e-05,4.31951548307552e-06,0.00016434077406302094
1104,70,0.002639730693772435,1.58478560479125e-05,3.5606386518338695e-05,0.00020254401897545904,9.118257730733603e-05,1.4072329577174969e-05,0.00013331833179108799
1105,70,0.0028986362740397453,7.21883816368063e-06,0.00012055738625349477,0.0006395414238795638,6.632714212173596e-05,5.64926813240163e-06,0.00014115546946413815
1106,70,0.002300475724041462,7.525902219640557e-06,4.045683454023674e-05,0.00010167667642235756,8.335556776728481e-05,9.488791874900926e-06,0.00012223726662341505
1107,70,0.0030402657575905323,1.5165257536864374e-05,0.00013021612539887428,0.0008290995610877872,6.017525083734654e-05,5.182585937291151e-06,0.000141220647492446
1108,70,0.002266936469823122,1.4194330105965491e-05,4.390602043713443e-05,0.00013435661094263196,7.932095468277112e-05,8.940959560277406e-06,0.00011918602103833109
1109,70,0.0031900969333946705,8.124644409690518e-06,0.00010380629828432575,0.0007754477555863559,7.106830889824778e-05,5.190421234146925e-06,0.00015401309065055102
1110,70,0.0025224192067980766,9.881891855911817e-06,5.517217141459696e-05,0.0001382103655487299,8.525759039912373e-05,9.556634722684976e-06,0.00013710126222576946
1111,70,0.002820681082084775,1.1713640560628846e-05,6.462800229201093e-05,0.0008196972194127738,5.440149107016623e-05,4.005752543889685e-06,0.00013405697245616466
1112,70,0.00231935759074986,1.8061251466860995e-05,5.886224971618503e-05,0.0001505226391600445,7.849776011426002e-05,9.517789294477552e-06,0.00012117558799218386
1113,70,0.0028731063939630985,6.72711166771478e-06,4.9039997975341976e-05,0.0006598829058930278,6.597425817744806e-05,5.117194177728379e-06,0.0001446541864424944
1114,70,0.002259310567751527,8.75808018463431e-06,4.687490582000464e-05,9.405674791196361e-05,8.19222186692059e-05,9.540594874124508e-06,0.00011949927284149453
1115,70,0.002982348669320345,1.1034636372642126e-05,3.786364322877489e-05,0.000750649138353765,6.030551958247088e-05,6.438840955524938e-06,0.00015153577260207385
1116,70,0.002466638805344701,1.4821150216448586e-05,2.900652907555923e-05,0.00012921268353238702,8.735784649616107e-05,1.04631517388043e-05,0.00013153885083738714
1117,70,0.0026133821811527014,7.533017196692526e-06,3.0093631721683778e-05,0.0006170304259285331,5.841323945787735e-05,6.849618330306839e-06,0.000130609652842395
1118,70,0.0021473767701536417,7.4815961852436885e-06,1.6698442777851596e-05,6.549362296937034e-05,8.209775114664808e-05,9.941598364093807e-06,0.00011373095912858844
1119,70,0.0028259321115911007,1.4051987818675116e-05,2.3256799977389164e-05,0.000715509639121592,5.792462980025448e-05,1.0023008144344203e-05,0.00013936373579781502
1120,70,0.0022678859531879425,1.3850370123691391e-05,1.9940636775572784e-05,9.063645120477304e-05,8.214153785957024e-05,1.2209095984871965e-05,0.00011999523121630773
1121,70,0.002749936655163765,1.0437509445182513e-05,2.687351661734283e-05,0.0005858405493199825,6.67066196911037e-05,1.1418545909691602e-05,0.00013455335283651948
1122,70,0.0023302952758967876,1.0411944458610378e-05,2.3783306460245512e-05,6.502882752101868e-05,8.963577420217916e-05,1.4371375073096715e-05,0.00011909995373571292
1123,70,0.0025230632163584232,1.553199217596557e-05,3.934909182135016e-05,0.0005928018945269287,5.2842413424514234e-05,1.1705964425345883e-05,0.00012298962974455208
1124,70,0.002101179677993059,1.506526314187795e-05,2.077976932923775e-05,6.30246358923614e-05,7.695826207054779e-05,1.551126297272276e-05,0.00010776147246360779
1125,70,0.0026989709585905075,1.0983359061356168e-05,3.995862425654195e-05,0.00046541160554625094,6.76961790304631e-05,1.4299074791779276e-05,0.0001362664916086942
1126,70,0.0022484357468783855,1.154256551672006e-05,2.0818195480387658e-05,5.4077412642072886e-05,8.432931645074859e-05,1.7765292795957066e-05,0.0001141051689046435
1127,70,0.0025492350105196238,1.8077591448673047e-05,3.415025275899097e-05,0.0004700753197539598,6.063929686206393e-05,1.5616198652423918e-05,0.00012643769150599837
1128,70,0.0022297105751931667,1.7874965124065056e-05,2.729007428570185e-05,5.507582318386994e-05,8.163136953953654e-05,1.954460094566457e-05,0.00011177099077031016
1129,70,0.0024310648441314697,1.1875765267177485e-05,2.7196092560188845e-05,0.0003473347460385412,6.62091260892339e-05,1.68848146131495e-05,0.00012137189332861453
1130,70,0.0020653302781283855,1.1193689715582877e-05,2.48970536631532e-05,4.4961925595998764e-05,7.83338473411277e-05,2.029622919508256e-05,9.979769674828276e-05
1131,70,0.002636187244206667,2.21638420043746e-05,1.7929458408616483e-05,0.0003562619967851788,7.452619320247322e-05,2.0563593352562748e-05,0.00012889339996036142
1132,70,0.0022957359906286,2.0541318008326925e-05,2.6849264031625353e-05,4.812926272279583e-05,8.871652244124562e-05,2.3804759621270932e-05,0.00010750034562079236
1133,70,0.0023634061217308044,1.356545453745639e-05,1.4968495634093415e-05,0.00023834704188629985,7.11439352016896e-05,1.9875764337484725e-05,0.00011863282270496711
1134,70,0.0021009384654462337,1.3395016139838845e-05,2.7489451895235106e-05,4.2117164412047714e-05,8.29252167022787e-05,2.346315886825323e-05,9.540531027596444e-05
1135,70,0.002491044346243143,2.1986756109981798e-05,1.644326766836457e-05,0.00024067508638836443,7.570414891233668e-05,2.265201874251943e-05,0.00012283773685339838
1136,70,0.0021663710940629244,2.116596806445159e-05,3.0174935091054067e-05,5.3411946282722056e-05,8.498245006194338e-05,2.5037968953256495e-05,9.614140435587615e-05
1137,70,0.00247318297624588,1.4737581295776181e-05,2.040502477029804e-05,0.00014318049943540245,8.092524512903765e-05,2.390178087807726e-05,0.00012465898180380464
1138,70,0.0022160557564347982,1.4637449567089789e-05,3.2148374884855e-05,4.695195093518123e-05,8.708928362466395e-05,2.5947076210286468e-05,9.919543663272634e-05
1139,70,0.0023548458702862263,2.102901999023743e-05,2.044128814304713e-05,0.00014747565728612244,7.717560220044106e-05,2.3949378373799846e-05,0.00011546500900294632
1140,70,0.002082118531689048,1.9559522115741856e-05,3.260581797803752e-05,6.000096254865639e-05,8.150145004037768e-05,2.4702925657038577e-05,9.079085430130363e-05
1141,70,0.002506900578737259,1.5787449228810146e-05,2.4781433239695616e-05,8.34054735605605e-05,8.694041753187776e-05,2.730298183450941e-05,0.0001240492274519056
1142,70,0.0022117868065834045,1.3857422345608938e-05,3.88172957173083e-05,5.1837752835126594e-05,8.556905959267169e-05,2.63170604739571e-05,9.884133760351688e-05
1143,70,0.002368977526202798,2.2705607989337295e-05,2.455678077240009e-05,8.740303019294515e-05,8.395379700232297e-05,2.674810639291536e-05,0.00011272931442363188
1144,70,0.0021085136104375124,1.9363298633834347e-05,4.334665209171362e-05,6.038121864548884e-05,8.260568574769422e-05,2.4827000743243843e-05,9.110957034863532e-05
1145,70,0.002426759572699666,1.6488562323502265e-05,2.4274049792438745e-05,5.1390990847721696e-05,8.775376772973686e-05,2.8925527658429928e-05,0.00011678130977088585
1146,70,0.0021097564604133368,1.3316154763742816e-05,4.081883525941521e-05,5.179089566809125e-05,8.097738464130089e-05,2.5137576812994666e-05,9.42680926527828e-05
1147,70,0.002446911297738552,2.414409573248122e-05,2.670210596988909e-05,5.377165871323086e-05,9.191031858790666e-05,2.9593869840027764e-05,0.00011272514529991895
1148,70,0.0021500498987734318,1.9958439224865288e-05,3.8983620470389724e-05,5.4296961025102064e-05,8.482014527544379e-05,2.5296894818893634e-05,9.356404916616157e-05
1149,70,0.0023332620039582253,1.6099120330181904e-05,3.0228233299567364e-05,4.0330200135940686e-05,8.694039570400491e-05,2.8957307222299278e-05,0.00010876274609472603
1150,70,0.001989601645618677,1.243594306288287e-05,3.742944318219088e-05,5.026935104979202e-05,7.699923298787326e-05,2.3099844838725403e-05,8.884761336958036e-05
1151,70,0.00013909515109844506,3.5964192193205236e-06,6.663763997494243e-06,3.9759139326633886e-05,3.208661382814171e-06,4.087341665126587e-07,5.2901864364685025e-06
1152,70,0.0001361345057375729,3.4080198929586913e-06,6.0451930039562285e-06,3.8402049540309235e-05,3.133297013846459e-06,4.039281691348151e-07,5.290698481985601e-06
1153,70,0.00013295579992700368,3.5565592497732723e-06,5.60926491743885e-06,3.526421278365888e-05,3.0805854294158053e-06,3.814631099885446e-07,5.3905278036836535e-06
1154,70,0.00013088231207802892,3.7674315080948872e-06,5.296275048749521e-06,3.4234988561365753e-05,3.115875415460323e-06,4.0521962318962323e-07,5.237266123003792e-06
1155,70,0.00012802229321096092,3.853215730487136e-06,5.0041744543705136e-06,3.300099342595786e-05,2.9694801924051717e-06,3.868189821787382e-07,5.260092166281538e-06
1156,70,0.00012591562699526548,3.9805677261028904e-06,4.856934538111091e-06,3.189464405295439e-05,2.916096491389908e-06,4.0373518572778266e-07,5.198517555982107e-06
1157,70,0.00012427280307747424,3.979534994869027e-06,4.49352182840812e-06,3.10618088406045e-05,2.9802881726936903e-06,3.8775942812208086e-07,5.105746367917163e-06
1158,70,0.0001228111796081066,4.057098976772977e-06,3.972926151618594e-06,3.071055471082218e-05,2.959821358672343e-06,3.757664046588616e-07,5.071472969575552e-06
1159,70,0.00012188663095002994,4.3296549847582355e-06,3.549741904862458e-06,2.933783980552107e-05,2.981999386975076e-06,3.6403724834599416e-07,5.120902642374858e-06
1160,70,0.00012089519441360608,4.302490651753033e-06,3.311594582555699e-06,2.8301083148107864e-05,2.870119715225883e-06,3.6446510875975946e-07,5.263417733658571e-06
1161,70,0.00011971001367783174,4.2536057662800886e-06,3.0973726552474545e-06,2.827503158187028e-05,2.9426357741613174e-06,3.701161119806784e-07,5.095648702990729e-06
1162,70,0.00011810281284851953,3.960713911510538e-06,3.048637836400303e-06,2.9635941245942377e-05,2.932945790234953e-06,3.870015063967003e-07,4.825804353458807e-06
1163,70,0.00011640079173957929,4.0051440919341985e-06,3.0634005270258058e-06,2.8914584618178196e-05,2.8133299565524794e-06,3.7824418086529477e-07,4.850191999139497e-06
1164,70,0.00011446965800132602,4.043617991555948e-06,2.9204074962763116e-06,3.0195664294296876e-05,2.793028670566855e-06,3.862907931306836e-07,4.5516776481235866e-06
1165,70,0.00011325261584715918,3.7984295886417385e-06,2.98350960292737e-06,2.9857577828806825e-05,2.722120598264155e-06,4.148451466789993e-07,4.524344149103854e-06
1166,70,0.00011208696378162131,3.9001606637611985e-06,3.051113026231178e-06,2.9532371627283283e-05,2.775580924208043e-06,3.753452233468124e-07,4.4094049371778965e-06
1167,70,0.0001114033002522774,4.026213900942821e-06,2.926987235696288e-06,2.9699716833420098e-05,2.735321459113038e-06,3.684989167140884e-07,4.3712179831345566e-06
1168,70,0.00011070090840803459,4.042771251988597e-06,2.896461865020683e-06,2.857772597053554e-05,2.7096039048046805e-06,3.764253619920055e-07,4.432365585671505e-06
1169,70,0.0001098925931728445,4.041321972181322e-06,2.7200699150853325e-06,2.9112256015650928e-05,2.6163206712226383e-06,3.759581375106791e-07,4.409615939948708e-06
1170,70,0.0001089199649868533,4.302406068745768e-06,2.6050950054923305e-06,2.925830085587222e-05,2.6304467155569e-06,3.5507437701198796e-07,4.289895969122881e-06
1171,70,0.00010814276902237907,4.116548552701715e-06,2.661722646735143e-06,2.9927616196800955e-05,2.614337745399098e-06,3.4971262152794225e-07,4.179637471679598e-06
1172,70,0.00010726340406108648,4.160441221756628e-06,2.3631200747331604e-06,2.9717306460952386e-05,2.637762918311637e-06,3.526486977989407e-07,4.11184146287269e-06
1173,70,0.00010661454871296883,4.134645223530242e-06,2.388449729551212e-06,2.9713670301134698e-05,2.623378804855747e-06,3.462193376435607e-07,4.0681798054720275e-06
1174,70,0.00010600687528494745,4.0332852222491056e-06,2.370462880207924e-06,2.983741433126852e-05,2.5704300696816063e-06,3.520367499731947e-07,4.054104010720039e-06
1175,70,0.00010555506742093712,3.995820861746324e-06,2.346436986044864e-06,2.995828617713414e-05,2.616582605696749e-06,3.6324527741271595e-07,3.945624030166073e-06
1176,70,0.00010488714906387031,3.985839612141717e-06,2.3373806925519602e-06,2.9068009098409675e-05,2.643814696057234e-06,3.6243238810129697e-07,3.94334483644343e-06
1177,70,0.00010438641766086221,4.069214355695294e-06,2.1823761926498264e-06,2.983635749842506e-05,2.66632787315757e-06,3.564963435565005e-07,3.807022494584089e-06
1178,70,0.0001037964248098433,3.980704150308156e-06,2.1405398911156226e-06,3.0213705031201243e-05,2.6005341169366147e-06,3.630005949162296e-07,3.782612793656881e-06
1179,70,0.00010317552369087934,4.045911737193819e-06,2.036552814388415e-06,2.9367758543230593e-05,2.553987087594578e-06,3.5883451232621155e-07,3.859708158415742e-06
1180,70,0.00010270978964399546,4.189015271549579e-06,1.965333467524033e-06,2.8794640456908382e-05,2.6582310965750366e-06,3.463588598151546e-07,3.7714899008278735e-06
1181,70,0.0001021719872369431,4.125940904486924e-06,1.8341853547099163e-06,2.7864174626301974e-05,2.6702159630076494e-06,3.4575631957523e-07,3.818796358245891e-06
1182,70,0.00010167587606702,4.183857981843175e-06,1.8766920675261645e-06,2.7075057005276904e-05,2.6437801352585666e-06,3.38806273703085e-07,3.871440640068613e-06
1183,70,0.00010143447434529662,4.251386599207763e-06,1.8439932318869978e-06,2.6963101845467463e-05,2.6566372071101796e-06,3.413059914691985e-07,3.839656073978404e-06
1184,70,0.00010117774218088016,4.314235866331728e-06,1.8249231743538985e-06,2.680182115000207e-05,2.6216794140054844e-06,3.37524994620253e-07,3.864471182168927e-06
1185,70,0.00010084104724228382,4.5034134927846026e-06,1.805638817131694e-06,2.7336554921930656e-05,2.639012109284522e-06,3.2764907587079506e-07,3.752882548724301e-06
1186,70,0.00010053112782770768,4.688879016612191e-06,1.848784677349613e-06,2.7869135010405444e-05,2.5917695438693045e-06,3.2020039952840307e-07,3.7004624573455658e-06
1187,70,0.00010025419760495424,4.817378339794232e-06,1.8018744185610558e-06,2.7434454750618897e-05,2.532041435188148e-06,3.17997205456777e-07,3.770010152948089e-06
1188,70,9.988780220737681e-05,5.036582479078788e-06,1.7853582221505349e-06,2.7481995857669972e-05,2.557612333475845e-06,3.104263157638343e-07,3.6903481941408245e-06
1189,70,9.955008135875687e-05,4.829795670957537e-06,1.734884222059918e-06,2.715198752412107e-05,2.511435013730079e-06,3.17737686827968e-07,3.754168574232608e-06
1190,70,9.928204235620797e-05,4.975246611138573e-06,1.7136997030320344e-06,2.7398627935326658e-05,2.4908413251978345e-06,3.1474235129280714e-07,3.7138624975341372e-06
1191,70,9.909602522384375e-05,4.894391167908907e-06,1.6603498806944117e-06,2.7849626349052414e-05,2.4718565327930264e-06,3.107495842868957e-07,3.6865592392132385e-06
1192,70,9.892341040540487e-05,4.698032626038184e-06,1.5939971262923791e-06,2.7847328965435736e-05,2.4700632366148056e-06,3.230566960610304e-07,3.6852850371360546e-06
1193,70,9.872937516774982e-05,4.650362370739458e-06,1.5743590893180226e-06,2.7625952498055995e-05,2.540128662076313e-06,3.267255408445635e-07,3.621016276156297e-06
1194,70,9.853526717051864e-05,4.478750724956626e-06,1.576781869516708e-06,2.7805946956505068e-05,2.5043559617188293e-06,3.2367120184062514e-07,3.639351689344039e-06
1195,70,9.837486140895635e-05,4.4153130147606134e-06,1.6016448398659122e-06,2.7990341550321318e-05,2.512221044526086e-06,3.233193126561673e-07,3.6012156670039985e-06
1196,70,9.819566912483424e-05,4.435767550603487e-06,1.6122302213261719e-06,2.8224259949638508e-05,2.463209966663271e-06,3.324108774904744e-07,3.5967209441878367e-06
1197,70,9.804435103433207e-05,4.42703822045587e-06,1.6298151876981137e-06,2.8024986022501253e-05,2.4411408503510756e-06,3.3421531497879187e-07,3.6208948586136103e-06
1198,70,9.79241231107153e-05,4.391258244140772e-06,1.659450504121196e-06,2.8202726753079332e-05,2.472366759320721e-06,3.325131672227144e-07,3.5621887946035713e-06
1199,70,9.773179044714198e-05,4.369424914330011e-06,1.6285742958643823e-06,2.8353326342767105e-05,2.467104422976263e-06,3.3347532735206187e-07,3.537466682246304e-06
1200,70,9.752043843036518e-05,4.374668606033083e-06,1.5758314475533552e-06,2.774400491034612e-05,2.469238097546622e-06,3.340123839734588e-07,3.579342546800035e-06
1201,80,0.005129490979015827,5.713788596040104e-06,2.5279709007008933e-05,4.670204725698568e-05,0.0003220031503587961,4.235793312545866e-06,0.0001789406087482348
1202,80,0.006463758181780577,4.317911952966824e-05,0.0005345419049263,0.00035020115319639444,0.0002098681579809636,9.977045556297526e-05,0.00024394498905166984
1203,80,0.0027842579875141382,1.1820007784990594e-05,0.00026361338677816093,0.0003180933417752385,9.171159763354808e-05,6.959141046536388e-06,0.00012040238652843982
1204,80,0.004975068848580122,5.554679228225723e-05,0.0004965584957972169,0.000506291282363236,0.00017384570674039423,9.51581823755987e-05,0.00012266334670130163
1205,80,0.0022486280649900436,1.0424673746456392e-05,0.0006323655834421515,0.00024121625756379217,5.070446422905661e-05,1.53546661749715e-05,7.040300988592207e-05
1206,80,0.0044849026016891,4.271462239557877e-05,0.00037957096355967224,0.000606435933150351,0.00012201891513541341,0.00010708419722504914,0.0001165149878943339
1207,80,0.0027649151161313057,4.4309090299066156e-05,0.0003268095897510648,0.00021220945927780122,7.935163739603013e-05,1.6572153981542215e-05,0.00012223489466123283
1208,80,0.003983768634498119,6.830466008977965e-05,0.00041384287760592997,0.00046005830517970026,9.936379501596093e-05,0.00010535123874433339,9.94412403088063e-05
1209,80,0.0026324146892875433,3.5727585782296956e-05,0.0001277338742511347,0.0006298254593275487,7.869431283324957e-05,2.3543341740150936e-05,8.167511987267062e-05
1210,80,0.0024645961821079254,3.7762350984849036e-05,0.00017061634571291506,0.00022909707331564277,9.759492240846157e-05,4.874659498455003e-05,5.637054709950462e-05
1211,80,0.0022907755337655544,5.2108509407844394e-05,0.0004719408170785755,0.00022187575814314187,5.733552825404331e-05,4.793378684553318e-05,4.921573054161854e-05
1212,80,0.00200252840295434,3.424242459004745e-05,0.0003440286673139781,0.0005104211741127074,3.0246541427914053e-05,4.36959344369825e-05,3.744113928405568e-05
1213,80,0.0029795251321047544,3.917243520845659e-05,0.00036468057078309357,0.00016302060976158828,9.915515693137422e-05,6.969383684918284e-05,7.241617277031764e-05
1214,80,0.0016582140233367682,1.5218132830341347e-05,0.0004309914947953075,0.00013078264601062983,3.821737118414603e-05,2.4503649910911918e-05,4.540115696727298e-05
1215,80,0.0026369215920567513,8.093557698884979e-05,0.0005174241377972066,0.00022735180391464382,9.198308544000611e-05,5.639429946313612e-05,3.274361733929254e-05
1216,80,0.0011254717828705907,8.629764124634676e-06,0.0002140064025297761,0.00014322793867904693,2.765100907708984e-05,6.567627224285388e-06,4.1742132452782243e-05
1217,80,0.0015827331226319075,2.821613452397287e-05,7.930589345050976e-05,0.00023342401254922152,5.660239185090177e-05,3.626586840255186e-05,3.1310431950259954e-05
1218,80,0.0011542649008333683,2.9321214242372662e-05,0.00018078958964906633,8.792810695013031e-05,3.9762428059475496e-05,1.8540082237450406e-05,2.7320098524796776e-05
1219,80,0.0012181433849036694,2.3644626708119176e-05,0.00010200311953667551,0.00010603959526633844,4.774771150550805e-05,1.2387185051920824e-05,3.851071960525587e-05
1220,80,0.0010233339853584766,8.291248377645388e-06,5.5280055676121265e-05,0.00019977963529527187,2.594291618152056e-05,2.3235261323861778e-05,2.6820123821380548e-05
1221,80,0.0010529852006584406,8.167497071553953e-06,0.00014460676175076514,0.00016675314691383392,2.6164274459006265e-05,5.804444754176075e-06,4.1377054003532976e-05
1222,80,0.0012585840886458755,1.3188837328925729e-05,0.0004806788929272443,0.00012736451753880829,2.484535434632562e-05,1.4267556252889335e-05,2.462226984789595e-05
1223,80,0.0012606314849108458,5.421823971119011e-06,0.0006213795859366655,0.00015651778085157275,2.0947549273842014e-05,6.812685114709893e-06,1.997100844164379e-05
1224,80,0.0017775556771084666,8.692481060279533e-06,0.0004919061902910471,0.00012658438936341554,3.881292650476098e-05,5.463427442009561e-06,7.076091424096376e-05
1225,80,0.002181423595175147,9.289734407502692e-06,0.0007001237827353179,0.00024461481370963156,3.911405656253919e-05,6.856373602204258e-06,7.676909444853663e-05
1226,80,0.0008602810557931662,1.009041898214491e-05,0.0002786950208246708,0.00010751063382485881,1.7259546439163387e-05,7.818150152161252e-06,2.1320802261470817e-05
1227,80,0.0006301756948232651,4.795034783455776e-06,8.103525033220649e-05,9.237178892362863e-05,2.1080018996144645e-05,6.765328180335928e-06,1.7352016584482044e-05
1228,80,0.0006608068943023682,5.791030616819626e-06,0.00020918426162097603,0.00013557972852140665,1.2331294783507474e-05,1.8167872894991888e-06,1.687710391706787e-05
1229,80,0.0012981260661035776,1.7495234715170227e-05,0.00046703199041076005,0.0001035980021697469,2.2050808183848858e-05,9.65936305874493e-06,3.9289901906158775e-05
1230,80,0.0022865186911076307,3.87562522519147e-06,0.0009684996912255883,2.9625787647091784e-05,4.7896952310111374e-05,8.841187081998214e-06,7.17136135790497e-05
1231,80,0.0008275923901237547,4.148394964431645e-06,0.0002333379234187305,6.229498831089586e-05,1.9909555703634396e-05,3.4932911603391403e-06,2.937825775006786e-05
1232,80,0.0004274863167665899,1.0228857718175277e-05,2.8390430088620633e-05,3.078942245338112e-05,1.0432408089400269e-05,6.006378498568665e-06,1.9368975699762814e-05
1233,80,0.0008636390557512641,3.2569889754086034e-06,0.00022289861226454377,6.923842738615349e-05,1.9963963495683856e-05,3.7070014968776377e-06,3.315353751531802e-05
1234,80,0.001996445469558239,6.5396238824178e-06,0.0010185394203290343,9.268405119655654e-05,3.144495713058859e-05,1.8092936215907685e-06,5.461398177430965e-05
1235,80,0.001114788930863142,4.677842298406176e-06,0.000477663183119148,7.519323844462633e-05,2.005462556553539e-05,4.903561602986883e-06,3.0767278076382354e-05
1236,80,0.0005588288768194616,5.007746949559078e-06,0.00021576376457232982,2.3899565348983742e-05,8.03365128376754e-06,3.739881321962457e-06,1.9642246115836315e-05
1237,80,0.0003331489278934896,1.3316412150743417e-06,4.5631983084604144e-05,5.569701534113847e-05,8.111370334518142e-06,1.589882344887883e-06,1.334757780568907e-05
1238,80,0.0002307647082488984,1.5827064316908945e-06,3.848338019452058e-05,1.936729131557513e-05,6.316447979770601e-06,2.0095412764931098e-06,8.807144695310853e-06
1239,80,0.0003753419150598347,3.4117663290089695e-06,5.471449549077079e-05,6.081454921513796e-05,7.415643267449923e-06,3.1179563393379794e-06,1.510651327407686e-05
1240,80,0.00044913089368492365,1.5695202364440775e-06,0.00012797213275916874,1.6628677258268e-05,1.0036204912466928e-05,1.1139743492094567e-06,1.914587483042851e-05
1241,80,0.0007416300941258669,4.2785391087818425e-06,0.00028044628561474383,8.169669308699667e-05,1.2206141946080606e-05,2.7309340566716855e-06,2.2583779355045408e-05
1242,80,0.000991504406556487,3.435618509683991e-06,0.0005434507038444281,6.659816426690668e-05,1.3362968275032472e-05,2.494223281246377e-06,2.1944797481410205e-05
1243,80,0.001241263817064464,3.93305936086108e-06,0.000558967178221792,5.1058777899015695e-05,1.689631062617991e-05,3.5055916214332683e-06,4.232858555042185e-05
1244,80,0.0014640518929809332,3.746403990589897e-06,0.0005511110066436231,1.536188028694596e-05,3.108764940407127e-05,3.6015931073052343e-06,5.469401730806567e-05
1245,80,0.0006805059383623302,2.6419590994919417e-06,0.0003483399923425168,2.389371547906194e-05,7.967015335452743e-06,1.1884268360518035e-06,2.1407584426924586e-05
1246,80,0.00028797078994102776,3.702189815157908e-06,9.47630251175724e-05,2.2325324607663788e-05,5.145728209754452e-06,2.4667342586326413e-06,9.105563549383078e-06
1247,80,0.00016420807514805347,2.108919488819083e-06,1.968614560610149e-05,2.4721250156289898e-05,3.713151272677351e-06,8.426895306001825e-07,7.213335265987553e-06
1248,80,0.0003406063769944012,2.4666830995556666e-06,0.00017529906472191215,2.054759352176916e-05,3.843123067781562e-06,1.1250721172473277e-06,9.261108971259091e-06
1249,80,0.0006719017401337624,1.9829165012197336e-06,0.00026721289032138884,4.308238931116648e-05,1.116344537877012e-05,2.78238667306141e-06,2.201652023359202e-05
1250,80,0.0009375385707244277,3.1374108857562533e-06,0.0003926223434973508,3.1838146242080256e-05,1.3958602721686475e-05,1.6139492799993604e-06,3.542151898727752e-05
1251,80,0.0011302686762064695,3.6223159440851305e-06,0.0005456641083583236,1.5238245396176353e-05,2.040421895799227e-05,2.1620162442559376e-06,3.400815694476478e-05
1252,80,0.0010283953743055463,4.998712938686367e-06,0.0004961455124430358,2.3793751097400673e-05,1.4408342394744977e-05,3.3092319426941685e-06,3.2628166081849486e-05
1253,80,0.0007741080480627716,1.318780732617597e-06,0.0003444870235398412,4.496540714171715e-05,1.1738742614397779e-05,1.7807537915359717e-06,2.4814187781885266e-05
1254,80,0.00043501827167347074,3.015934680661303e-06,0.00015535035345237702,3.233188181184232e-05,6.5354943217244e-06,1.6877968391781906e-06,1.6208716260734946e-05
1255,80,0.000178223242983222,1.8143624629374244e-06,5.569736094912514e-05,1.3439984286378603e-05,2.838308319041971e-06,6.951344744265953e-07,7.193710644060047e-06
1256,80,0.00012758586672134697,1.146064050772111e-06,1.065363539964892e-05,2.0841715013375506e-05,1.824120090532233e-06,3.592455186662846e-07,7.311080480576493e-06
1257,80,0.00022462784545496106,2.037421381828608e-06,7.999887748155743e-05,1.809110472095199e-05,3.1965362268238096e-06,6.543737072206568e-07,8.599133252573665e-06
1258,80,0.0003914209664799273,1.4445461147261085e-06,0.00014769250992685556,1.2267622878425755e-05,8.049716598179657e-06,8.365072972082999e-07,1.4115402336756233e-05
1259,80,0.000505358912050724,2.2971712496655528e-06,0.0001935505133587867,1.4207488675310742e-05,6.786667199776275e-06,1.1647257451841142e-06,2.157897688448429e-05
1260,80,0.0004657659155782312,1.834147042245604e-06,0.00019551663717720658,2.3949076421558857e-05,8.064273060881533e-06,1.2971785281479242e-06,1.5085155609995127e-05
1261,80,0.0003553503192961216,2.1217783796600997e-06,0.00016439602768514305,2.6945570425596088e-05,3.931090759579092e-06,6.072828000469599e-07,1.1650320629996713e-05
1262,80,0.00019036911544390023,1.3006987273911363e-06,4.35033580288291e-05,1.672663893259596e-05,3.800321337621426e-06,4.0643340071255807e-07,8.677086952957325e-06
1263,80,0.00011350141721777618,1.547925648992532e-06,6.604505415452877e-06,1.247010277438676e-05,1.6857406990311574e-06,3.1202256423057406e-07,7.290125722647645e-06
1264,80,0.00011620906298048794,1.1885171034009545e-06,1.298050210607471e-05,1.228530800290173e-05,1.84274267667206e-06,3.324635429180489e-07,6.800266874051886e-06
1265,80,0.00018959396402351558,8.473667207908875e-07,4.434626316651702e-05,1.1875861673615873e-05,4.345690285845194e-06,3.9597622958353895e-07,8.510781299264636e-06
1266,80,0.00026277091819792986,1.8681266737985425e-06,8.973462536232546e-05,1.2444498679542448e-05,3.2423704396933317e-06,8.615924116384122e-07,1.1768403055611998e-05
1267,80,0.0002818490320350975,1.1886577340192162e-06,0.00011384941171854734,1.687943222350441e-05,4.92976869281847e-06,4.867080747317232e-07,9.576677257427946e-06
1268,80,0.0002437213552184403,1.7541548231747583e-06,7.142667163861915e-05,1.82909716386348e-05,3.2476455089636147e-06,7.686961112085555e-07,1.1208614523638971e-05
1269,80,0.000174476153915748,9.264362574867846e-07,4.531090962700546e-05,1.5247241208271589e-05,3.1682945973443566e-06,3.811812803178327e-07,7.749681572022382e-06
1270,80,0.00011238428123760968,1.3618656566904974e-06,1.5827610695851035e-05,1.219209843839053e-05,1.4095328424446052e-06,4.165923144228145e-07,6.47414572085836e-06
1271,80,9.503302862867713e-05,1.2312635817579576e-06,3.8110399600554956e-06,1.1843590982607566e-05,1.69447571352066e-06,3.4020064276774065e-07,5.7800366448645946e-06
1272,80,0.00011422029638197273,1.0106090257977485e-06,1.84220407390967e-05,1.1614356481004506e-05,2.1022199234721484e-06,2.67568225353898e-07,5.94754101257422e-06
1273,80,0.0001503409876022488,1.3308726920513436e-06,3.6906621971866116e-05,1.1542757420102134e-05,1.8432831438985886e-06,3.6461673857957067e-07,7.848173481761478e-06
1274,80,0.00017638523422647268,9.595131587047945e-07,4.0242113755084574e-05,1.3633104572363663e-05,3.6676888157671783e-06,4.762293315252464e-07,8.011132194951642e-06
1275,80,0.00017293973360210657,1.3882923894925625e-06,4.55510089523159e-05,1.3981916708871722e-05,2.0388570192153566e-06,4.073285992944875e-07,8.755665476201102e-06
1276,80,0.00014950850163586438,9.673792646935908e-07,3.821953941951506e-05,1.4453555195359513e-05,2.757105448836228e-06,3.1415291346093e-07,6.51554410069366e-06
1277,80,0.00011654393892968073,1.1891453368662042e-06,1.6741569197620265e-05,1.1728279787348583e-05,1.5508458091062494e-06,2.950766315734654e-07,6.8425720201048534e-06
1278,80,9.376028901897371e-05,1.0084014547828701e-06,4.333948254497955e-06,1.1354497473803349e-05,1.8680757420952432e-06,2.693861915759044e-07,5.56888244318543e-06
1279,80,9.18548830668442e-05,1.0392974445494474e-06,3.6097728752793046e-06,1.2552081898320466e-05,1.6692429198883474e-06,2.2900225360444892e-07,5.567127573158359e-06
1280,80,0.00010144858970306814,1.0998553534591338e-06,7.932188964332454e-06,1.1743829418264795e-05,1.4105098671279848e-06,2.677223847058485e-07,6.389039299392607e-06
1281,80,0.00011892183101736009,9.085382544071763e-07,1.849687032517977e-05,1.2812062777811661e-05,2.3695442905591335e-06,2.8395859885677055e-07,6.01693318458274e-06
1282,80,0.00012775063805747777,1.2729664149446762e-06,2.4096381821436808e-05,1.221555703523336e-05,1.5684220215916866e-06,3.973320303884975e-07,7.050819476717152e-06
1283,80,0.0001264257007278502,8.606005508227099e-07,2.400374796707183e-05,1.3615828720503487e-05,2.355715423618676e-06,2.1460222399127815e-07,6.224235676199896e-06
1284,80,0.00011574137897696346,1.140432459578733e-06,1.6643392882542685e-05,1.1470052413642406e-05,1.6300889456033474e-06,2.9069619245092326e-07,6.727965228492394e-06
1285,80,0.00010121798550244421,9.015410569190863e-07,9.75722105067689e-06,1.2190274901513476e-05,1.8799161125571118e-06,2.0056666016898816e-07,5.756412065238692e-06
1286,80,9.089033846976236e-05,1.0599793540677638e-06,4.395625182951335e-06,1.1266821275057737e-05,1.3451915492623812e-06,2.417486086869758e-07,5.8298510339227505e-06
1287,80,8.772136061452329e-05,9.618263447919162e-07,2.6509480903769145e-06,1.1618854841799475e-05,1.453665049666597e-06,2.1759508683771855e-07,5.577712727244943e-06
1288,80,9.041962766787037e-05,9.254645760847779e-07,4.546273885353003e-06,1.1808912859123666e-05,1.5461722568943514e-06,2.1453583087804873e-07,5.553189566853689e-06
1289,80,9.773352940101177e-05,1.0982292906192015e-06,8.011652425921056e-06,1.1436029126343783e-05,1.315757117481553e-06,2.7005407332580944e-07,6.132951511972351e-06
1290,80,0.00010238140384899452,8.489561764690734e-07,1.1097596143372357e-05,1.2006445103907026e-05,1.948198587342631e-06,1.9611586310475104e-07,5.698525910702301e-06
1291,80,0.00010486607789061964,1.0704433179853368e-06,1.138555489887949e-05,1.1219350199098699e-05,1.4196833717505797e-06,2.473829283644591e-07,6.452007255575154e-06
1292,80,0.00010205218859482557,8.63238255988108e-07,1.0533011845836882e-05,1.2268788850633428e-05,1.903549446069519e-06,1.803885254503257e-07,5.754776339017553e-06
1293,80,9.677147318143398e-05,1.0707199180615135e-06,8.045351933105849e-06,1.0823914635693654e-05,1.328568487224402e-06,2.652930106705753e-07,6.089286671340233e-06
1294,80,9.12449904717505e-05,8.638994586362969e-07,5.711831818189239e-06,1.1137475667055696e-05,1.5910211459413404e-06,2.1239135605810588e-07,5.549765774048865e-06
1295,80,8.708550740266219e-05,9.630097110857605e-07,2.931011295004282e-06,1.1272536539763678e-05,1.2627519936359022e-06,2.0985382320759527e-07,5.719289219996426e-06
1296,80,8.580897701904178e-05,9.569147323418292e-07,2.400980520178564e-06,1.1134236046927981e-05,1.3398865803537774e-06,2.0274774215067737e-07,5.589050033449894e-06
1297,80,8.683356281835586e-05,8.809481641947059e-07,2.936366854555672e-06,1.0962345186271705e-05,1.4702150110679213e-06,1.9170700227277848e-07,5.54346888748114e-06
1298,80,8.908020390663296e-05,9.369654208057909e-07,3.848542291962076e-06,1.0879634828597773e-05,1.2767123962476035e-06,2.0056852179095586e-07,5.8642249314289074e-06
1299,80,9.149588004220277e-05,8.615656383881287e-07,5.7140855460602324e-06,1.1695628927554935e-05,1.5552440117971855e-06,1.740185098242364e-07,5.59319823878468e-06
1300,80,9.265605331165716e-05,1.014438225865888e-06,6.614271114813164e-06,1.0803191798913758e-05,1.2747598248097347e-06,2.3228277257203445e-07,5.9153726397198625e-06
1301,80,8.458174852421507e-05,7.802429422554269e-07,2.5826234377746005e-06,9.875222531263717e-06,1.3570331702794647e-06,1.7619696279780328e-07,5.6011353990470525e-06
1302,80,8.182339661289006e-05,7.196100000328443e-07,2.775439725155593e-06,9.82159599516308e-06,1.3617272998089902e-06,2.1631713309488987e-07,5.2726309149875306e-06
1303,80,7.773178367642686e-05,6.498333959825686e-07,3.4778909139276948e-06,9.820009836403187e-06,1.2320717814873205e-06,1.541875462862663e-07,4.992145932192216e-06
1304,80,7.432127313222736e-05,7.308972271857783e-07,4.140509190619923e-06,1.0033930266217794e-05,1.1984546972598764e-06,1.2702140850251453e-07,4.616117166733602e-06
1305,80,7.054499292280525e-05,7.866603368711367e-07,4.456722308532335e-06,1.0803869372466579e-05,1.2723479585474706e-06,1.0878885348120093e-07,4.06863773605437e-06
1306,80,6.855459650978446e-05,8.314622732541466e-07,4.745569640363101e-06,1.0301276233803947e-05,1.2006487395410659e-06,9.890430163750352e-08,3.968075816374039e-06
1307,80,6.655889592366293e-05,1.0195092272624606e-06,4.7399039431184065e-06,1.0630736142047681e-05,1.2182861155451974e-06,8.236158066665666e-08,3.7162265016377205e-06
1308,80,6.459149881266057e-05,9.748779348228709e-07,4.893437107966747e-06,1.1844932487292681e-05,1.152640606960631e-06,6.943440666873357e-08,3.465750523901079e-06
1309,80,6.310939352260903e-05,9.710073527458007e-07,4.809984147868818e-06,1.1674566849251278e-05,1.0911155641224468e-06,6.443983124881925e-08,3.409827968425816e-06
1310,80,6.112352275522426e-05,1.2109574072383111e-06,5.0112521421397105e-06,1.170010455098236e-05,1.10145526832639e-06,4.502352624058403e-08,3.1736424261907814e-06
1311,80,5.866857463843189e-05,1.2867915302194888e-06,5.181567757972516e-06,1.1113871551060583e-05,1.0583296443655854e-06,4.329003644443219e-08,3.0070145839999896e-06
1312,80,5.683297786163166e-05,1.2554364730021916e-06,5.278342086967314e-06,1.0511640539334621e-05,1.038080995385826e-06,4.920729068658147e-08,2.891467829613248e-06
1313,80,5.5093045375542715e-05,1.2131200719522894e-06,5.333531589712948e-06,1.0839382412086707e-05,9.428997600480216e-07,5.270367964271827e-08,2.7750977551477263e-06
1314,80,5.362654337659478e-05,1.3244414276414318e-06,5.235171556705609e-06,1.0541746632952709e-05,9.529296107757546e-07,4.757927030141218e-08,2.652009243320208e-06
1315,80,5.243168197921477e-05,1.2803104709746549e-06,5.118822173244553e-06,1.0404143722553272e-05,8.8020897237584e-07,3.7879349434888354e-08,2.6447521577210864e-06
1316,80,5.1009577873628587e-05,1.2502741810749285e-06,4.7467246986343525e-06,1.0430985639686696e-05,9.242226042260882e-07,4.030638223184724e-08,2.493630290700821e-06
1317,80,4.907618131255731e-05,1.1482026138764923e-06,4.5365259211394005e-06,1.0341169399907812e-05,9.270246437154128e-07,6.254483508882913e-08,2.3154591417551273e-06
1318,80,4.7632347559556365e-05,1.0094321396536543e-06,3.9773349271854386e-06,1.0203201782132965e-05,9.100672286876943e-07,8.441810450676712e-08,2.249752697025542e-06
1319,80,4.6583580115111545e-05,1.1180317187609035e-06,3.860484412143705e-06,1.0000611837313045e-05,9.01395367236546e-07,7.157440506944113e-08,2.1874755020689918e-06
1320,80,4.522229573922232e-05,1.0829645589183201e-06,3.7540703488048166e-06,9.626024620956741e-06,9.059275498657371e-07,6.836454957692695e-08,2.1016314804001013e-06
1321,80,4.430903936736286e-05,1.1370157153578475e-06,3.5660311823448865e-06,9.853431947703939e-06,8.818622063699877e-07,5.967120131344927e-08,2.033722694250173e-06
1322,80,4.346573768998496e-05,1.0446809710629168e-06,3.4519505334174028e-06,9.696362212707754e-06,8.942249678511871e-07,6.838532584652057e-08,1.964664079423528e-06
1323,80,4.270723366062157e-05,1.0404969543742482e-06,3.4181725823145825e-06,9.520939784124494e-06,8.751329687584075e-07,6.206914093809246e-08,1.9355602489667945e-06
1324,80,4.185352008789778e-05,1.1168129958605277e-06,3.3185335723828757e-06,9.771467375685461e-06,8.802942375041312e-07,5.208895359487542e-08,1.8322871255804785e-06
1325,80,4.1151193727273494e-05,9.833893273025751e-07,3.145897608192172e-06,1.0109813956660219e-05,8.672369631312904e-07,5.294841898262348e-08,1.771024017216405e-06
1326,80,4.0459617594024166e-05,9.247211210094974e-07,2.920599627032061e-06,1.0298012057319283e-05,8.51743948260264e-07,6.095676496897795e-08,1.7189277059515007e-06
1327,80,3.9918006223160774e-05,8.994600193545921e-07,2.7746998512157006e-06,1.0045442650152836e-05,8.474663673041505e-07,5.833367922036814e-08,1.7140401951110107e-06
1328,80,3.9503567677456886e-05,8.763281584833749e-07,2.7534429136721883e-06,9.950651474355254e-06,8.470123020742903e-07,5.244372403012676e-08,1.6928586319409078e-06
1329,80,3.909141378244385e-05,8.880214750206505e-07,2.6999396141036414e-06,9.979353308153804e-06,8.444852142019954e-07,4.987235513453925e-08,1.658052610764571e-06
1330,80,3.8733225665055215e-05,8.582875921092636e-07,2.6031937068182742e-06,9.667615813668817e-06,8.559610478187096e-07,5.1789850630257206e-08,1.6526618082934874e-06
1331,80,3.828155968221836e-05,7.79982769927301e-07,2.5564409042999614e-06,9.599361874279566e-06,8.445300068160577e-07,6.089111082019372e-08,1.6291564861603547e-06
1332,80,3.78338954760693e-05,8.363720098714111e-07,2.3785314624547027e-06,9.564903848513495e-06,8.74191869115748e-07,5.6988724850270955e-08,1.5742283494546427e-06
1333,80,3.7406469346024096e-05,8.390608741137839e-07,2.3023112589726225e-06,9.547849913360551e-06,8.375051265829825e-07,5.568774952280364e-08,1.5785318510097568e-06
1334,80,3.70493289665319e-05,8.213193041228806e-07,2.1639937131112674e-06,9.6198473329423e-06,8.336309065271053e-07,5.4770911361856633e-08,1.5560151496174512e-06
1335,80,3.672525053843856e-05,8.077783490989532e-07,2.0696118099294836e-06,9.450342076888774e-06,8.305814844788983e-07,5.7786284202165916e-08,1.5513841162828612e-06
1336,80,3.642815136117861e-05,8.755867497711733e-07,1.9820129182335222e-06,9.283385224989615e-06,8.278191216959385e-07,6.008961150882897e-08,1.5408080571432947e-06
1337,80,3.604658195399679e-05,8.945033300733485e-07,1.8969832353832317e-06,9.092871550819837e-06,8.102848596536205e-07,5.227486354897337e-08,1.5536627415713156e-06
1338,80,3.578831092454493e-05,9.030307523971715e-07,1.8464841105014784e-06,9.146981938101817e-06,8.038479109018226e-07,5.37767199659811e-08,1.5315570180973737e-06
1339,80,3.545976505847648e-05,8.745615787120187e-07,1.8176330058849999e-06,9.13549774850253e-06,8.056775868681143e-07,5.591835616769458e-08,1.5016114502941491e-06
1340,80,3.5226537875132635e-05,9.224758628079144e-07,1.7970128283195663e-06,9.111153303820174e-06,8.010671308511519e-07,5.057487229009894e-08,1.4879476566420635e-06
1341,80,3.498326623230241e-05,9.220034939971811e-07,1.7882199472296634e-06,9.055249392986298e-06,7.778075428177544e-07,4.8615248715577764e-08,1.4953566278563812e-06
1342,80,3.4738361136987805e-05,8.789505727690994e-07,1.6815238268463872e-06,9.184574082610197e-06,7.452040335920174e-07,4.987266777334298e-08,1.5042543282106635e-06
1343,80,3.4535740269348025e-05,8.844677950037294e-07,1.6694300484232372e-06,9.152220627584029e-06,7.464108193744323e-07,5.218100440629314e-08,1.4843705002931529e-06
1344,80,3.4358788980171084e-05,8.993121127787163e-07,1.604753151696059e-06,8.805502147879452e-06,7.522262421844061e-07,4.938839026635833e-08,1.5033073168524425e-06
1345,80,3.410143835935742e-05,9.032154935084691e-07,1.583108087288565e-06,8.57439408719074e-06,7.451724854945496e-07,5.0361983028324175e-08,1.5085377071955008e-06
1346,80,3.380560519872233e-05,8.512205909028125e-07,1.513118036200467e-06,8.373162017960567e-06,7.244862558763998e-07,5.535214953056311e-08,1.5269718005583854e-06
1347,80,3.364108852110803e-05,8.989349566945748e-07,1.5055618405312998e-06,8.314865226566326e-06,7.222704425657867e-07,5.0190436695629614e-08,1.5197118727883208e-06
1348,80,3.3489250199636444e-05,9.044762236953829e-07,1.4611023289035074e-06,8.42901772557525e-06,7.13905421889649e-07,4.7869473718265e-08,1.507690626567637e-06
1349,80,3.329892933834344e-05,8.825332997730584e-07,1.4332456430565799e-06,8.514196451869793e-06,7.161659141274868e-07,5.408769254700019e-08,1.4766419553779997e-06
1350,80,3.316683796583675e-05,8.88988324732054e-07,1.4244136536945007e-06,8.658254955662414e-06,7.085376978466229e-07,5.2070635803147525e-08,1.458909878238046e-06
1351,90,0.0022767744958400726,3.6770754832105013e-06,4.4506006815936416e-05,0.00022225557768251747,4.455554153537378e-05,4.126404292037478e-06,0.0001519516226835549
1352,90,0.016829250380396843,1.858738141891081e-05,0.0011616064002737403,0.0015446044271811843,0.0006773525383323431,2.386484993621707e-06,0.0007307062041945755
1353,90,0.0027366462163627148,6.440867309720488e-06,0.0001045405660988763,0.0002678341988939792,0.00014553639630321413,2.563073621786316e-06,8.76836056704633e-05
1354,90,0.037284936755895615,3.871677472488955e-05,0.0025880353059619665,0.0009422473958693445,0.0010500671342015266,3.0324633826239733e-06,0.0023184942547231913
1355,90,0.028517084196209908,1.6439520550193265e-05,0.0024430665653198957,0.000904809741768986,0.00099236611276865,5.965129275864456e-06,0.0015169456601142883
1356,90,0.01861700788140297,0.0001188443202408962,0.0011844726977869868,0.007341287098824978,0.0003943989286199212,1.617459383851383e-05,0.0005866669816896319
1357,90,0.014505565166473389,0.0001227669999934733,0.0014311820268630981,0.0018723030807450414,0.0005196889396756887,1.8395761799183674e-05,0.0005698465975001454
1358,90,0.01765492744743824,1.2057175808877219e-05,0.0015732883475720882,0.0034839843865484,0.0003535214636940509,1.770905510056764e-05,0.0008873292244970798
1359,90,0.014791450463235378,2.608478462207131e-05,0.0004391991242300719,0.003592932131141424,0.00023370097915176302,3.630446008173749e-05,0.0008033179910853505
1360,90,0.013677677139639854,5.152768426341936e-05,0.0017918061930686235,0.0015268196584656835,0.0004979093791916966,4.7034405724843964e-05,0.00048580861766822636
1361,90,0.013541683554649353,3.887099228450097e-05,0.0009184439550153911,0.004466691520065069,0.0003502524923533201,8.825294571579434e-06,0.0004526898846961558
1362,90,0.013423603028059006,2.5512325009913184e-05,0.0015268432907760143,0.00033845173311419785,0.00035565198049880564,2.7600466637522914e-05,0.0007700270507484674
1363,90,0.011181965470314026,3.241472222725861e-05,0.0014836961636319757,0.0005646966747008264,0.00026055314810946584,5.46526862308383e-05,0.0005949099431745708
1364,90,0.012331997975707054,4.680952406488359e-05,0.0005892862100154161,0.0003376660170033574,0.0005515855737030506,1.2246415280969813e-05,0.0005719916080124676
1365,90,0.01045150775462389,4.916018224321306e-05,0.0010731216752901673,0.00034020922612398863,0.0004430381231941283,2.5710707632242702e-05,0.00043015286792069674
1366,90,0.010663220658898354,5.248767774901353e-05,0.00022266841551754624,0.00038695038529112935,0.00031994222081266344,4.039158739033155e-05,0.0006397776305675507
1367,90,0.00903652235865593,1.882638935057912e-05,0.0003634954628068954,0.0001537044154247269,0.00028305771411396563,6.778459919587476e-06,0.0005602134042419493
1368,90,0.00932392943650484,6.692698661936447e-05,0.0006478042923845351,0.0020454302430152893,0.0003010682703461498,3.9430502511095256e-05,0.0003158779873047024
1369,90,0.007104733493179083,6.439471326302737e-05,0.0003775797667913139,0.0006055787089280784,0.00028952182037755847,5.836380660184659e-05,0.0002578323765192181
1370,90,0.010156452655792236,1.581311516929418e-05,0.0006844504969194531,0.0011680623283609748,0.0002014291676459834,3.074491587540251e-06,0.0006243090028874576
1371,90,0.0067427679896354675,5.2392475481610745e-05,0.00043486873619258404,0.00033882929710671306,0.00018973818805534393,2.3756878363201395e-05,0.0003781726991292089
1372,90,0.011790426447987556,3.438297062530182e-05,0.0009423077572137117,0.0020254284609109163,0.00039090769132599235,1.1882865692314226e-05,0.00047604009159840643
1373,90,0.009327184408903122,3.8801314076408744e-05,0.000676354393362999,0.0019074686570093036,0.0003037024871446192,9.414695341547485e-06,0.00035733880940824747
1374,90,0.008884518407285213,2.2774485842091963e-05,0.0007072297157719731,0.0003591860586311668,0.00025752640794962645,2.9642855224665254e-05,0.0004923635278828442
1375,90,0.007765093818306923,1.3763553397438955e-05,0.0005697676097042859,0.0006727237487211823,0.00017529877368360758,1.5855430319788866e-05,0.0004597296938300133
1376,90,0.007986722514033318,5.289254113449715e-05,0.0008280895999632776,0.00065610371530056,0.00032577000092715025,9.596965355740394e-06,0.00030959671130403876
1377,90,0.005981192924082279,4.0625614929012954e-05,0.0006012675003148615,0.0007178379455581307,0.00023084624262992293,1.4228377949621063e-05,0.00021707153064198792
1378,90,0.009478896856307983,2.8669994208030403e-05,0.0008014084305614233,0.0003624554956331849,0.0003041377058252692,7.416572316287784e-06,0.0005170819931663573
1379,90,0.007849414832890034,1.5995054127415642e-05,0.0008064737776294351,0.00029255333356559277,0.0002214852429460734,1.647632416279521e-05,0.00043547770474106073
1380,90,0.007036925759166479,6.289899465627968e-05,0.0005188427167013288,0.0008813008898869157,0.000270803808234632,3.4808101190719754e-05,0.00025177639327012
1381,90,0.006285863928496838,3.819200719590299e-05,0.000550482131075114,0.0006909628282301128,0.0002555793325882405,4.205697678116849e-06,0.00024083766038529575
1382,90,0.007523517590016127,4.222699499223381e-05,0.0005410853191278875,0.00046470825327560306,0.00022225934662856162,2.0200153812766075e-05,0.00040509022073820233
1383,90,0.006329026538878679,2.7939018764300272e-05,0.0004573445185087621,0.0002749850682448596,0.0001988817093661055,5.51993298358866e-06,0.00035247416235506535
1384,90,0.007079469505697489,5.937238529440947e-05,0.0005522948340512812,0.001028296654112637,0.000260695320321247,2.8233293051016517e-05,0.0002550219651311636
1385,90,0.006269615609198809,5.581000732490793e-05,0.000445675483206287,0.0008874369086697698,0.00024006515741348267,2.8927746825502254e-05,0.00021907640621066093
1386,90,0.006243675947189331,2.4432481950498186e-05,0.00042584078619256616,0.00035508841392584145,0.00018085198826156557,1.2891328879049979e-05,0.00035008814302273095
1387,90,0.005139864981174469,3.317426308058202e-05,0.0002427293948130682,0.0003762489650398493,0.0001629235630389303,1.21743332783808e-05,0.0002736733003985137
1388,90,0.007322126533836126,4.2777224734891206e-05,0.0006291656754910946,0.0008096783421933651,0.000269048847258091,1.5266014088410884e-05,0.0002997356350533664
1389,90,0.006100579164922237,5.559306009672582e-05,0.0002946950844489038,0.0009330085595138371,0.00022722127323504537,2.5842748073046096e-05,0.000228664226597175
1390,90,0.005961292423307896,1.5492378224735148e-05,0.000643899489659816,0.0002152124943677336,0.0001736461417749524,7.070816536725033e-06,0.0003279518859926611
1391,90,0.0050851088017225266,2.5667000954854302e-05,0.0002627963258419186,0.00028068546089343727,0.00015387474559247494,1.378785145789152e-05,0.00028393339016474783
1392,90,0.006334745325148106,3.7827710912097245e-05,0.000673511007335037,0.0006163067882880569,0.00024456362007185817,6.934179509698879e-06,0.00024921217118389904
1393,90,0.0052467891946434975,4.9792615754995495e-05,0.0003305130230728537,0.0006317328079603612,0.0002176135458284989,1.3705262063012924e-05,0.00019215622160118073
1394,90,0.006060946267098188,1.4658884538221173e-05,0.0005654340493492782,0.0002671611728146672,0.00018456316320225596,2.3031500404613325e-06,0.00033450289629399776
1395,90,0.005250594113022089,1.8870518033509143e-05,0.00032025296241045,0.00024053806555457413,0.00016813418187666684,6.57551800031797e-06,0.0002923835418187082
1396,90,0.005569555796682835,3.083462797803804e-05,0.00045199316809885204,0.0006879349239170551,0.000199789647012949,7.641146112291608e-06,0.00023244851035997272
1397,90,0.004716789815574884,3.4717882954282686e-05,0.0003104584466200322,0.0005718728643842041,0.0001907448167912662,7.301034202100709e-06,0.00018192821880802512
1398,90,0.0058013759553432465,1.747148962749634e-05,0.0003982202906627208,0.00037045960198156536,0.00017905178538057953,2.5866320356726646e-06,0.00031988401315174997
1399,90,0.004798666574060917,1.735350815579295e-05,0.00029638592968694866,0.0002742110227700323,0.00014987334725447,2.8723172817990417e-06,0.0002683259663172066
1400,90,0.005563743412494659,3.3906300814123824e-05,0.000431455293437466,0.0007676490349695086,0.00020261488680262119,9.662875527283177e-06,0.00022079551126807928
1401,90,0.0046888068318367004,3.465384361334145e-05,0.0003691390447784215,0.0006657391204498708,0.00017899423255585134,1.0573305189609528e-05,0.00017235995619557798
1402,90,0.005346172489225864,1.6355850675608963e-05,0.0003509872476570308,0.0003416418330743909,0.00016704213339835405,3.843756985588698e-06,0.00029283284675329924
1403,90,0.004335656296461821,1.7822290828917176e-05,0.0003383319126442075,0.0002697303134482354,0.00013296777615323663,5.057869657321135e-06,0.00023295152641367167
1404,90,0.005610543303191662,3.529625610099174e-05,0.00032807348179630935,0.000788360892329365,0.0002101351710734889,9.220793799613602e-06,0.00022652529878541827
1405,90,0.004554688930511475,3.143325011478737e-05,0.0003195978933945298,0.0006531310500577092,0.0001727320341160521,1.0881815796892624e-05,0.00017143883451353759
1406,90,0.005214005708694458,1.68759397638496e-05,0.00030992701067589223,0.00035834533628076315,0.0001638580724829808,6.548810233653057e-06,0.0002824788971338421
1407,90,0.004210934974253178,1.4651292985945474e-05,0.0003061143506783992,0.0002775320317596197,0.00012783253623638302,4.29800593337859e-06,0.0002291332057211548
1408,90,0.005385913886129856,4.231082493788563e-05,0.00034444357152096927,0.0007459554472006857,0.00020430731819942594,1.0131736416951753e-05,0.00021088133507873863
1409,90,0.004375957418233156,2.9093436751281843e-05,0.0003426905022934079,0.0006277625216171145,0.00016358477296307683,5.7475099310977384e-06,0.00016830879030749202
1410,90,0.005082815885543823,2.0806159227504395e-05,0.000313890865072608,0.000345465523423627,0.00016246660379692912,9.59391582000535e-06,0.0002682047779671848
1411,90,0.004198790993541479,1.184457778435899e-05,0.0003078346489928663,0.00027975457487627864,0.00012761043035425246,1.9401254576223437e-06,0.00023038517974782735
1412,90,0.0050197080709040165,4.2308012780267745e-05,0.0003272141038905829,0.0006966212531551719,0.00019057159079238772,1.3742464034294244e-05,0.000191042447113432
1413,90,0.0041473424062132835,2.3742533812765032e-05,0.0003054991248063743,0.000591832329519093,0.00015549517411272973,2.8990884857194033e-06,0.00016423259512521327
1414,90,0.00488473754376173,2.401205711066723e-05,0.00028210520395077765,0.0003449251234997064,0.00015769294986966997,1.3327040505828336e-05,0.000252349505899474
1415,90,0.0040378146804869175,9.90944045042852e-06,0.0002470825857017189,0.00028079014737159014,0.00012467503256630152,1.6058658047768404e-06,0.0002237223379779607
1416,90,0.004795699380338192,4.660963168134913e-05,0.00028733903309330344,0.0006767521263100207,0.00018084880139213055,1.8594761058920994e-05,0.00017905631102621555
1417,90,0.003976390231400728,2.2625474230153486e-05,0.0002569300413597375,0.0005842920509167016,0.00014731692499481142,2.940506192317116e-06,0.00016099681670311838
1418,90,0.0046687377616763115,2.7441999918664806e-05,0.00023905122361611575,0.00034071915433742106,0.0001537120551802218,1.7829446733230725e-05,0.00023461102682631463
1419,90,0.0038506872951984406,1.038180198520422e-05,0.00023010349832475185,0.00029321288457140326,0.00011845345579786226,1.847430894486024e-06,0.00021139804448466748
1420,90,0.004653665237128735,4.8180292651522905e-05,0.0002217874425696209,0.0006491728127002716,0.00017704060883261263,2.320533894817345e-05,0.00017320654296781868
1421,90,0.003872055560350418,2.3164200683822855e-05,0.00022927123063709587,0.0005974803352728486,0.00014182057930156589,3.9168990042526275e-06,0.00015647648251615465
1422,90,0.004449984524399042,2.861352368199732e-05,0.00019016486476175487,0.0003143254143651575,0.00015003792941570282,2.181349555030465e-05,0.00021983665646985173
1423,90,0.0036805421113967896,1.100021199818002e-05,0.00019603490363806486,0.00030326374690048397,0.0001137695653596893,2.5449746772210347e-06,0.00020070977916475385
1424,90,0.004524558782577515,5.0196205847896636e-05,0.0002067848399747163,0.0005934148211963475,0.00017328748072031885,2.616554411360994e-05,0.00016796329873614013
1425,90,0.00378340482711792,2.4082048184936866e-05,0.00021309114526957273,0.000596460944507271,0.00013723869051318616,5.16413820150774e-06,0.0001525742409285158
1426,90,0.004263428971171379,3.0246999813243747e-05,0.00018243123486172408,0.00028079180628992617,0.00014711354742757976,2.4333818146260455e-05,0.00020554853836074471
1427,90,0.0035667116753757,1.2646266441151965e-05,0.00019313907250761986,0.0003023873141501099,0.00011110654304502532,3.261295205447823e-06,0.00019148607680108398
1428,90,0.004339777398854494,4.978552897227928e-05,0.00019725313177332282,0.000530639139469713,0.0001681117864791304,2.833609323715791e-05,0.00015976207214407623
1429,90,0.0036297673359513283,2.4094759282888845e-05,0.00021588320669252425,0.0005595022812485695,0.00013244716683402658,5.662079274770804e-06,0.00014491946785710752
1430,90,0.004150549881160259,3.106852091150358e-05,0.00016763302846811712,0.0002591281372588128,0.00014534690126311034,2.6498917577555403e-05,0.0001974261977011338
1431,90,0.003474476048722863,1.2558487469505053e-05,0.00019337786943651736,0.00027922497247345746,0.00011013507901225239,3.480782652331982e-06,0.00018531561363488436
1432,90,0.0041640340350568295,5.0703834858722985e-05,0.00017984599980991334,0.0004999195807613432,0.00016226971638388932,2.9925040507805534e-05,0.00015116170106921345
1433,90,0.0034623867832124233,2.1968133296468295e-05,0.0002071220806101337,0.0005040440009906888,0.00012810724729206413,5.21933088748483e-06,0.000139598676469177
1434,90,0.0040870667435228825,3.357464447617531e-05,0.00016721968131605536,0.0002679309109225869,0.00014352856669574976,2.8520444175228477e-05,0.00018978514708578587
1435,90,0.003408725606277585,1.2175998563179746e-05,0.00019762424926739186,0.00026644449098967016,0.00010987564019160345,3.311236923764227e-06,0.00018006120808422565
1436,90,0.004024619236588478,5.2525447244988754e-05,0.00016853967099450529,0.0004969427827745676,0.00015551422256976366,3.118714448646642e-05,0.0001439597544958815
1437,90,0.003359053283929825,2.087118809868116e-05,0.0002014659985434264,0.0004799888120032847,0.00012403808068484068,4.577240815706318e-06,0.0001370574173051864
1438,90,0.003960867412388325,3.428814306971617e-05,0.00015289515431504697,0.0002759088238235563,0.000138189279823564,3.0413806598517112e-05,0.00018117445870302618
1439,90,0.003291910048574209,1.1481487490527797e-05,0.00018298068607691675,0.0002635587879922241,0.00010620941611705348,2.977324584207963e-06,0.00017420218500774354
1440,90,0.003932645544409752,5.205372872296721e-05,0.00015609970432706177,0.000499070854857564,0.00015043823805171996,3.238264616811648e-05,0.00013972124725114554
1441,90,0.0032763248309493065,1.9008184608537704e-05,0.00018980592722073197,0.0004730215878225863,0.0001199478647322394,4.186520527582616e-06,0.0001353145344182849
1442,90,0.0038382173515856266,3.404874951229431e-05,0.00013822875916957855,0.00028292604838497937,0.00013316157856024802,3.1226969440467656e-05,0.00017391282017342746
1443,90,0.003182836342602968,1.1107553291367367e-05,0.00017183875024784356,0.0002667675435077399,0.00010214995563728735,2.9461205031111604e-06,0.0001682161819189787
1444,90,0.003846686566248536,5.0723323511192575e-05,0.00014848385762888938,0.0005028811283409595,0.00014514623035211116,3.223063322366215e-05,0.0001370829704683274
1445,90,0.0031948299147188663,1.7978562027565204e-05,0.00018574627756606787,0.000475552020361647,0.00011515298683661968,4.339141469245078e-06,0.00013206317089498043
1446,90,0.003746080445125699,3.262887548771687e-05,0.0001322950847679749,0.00029247108614072204,0.00012892845552414656,3.052642205148004e-05,0.000169413659023121
1447,90,0.0031121515203267336,1.144302950706333e-05,0.0001719523424981162,0.00027908888296224177,9.850040078163147e-05,3.4814418086170917e-06,0.0001629848702577874
1448,90,0.0037324342411011457,4.765333142131567e-05,0.0001402433990733698,0.0005013743648305535,0.00013932549336459488,3.0060306016821414e-05,0.00013493052392732352
1449,90,0.0030950901564210653,1.6778489225544035e-05,0.00018138285668101162,0.00047776836436241865,0.00010935914906440303,4.960636488249293e-06,0.00012759627134073526
1450,90,0.0036676833406090736,3.043894139409531e-05,0.00013057360774837434,0.0003031432570423931,0.00012554429122246802,2.743498407653533e-05,0.00016737346595618874
1451,90,0.0005639331648126245,1.2044832146784756e-05,0.00011532313510542735,9.137268352787942e-05,1.7771126294974238e-05,2.8628187465074006e-06,1.3885310181649402e-05
1452,90,0.00020610658975783736,3.9096130421967246e-06,3.080182068515569e-05,3.839456621790305e-05,6.142971869849134e-06,3.7547462738984905e-07,6.781613137718523e-06
1453,90,0.00015061901649460196,3.1623669656255515e-06,2.2602436729357578e-05,2.228658922831528e-05,3.922771611541975e-06,6.514062533824472e-07,5.682585651811678e-06
1454,90,0.00012325197167228907,2.6484242425794946e-06,1.6563719327677973e-05,2.101107020280324e-05,3.33122193296731e-06,5.033413117416785e-07,4.468312909011729e-06
1455,90,0.0001005302183330059,1.8628999214342912e-06,1.3755375221080612e-05,1.5108781553863082e-05,2.4622199816803914e-06,3.410787599023024e-07,4.177017672191141e-06
1456,90,8.545397577108815e-05,1.2775439017786994e-06,1.0717560144257732e-05,1.3391944776230957e-05,1.8192404240835458e-06,2.9652690614057065e-07,3.890925199812045e-06
1457,90,7.569022272946313e-05,1.0330129498470342e-06,8.3842078311136e-06,1.1413100764912087e-05,1.3244448382465634e-06,1.9782180515903747e-07,3.963723884226056e-06
1458,90,6.805755401728675e-05,8.553395218768856e-07,7.5631483014149126e-06,9.495358426647726e-06,1.0945477697532624e-06,1.3512756424916006e-07,3.78469508177659e-06
1459,90,6.123181810835376e-05,5.054425855632871e-07,5.9264352785248775e-06,8.415939191763755e-06,8.874428658600664e-07,1.5010188292308158e-07,3.6008555071020965e-06
1460,90,5.656669236486778e-05,3.814708691152191e-07,4.940966391586699e-06,7.709305464231875e-06,7.117633913367172e-07,1.4566708728125377e-07,3.4960644370585214e-06
1461,90,5.4174910474102944e-05,3.103001233739633e-07,4.7078369789232966e-06,6.897509138070745e-06,6.292063972068718e-07,1.361987074233184e-07,3.4605209293658845e-06
1462,90,5.243724081083201e-05,3.3051537684514187e-07,4.380297013995005e-06,6.3816437432251405e-06,5.819969146614312e-07,1.075585842613691e-07,3.4449228678568034e-06
1463,90,5.0994356570299715e-05,3.9322100064964616e-07,4.171834007138386e-06,6.350623607431771e-06,5.778914555776282e-07,1.0303217834461975e-07,3.3269443520111963e-06
1464,90,4.970573354512453e-05,3.548316271917429e-07,3.996089162683347e-06,6.394178399204975e-06,5.80735502353491e-07,9.825284053022187e-08,3.2170746635529213e-06
1465,90,4.8191799578489736e-05,2.5193565988956834e-07,3.8067785226303386e-06,6.041666438250104e-06,5.380969696489046e-07,1.0386715132426616e-07,3.167177965224255e-06
1466,90,4.7218938561854884e-05,2.5536553494021064e-07,3.541415026120376e-06,5.706762749468908e-06,4.789808372152038e-07,9.211094464944836e-08,3.200447963536135e-06
1467,90,4.579342567012645e-05,2.70782408051673e-07,3.2728291898820316e-06,5.468824383569881e-06,4.790537104781833e-07,8.882413737865136e-08,3.1102210868994007e-06
1468,90,4.4175096263643354e-05,2.3475357124880247e-07,3.054914714084589e-06,5.2442051128309686e-06,5.028825285080529e-07,9.740054451867763e-08,2.9638392788911005e-06
1469,90,4.283512316760607e-05,2.347677110492441e-07,3.010499995070859e-06,4.854172402701806e-06,4.936430286761606e-07,8.743834456481636e-08,2.89248714580026e-06
1470,90,4.16107322962489e-05,2.5816834181568993e-07,2.912922582254396e-06,4.794984306499828e-06,4.510705480242905e-07,8.123675598881164e-08,2.8321583158685826e-06
1471,90,4.0258073568111286e-05,2.7658870749291964e-07,2.9124914817657555e-06,5.0763183025992475e-06,4.402860440677614e-07,8.406088625179109e-08,2.6749205517262453e-06
1472,90,3.885714977513999e-05,2.834145789165632e-07,2.7798948849522276e-06,5.275834610074526e-06,4.0634540710016154e-07,7.964288784023665e-08,2.5658121103333542e-06
1473,90,3.7416579289129004e-05,3.079925079418899e-07,2.535667590564117e-06,4.972389433532953e-06,3.936150392291893e-07,7.81591680265592e-08,2.4882788238755893e-06
1474,90,3.608436600188725e-05,2.624944102080917e-07,2.7141609280079138e-06,4.607471510098549e-06,3.8829261939099524e-07,8.513407578902843e-08,2.3765974219713826e-06
1475,90,3.512488547130488e-05,2.453483318731742e-07,2.6143970899283886e-06,4.567547421174822e-06,3.581149314868526e-07,9.609858864223497e-08,2.3155457711254712e-06
1476,90,3.356424713274464e-05,3.2414504858024884e-07,2.6927352791972226e-06,4.275294486433268e-06,3.397217938072572e-07,9.204340756241436e-08,2.1954419935354963e-06
1477,90,3.207982445019297e-05,3.4607745647008414e-07,2.502506958990125e-06,4.531684226094512e-06,3.5689200217348116e-07,9.636051601091822e-08,2.0167030925222207e-06
1478,90,3.088327503064647e-05,3.6368689393384557e-07,2.7314638373354683e-06,4.749053005070891e-06,3.300458502053516e-07,1.0509613446174626e-07,1.8687653664528625e-06
1479,90,2.952295108116232e-05,3.740524903150799e-07,2.5248195925087202e-06,4.8015735956141725e-06,3.108853263711353e-07,9.929244981776719e-08,1.7720727782943868e-06
1480,90,2.784722892101854e-05,3.714523302278394e-07,2.582533397799125e-06,4.47535148850875e-06,2.8770676863132394e-07,1.0265074479320901e-07,1.6514316030225018e-06
1481,90,2.667049557203427e-05,3.5727191516343737e-07,2.692516545721446e-06,4.365631411928916e-06,2.6065296765409585e-07,1.1107788822073417e-07,1.5537767694695503e-06
1482,90,2.516730091883801e-05,4.150174390815664e-07,2.678527835087152e-06,4.62520119981491e-06,2.359550990149728e-07,1.0559755025951745e-07,1.4033028037374606e-06
1483,90,2.4192124328692444e-05,3.6250818880034785e-07,2.5386150355188875e-06,4.605426511261612e-06,2.4858394453985966e-07,1.0259942939683242e-07,1.3173740853744675e-06
1484,90,2.300705818925053e-05,3.7288054954842664e-07,2.5209603791154223e-06,4.6143409235810395e-06,2.490332349225355e-07,1.0254500892870055e-07,1.198309519168106e-06
1485,90,2.1778869268018752e-05,3.4343784705015423e-07,2.7904102353204507e-06,5.003038040740648e-06,2.446997200422629e-07,1.0092821156604259e-07,1.0185704013565555e-06
1486,90,2.0764764485647902e-05,3.2691991691535804e-07,2.7860712634719675e-06,5.2591972234949935e-06,2.3829488782212138e-07,9.300749326257574e-08,9.079553819901776e-07
1487,90,2.004416091949679e-05,2.724020760069834e-07,2.6887012154475087e-06,5.3236790336086415e-06,2.3431235263160488e-07,8.957219677085959e-08,8.520531764588668e-07
1488,90,1.924039315781556e-05,2.5522001578792697e-07,2.576831093392684e-06,5.158562998985872e-06,2.3738660104299925e-07,8.805601936501262e-08,7.995353712431097e-07
1489,90,1.8524373444961384e-05,2.4717985525057884e-07,2.5585063667676877e-06,4.9273885451839305e-06,2.289823157752835e-07,8.659460348781067e-08,7.635528618266108e-07
1490,90,1.752420939737931e-05,2.3229402756896889e-07,2.5208680654031923e-06,4.867768893745961e-06,2.2057781734474702e-07,9.511003895568138e-08,6.746399208168441e-07
1491,90,1.6365387637051754e-05,1.902261175246167e-07,2.214664164057467e-06,4.85957116325153e-06,1.9741315782084712e-07,1.0100345804175959e-07,6.116760573604552e-07
1492,90,1.5625775631633587e-05,1.6566202987178258e-07,2.225199295935454e-06,5.176842932996806e-06,1.9547132978914306e-07,9.912534437717113e-08,5.112103735882556e-07
1493,90,1.4982744687586091e-05,1.7855590783710795e-07,2.111205276378314e-06,5.365787274058675e-06,1.8038032578715502e-07,9.642606357829209e-08,4.5591326625071815e-07
1494,90,1.4431319868890569e-05,2.158244285510591e-07,1.93232858691772e-06,5.434451395558426e-06,1.6914815148538764e-07,8.255719308181142e-08,4.331661500600603e-07
1495,90,1.4087814633967355e-05,2.1125113391917694e-07,1.8568109680927591e-06,5.3108260544831865e-06,1.6393197199704446e-07,8.479698720975648e-08,4.2216365159220004e-07
1496,90,1.3805715752823744e-05,1.9057351607898454e-07,1.8060744650938432e-06,5.196515758143505e-06,1.6181681417037908e-07,8.439040044549984e-08,4.150480208409135e-07
1497,90,1.3533919627661817e-05,1.8880291463574395e-07,1.748839508763922e-06,5.32528383700992e-06,1.650340379910631e-07,8.626336978068139e-08,3.75801960217359e-07
1498,90,1.3291860341269057e-05,1.7783946759664104e-07,1.6405600717916968e-06,5.18709475727519e-06,1.6366598742934002e-07,9.017180246928547e-08,3.7479887282643176e-07
1499,90,1.3075994502287358e-05,1.7979779443066946e-07,1.5897359162408975e-06,5.22204982189578e-06,1.5740862124857813e-07,8.666395956424822e-08,3.643685033694055e-07
1500,90,1.2954979865753558e-05,1.8726693440385134e-07,1.540339098937693e-06,5.2777581913687754e-06,1.5149407772696577e-07,8.593846700932772e-08,3.5752907479036367e-07
